id;nom;slug;marque;categorie;groupe;origine;raison;fichier_source;niveau_confiance;preuve;image;doublon;prix;sku
"70000000-0000-0000-0000-000070000009";"Rouge de Galilée 2027";"shiloh-rouge-de-galilee-2027-9";"";"Vins";"DUPLICATE_OR_INVALID";"seed-to-supabase";"millésime/année impossible: 2027 | marque non détectée";"seed-to-supabase";"Invalide";"millésime/année impossible: 2027 | marque non détectée";"/images/terminal-3/wines/castel/petit-castel-2020.png";"";"88.00";""
"70000000-0000-0000-0000-000070000022";"Dewar's";"dewar-s-dewar-s-34";"Dewar's";"Spiritueux";"REAL_REVIEW";"seed-to-supabase";"image non spiritueux | sous-catégorie incohérente: DB=RHUM image=Autres vins";"seed-to-supabase";"Probable";"image non spiritueux | sous-catégorie incohérente: DB=RHUM image=Autres vins";"/images/terminal-3/wines/other-brands/wine-other-brand-07.webp";"";"123.00";""
"70000000-0000-0000-0000-000070000023";"Bushmills Blanco";"bushmills-bushmills-blanco-35";"Bushmills";"Spiritueux";"REAL_REVIEW";"seed-to-supabase";"image non spiritueux | sous-catégorie incohérente: DB=TEQUILA image=Autres vins";"seed-to-supabase";"Probable";"image non spiritueux | sous-catégorie incohérente: DB=TEQUILA image=Autres vins";"/images/terminal-3/wines/other-brands/wine-other-brand-08.webp";"";"124.00";""
"70000000-0000-0000-0000-000070000024";"Petit Castel 2034";"galil-mountain-petit-castel-2034-36";"Castel";"Vins";"DUPLICATE_OR_INVALID";"seed-to-supabase";"millésime/année impossible: 2034";"seed-to-supabase";"Invalide";"millésime/année impossible: 2034";"/images/terminal-3/wines/other-brands/wine-other-brand-09.webp";"";"115.00";""
"70000000-0000-0000-0000-000070000025";"Ararat Floral";"ararat-ararat-floral-37";"Ararat";"Spiritueux";"REAL_REVIEW";"seed-to-supabase";"image non spiritueux | sous-catégorie incohérente: DB=GIN image=Autres vins";"seed-to-supabase";"Probable";"image non spiritueux | sous-catégorie incohérente: DB=GIN image=Autres vins";"/images/terminal-3/wines/other-brands/wine-other-brand-10.webp";"";"126.00";""
"70000000-0000-0000-0000-000070000026";"Khvanchkara Coffee";"khvanchkara-khvanchkara-coffee-38";"Khvanchkara";"Spiritueux";"REAL_REVIEW";"seed-to-supabase";"image non spiritueux | sous-catégorie incohérente: DB=LIQUEUR image=Autres vins";"seed-to-supabase";"Probable";"image non spiritueux | sous-catégorie incohérente: DB=LIQUEUR image=Autres vins";"/images/terminal-3/wines/other-brands/wine-other-brand-11.webp";"";"127.00";""
"70000000-0000-0000-0000-000070000027";"Merlot 2037";"shiloh-merlot-2037-39";"";"Vins";"DUPLICATE_OR_INVALID";"seed-to-supabase";"millésime/année impossible: 2037 | marque non détectée";"seed-to-supabase";"Invalide";"millésime/année impossible: 2037 | marque non détectée";"/images/terminal-3/wines/other-brands/wine-other-brand-12.webp";"";"118.00";""
"70000000-0000-0000-0000-000070000028";"Cîroc Distiller's Edition";"ciroc-ciroc-distiller-s-edition-40";"Cîroc";"Spiritueux";"REAL_REVIEW";"seed-to-supabase";"image non spiritueux | sous-catégorie incohérente: DB=WHISKY image=Autres vins";"seed-to-supabase";"Probable";"image non spiritueux | sous-catégorie incohérente: DB=WHISKY image=Autres vins";"/images/terminal-3/wines/other-brands/wine-other-brand-13.webp";"";"129.00";""
"70000000-0000-0000-0000-000070000029";"Beluga";"beluga-beluga-41";"Beluga";"Spiritueux";"REAL_REVIEW";"seed-to-supabase";"image non spiritueux | sous-catégorie incohérente: DB=COGNAC image=Autres vins";"seed-to-supabase";"Probable";"image non spiritueux | sous-catégorie incohérente: DB=COGNAC image=Autres vins";"/images/terminal-3/wines/other-brands/wine-other-brand-14.webp";"";"130.00";""
"70000000-0000-0000-0000-00007000002a";"Syrah 2020";"recanati-syrah-2020-42";"";"Vins";"DEMO_GENERATED";"seed-to-supabase";"marque non détectée";"seed-to-supabase";"Généré";"marque non détectée";"/images/terminal-3/wines/other-brands/wine-other-brand-15.webp";"";"121.00";""
"70000000-0000-0000-0000-00007000002b";"Smirnoff Extra Añejo";"smirnoff-smirnoff-extra-anejo-43";"Smirnoff";"Spiritueux";"REAL_REVIEW";"seed-to-supabase";"image non spiritueux | sous-catégorie incohérente: DB=TEQUILA image=Autres vins";"seed-to-supabase";"Probable";"image non spiritueux | sous-catégorie incohérente: DB=TEQUILA image=Autres vins";"/images/terminal-3/wines/other-brands/wine-other-brand-16.webp";"";"132.00";""
"70000000-0000-0000-0000-00007000002c";"Baileys";"baileys-baileys-44";"Baileys";"Spiritueux";"REAL_REVIEW";"seed-to-supabase";"image non spiritueux | sous-catégorie incohérente: DB=VODKA image=Autres vins";"seed-to-supabase";"Probable";"image non spiritueux | sous-catégorie incohérente: DB=VODKA image=Autres vins";"/images/terminal-3/wines/other-brands/wine-other-brand-17.webp";"";"133.00";""
"70000000-0000-0000-0000-00007000002d";"Rouge de Galilée 2023";"domaine-du-castel-rouge-de-galilee-2023-45";"";"Vins";"DEMO_GENERATED";"seed-to-supabase";"marque non détectée";"seed-to-supabase";"Généré";"marque non détectée";"/images/terminal-3/wines/other-brands/wine-other-brand-18.webp";"";"124.00";""
"70000000-0000-0000-0000-000070000031";"Campari V.S.O.P";"campari-campari-v-s-o-p-49";"Campari";"Spiritueux";"REAL_REVIEW";"seed-to-supabase";"image non spiritueux | sous-catégorie incohérente: DB=COGNAC image=Autres vins";"seed-to-supabase";"Probable";"image non spiritueux | sous-catégorie incohérente: DB=COGNAC image=Autres vins";"/images/terminal-3/wines/other-brands/wine-other-brand-22.webp";"";"138.00";""
"70000000-0000-0000-0000-000070000049";"Grey Goose V.S.O.P";"grey-goose-grey-goose-v-s-o-p-73";"Grey Goose";"Spiritueux";"REAL_REVIEW";"seed-to-supabase";"image non spiritueux | sous-catégorie incohérente: DB=COGNAC image=Autres vins";"seed-to-supabase";"Probable";"image non spiritueux | sous-catégorie incohérente: DB=COGNAC image=Autres vins";"/images/terminal-3/wines/other-brands/wine-other-brand-46.webp";"";"162.00";""
"70000000-0000-0000-0000-00007000004a";"Belvedere Épice";"belvedere-belvedere-epice-74";"";"Spiritueux";"DEMO_GENERATED";"seed-to-supabase";"marque non détectée | image non spiritueux | sous-catégorie incohérente: DB=RHUM image=Autres vins";"seed-to-supabase";"Généré";"marque non détectée | image non spiritueux";"/images/terminal-3/wines/other-brands/wine-other-brand-47.webp";"";"163.00";""
"70000000-0000-0000-0000-00007000004b";"Merlot 2033";"domaine-du-castel-merlot-2033-75";"";"Vins";"DUPLICATE_OR_INVALID";"seed-to-supabase";"millésime/année impossible: 2033 | marque non détectée";"seed-to-supabase";"Invalide";"millésime/année impossible: 2033 | marque non détectée";"/images/terminal-3/wines/other-brands/wine-other-brand-48.webp";"";"94.00";""
"70000000-0000-0000-0000-00007000004c";"Bombay Sapphire Citrus";"bombay-sapphire-bombay-sapphire-citrus-76";"";"Spiritueux";"DEMO_GENERATED";"seed-to-supabase";"marque non détectée | image non spiritueux | sous-catégorie incohérente: DB=VODKA image=Autres vins";"seed-to-supabase";"Généré";"marque non détectée | image non spiritueux";"/images/terminal-3/wines/other-brands/wine-other-brand-49.webp";"";"165.00";""
"70000000-0000-0000-0000-00007000004d";"Tanqueray Floral";"tanqueray-tanqueray-floral-77";"";"Spiritueux";"DEMO_GENERATED";"seed-to-supabase";"marque non détectée | image non spiritueux | sous-catégorie incohérente: DB=GIN image=Autres vins";"seed-to-supabase";"Généré";"marque non détectée | image non spiritueux";"/images/terminal-3/wines/other-brands/wine-other-brand-50.webp";"";"166.00";""
"70000000-0000-0000-0000-00007000004e";"Syrah 2036";"carmel-syrah-2036-78";"";"Vins";"DUPLICATE_OR_INVALID";"seed-to-supabase";"millésime/année impossible: 2036 | marque non détectée";"seed-to-supabase";"Invalide";"millésime/année impossible: 2036 | marque non détectée";"/images/terminal-3/wines/other-brands/wine-other-brand-51.webp";"";"97.00";""
"70000000-0000-0000-0000-000070000050";"Talisker Reserve";"talisker-talisker-reserve-80";"Talisker";"Spiritueux";"REAL_REVIEW";"seed-to-supabase";"image non spiritueux | sous-catégorie incohérente: DB=WHISKY image=Autres vins";"seed-to-supabase";"Probable";"image non spiritueux | sous-catégorie incohérente: DB=WHISKY image=Autres vins";"/images/terminal-3/wines/other-brands/wine-other-brand-53.webp";"";"169.00";""
"70000000-0000-0000-0000-000070000051";"Rouge de Galilée 2019";"galil-mountain-rouge-de-galilee-2019-81";"";"Vins";"DEMO_GENERATED";"seed-to-supabase";"marque non détectée";"seed-to-supabase";"Généré";"marque non détectée";"/images/terminal-3/wines/other-brands/wine-other-brand-54.webp";"";"100.00";""
"70000000-0000-0000-0000-000070000052";"Laphroaig Black";"laphroaig-laphroaig-black-82";"Laphroaig";"Spiritueux";"REAL_REVIEW";"seed-to-supabase";"image non spiritueux | sous-catégorie incohérente: DB=RHUM image=Autres vins";"seed-to-supabase";"Probable";"image non spiritueux | sous-catégorie incohérente: DB=RHUM image=Autres vins";"/images/terminal-3/wines/other-brands/wine-other-brand-55.webp";"";"171.00";""
"70000000-0000-0000-0000-000070000053";"Ardbeg Extra Añejo";"ardbeg-ardbeg-extra-anejo-83";"Ardbeg";"Spiritueux";"REAL_REVIEW";"seed-to-supabase";"image non spiritueux | sous-catégorie incohérente: DB=TEQUILA image=Autres vins";"seed-to-supabase";"Probable";"image non spiritueux | sous-catégorie incohérente: DB=TEQUILA image=Autres vins";"/images/terminal-3/wines/other-brands/wine-other-brand-56.webp";"";"172.00";""
"70000000-0000-0000-0000-000070000055";"Hibiki London Dry";"hibiki-hibiki-london-dry-85";"Hibiki";"Spiritueux";"REAL_REVIEW";"seed-to-supabase";"image non spiritueux | sous-catégorie incohérente: DB=GIN image=Autres vins";"seed-to-supabase";"Probable";"image non spiritueux | sous-catégorie incohérente: DB=GIN image=Autres vins";"/images/terminal-3/wines/other-brands/wine-other-brand-58.webp";"";"174.00";""
"70000000-0000-0000-0000-000070000056";"Nikka Cream";"nikka-nikka-cream-86";"Nikka";"Spiritueux";"REAL_REVIEW";"seed-to-supabase";"image non spiritueux | sous-catégorie incohérente: DB=LIQUEUR image=Autres vins";"seed-to-supabase";"Probable";"image non spiritueux | sous-catégorie incohérente: DB=LIQUEUR image=Autres vins";"/images/terminal-3/wines/other-brands/wine-other-brand-59.webp";"";"175.00";""
"70000000-0000-0000-0000-000070000057";"Viognier 2025";"recanati-viognier-2025-87";"";"Vins";"DEMO_GENERATED";"seed-to-supabase";"marque non détectée";"seed-to-supabase";"Généré";"marque non détectée";"/images/terminal-3/wines/other-brands/wine-other-brand-60.webp";"";"106.00";""
"70000000-0000-0000-0000-000070000058";"Canadian Club Double Wood";"canadian-club-canadian-club-double-wood-88";"Canadian Club";"Spiritueux";"REAL_REVIEW";"seed-to-supabase";"sous-catégorie incohérente: DB=WHISKY image=Whisky";"seed-to-supabase";"Probable";"sous-catégorie incohérente: DB=WHISKY image=Whisky";"/images/terminal-3/spirits/whisky/00214378-8FB5-452E-85CC-013C94F2B50D.PNG";"";"177.00";""
"70000000-0000-0000-0000-000070000059";"Ballantine's";"ballantine-s-ballantine-s-89";"Ballantine's";"Spiritueux";"REAL_REVIEW";"seed-to-supabase";"sous-catégorie incohérente: DB=COGNAC image=Whisky";"seed-to-supabase";"Probable";"sous-catégorie incohérente: DB=COGNAC image=Whisky";"/images/terminal-3/spirits/whisky/008910D1-19DA-4E9D-B589-D05E2EE48CDA.PNG";"";"178.00";""
"70000000-0000-0000-0000-00007000005a";"Petit Castel 2028";"domaine-du-castel-petit-castel-2028-90";"Castel";"Vins";"DUPLICATE_OR_INVALID";"seed-to-supabase";"millésime/année impossible: 2028 | image non vin";"seed-to-supabase";"Invalide";"millésime/année impossible: 2028 | image non vin";"/images/terminal-3/spirits/whisky/01A5E5C6-92D5-4B38-9066-24326ABBEF3E.PNG";"";"109.00";""
"70000000-0000-0000-0000-00007000005b";"Teacher's Reposado";"teacher-s-teacher-s-reposado-91";"Teacher's";"Spiritueux";"REAL_REVIEW";"seed-to-supabase";"sous-catégorie incohérente: DB=TEQUILA image=Whisky";"seed-to-supabase";"Probable";"sous-catégorie incohérente: DB=TEQUILA image=Whisky";"/images/terminal-3/spirits/whisky/0216C248-EBE4-4501-8D8C-983424AECBC8.PNG";"";"180.00";""
"70000000-0000-0000-0000-00007000005c";"Dewar's Vanilla";"dewar-s-dewar-s-vanilla-92";"Dewar's";"Spiritueux";"REAL_REVIEW";"seed-to-supabase";"sous-catégorie incohérente: DB=VODKA image=Whisky";"seed-to-supabase";"Probable";"sous-catégorie incohérente: DB=VODKA image=Whisky";"/images/terminal-3/spirits/whisky/02D73CCC-2ADF-4298-AF47-06A94ABF6227.PNG";"";"181.00";""
"70000000-0000-0000-0000-00007000005d";"Merlot 2031";"carmel-merlot-2031-93";"";"Vins";"DUPLICATE_OR_INVALID";"seed-to-supabase";"millésime/année impossible: 2031 | marque non détectée | image non vin";"seed-to-supabase";"Invalide";"millésime/année impossible: 2031 | marque non détectée";"/images/terminal-3/spirits/whisky/032D6722-04F1-4E8C-BEB6-913E3B0341CC.PNG";"";"112.00";""
"70000000-0000-0000-0000-00007000005e";"Tullamore Dew";"tullamore-dew-tullamore-dew-94";"";"Spiritueux";"DEMO_GENERATED";"seed-to-supabase";"marque non détectée | sous-catégorie incohérente: DB=LIQUEUR image=Whisky";"seed-to-supabase";"Généré";"marque non détectée | sous-catégorie incohérente: DB=LIQUEUR image=Whisky";"/images/terminal-3/spirits/whisky/045E0455-01F9-4B08-A914-F8CA77936AC4.PNG";"";"183.00";""
"70000000-0000-0000-0000-00007000005f";"Ararat Elite";"ararat-ararat-elite-95";"Ararat";"Spiritueux";"REAL_REVIEW";"seed-to-supabase";"sous-catégorie incohérente: DB=ARAK image=Whisky";"seed-to-supabase";"Probable";"sous-catégorie incohérente: DB=ARAK image=Whisky";"/images/terminal-3/spirits/whisky/06EE596B-600F-46AB-B4E7-A7F65BFAAC64.PNG";"";"184.00";""
"70000000-0000-0000-0000-000070000060";"Syrah 2034";"galil-mountain-syrah-2034-96";"";"Vins";"DUPLICATE_OR_INVALID";"seed-to-supabase";"millésime/année impossible: 2034 | marque non détectée | image non vin";"seed-to-supabase";"Invalide";"millésime/année impossible: 2034 | marque non détectée";"/images/terminal-3/spirits/whisky/0AD0493E-3635-43A4-B063-5615D9D0AD13.PNG";"";"115.00";""
"70000000-0000-0000-0000-000070000061";"Ketel One V.S.O.P";"ketel-one-ketel-one-v-s-o-p-97";"";"Spiritueux";"DEMO_GENERATED";"seed-to-supabase";"marque non détectée | sous-catégorie incohérente: DB=COGNAC image=Whisky";"seed-to-supabase";"Généré";"marque non détectée | sous-catégorie incohérente: DB=COGNAC image=Whisky";"/images/terminal-3/spirits/whisky/0B5C2BCC-9FD1-4B9F-B620-A83774C63CF6.PNG";"";"186.00";""
"70000000-0000-0000-0000-000070000062";"Cîroc 7 ans";"ciroc-ciroc-7-ans-98";"Cîroc";"Spiritueux";"REAL_REVIEW";"seed-to-supabase";"sous-catégorie incohérente: DB=RHUM image=Whisky";"seed-to-supabase";"Probable";"sous-catégorie incohérente: DB=RHUM image=Whisky";"/images/terminal-3/spirits/whisky/0BA32B72-9931-45B2-97C4-4BFA3AB4AEA4.PNG";"";"187.00";""
"70000000-0000-0000-0000-000070000063";"Rouge de Galilée 2037";"shiloh-rouge-de-galilee-2037-99";"";"Vins";"DUPLICATE_OR_INVALID";"seed-to-supabase";"millésime/année impossible: 2037 | marque non détectée | image non vin";"seed-to-supabase";"Invalide";"millésime/année impossible: 2037 | marque non détectée";"/images/terminal-3/spirits/whisky/0CF6C389-B1D2-48E8-AC37-B343896B8BC4.PNG";"";"118.00";""
"70000000-0000-0000-0000-000070000067";"Kahlúa Anisé";"kahlua-kahlua-anise-103";"Kahlúa";"Spiritueux";"REAL_REVIEW";"seed-to-supabase";"sous-catégorie incohérente: DB=ARAK image=Whisky";"seed-to-supabase";"Probable";"sous-catégorie incohérente: DB=ARAK image=Whisky";"/images/terminal-3/spirits/whisky/162CE014-C62A-408C-AF3F-711BD4E5D7A2.PNG";"";"192.00";""
"70000000-0000-0000-0000-00007000003d";"Johnnie Walker Navy Strength";"johnnie-walker-johnnie-walker-navy-strength-61";"Johnnie Walker";"Spiritueux";"REAL_REVIEW";"seed-to-supabase";"image non spiritueux | sous-catégorie incohérente: DB=GIN image=Autres vins";"seed-to-supabase";"Probable";"image non spiritueux | sous-catégorie incohérente: DB=GIN image=Autres vins";"/images/terminal-3/wines/other-brands/wine-other-brand-34.webp";"";"150.00";""
"70000000-0000-0000-0000-00007000003e";"Jack Daniel's Orange";"jack-daniel-s-jack-daniel-s-orange-62";"Jack Daniel's";"Spiritueux";"REAL_REVIEW";"seed-to-supabase";"image non spiritueux | sous-catégorie incohérente: DB=LIQUEUR image=Autres vins";"seed-to-supabase";"Probable";"image non spiritueux | sous-catégorie incohérente: DB=LIQUEUR image=Autres vins";"/images/terminal-3/wines/other-brands/wine-other-brand-35.webp";"";"151.00";""
"70000000-0000-0000-0000-00007000003f";"Rouge de Galilée 2021";"carmel-rouge-de-galilee-2021-63";"";"Vins";"DEMO_GENERATED";"seed-to-supabase";"marque non détectée";"seed-to-supabase";"Généré";"marque non détectée";"/images/terminal-3/wines/other-brands/wine-other-brand-36.webp";"";"82.00";""
"70000000-0000-0000-0000-000070000040";"Hennessy 15 ans";"hennessy-hennessy-15-ans-64";"Hennessy";"Spiritueux";"REAL_REVIEW";"seed-to-supabase";"image non spiritueux | sous-catégorie incohérente: DB=WHISKY image=Autres vins";"seed-to-supabase";"Probable";"image non spiritueux | sous-catégorie incohérente: DB=WHISKY image=Autres vins";"/images/terminal-3/wines/other-brands/wine-other-brand-37.webp";"";"153.00";""
"70000000-0000-0000-0000-000070000041";"Remy Martin";"remy-martin-remy-martin-65";"Remy Martin";"Spiritueux";"REAL_REVIEW";"seed-to-supabase";"image non spiritueux | sous-catégorie incohérente: DB=COGNAC image=Autres vins";"seed-to-supabase";"Probable";"image non spiritueux | sous-catégorie incohérente: DB=COGNAC image=Autres vins";"/images/terminal-3/wines/other-brands/wine-other-brand-38.webp";"";"154.00";""
"70000000-0000-0000-0000-000070000042";"Rosé 2024";"galil-mountain-rose-2024-66";"";"Vins";"DEMO_GENERATED";"seed-to-supabase";"marque non détectée";"seed-to-supabase";"Généré";"marque non détectée";"/images/terminal-3/wines/other-brands/wine-other-brand-39.webp";"";"85.00";""
"70000000-0000-0000-0000-000070000043";"Havana Club Añejo";"havana-club-havana-club-anejo-67";"";"Spiritueux";"DEMO_GENERATED";"seed-to-supabase";"marque non détectée | image non spiritueux | sous-catégorie incohérente: DB=TEQUILA image=Autres vins";"seed-to-supabase";"Généré";"marque non détectée | image non spiritueux";"/images/terminal-3/wines/other-brands/wine-other-brand-40.webp";"";"156.00";""
"70000000-0000-0000-0000-000070000044";"Bacardi Berry";"bacardi-bacardi-berry-68";"";"Spiritueux";"DEMO_GENERATED";"seed-to-supabase";"marque non détectée | image non spiritueux | sous-catégorie incohérente: DB=VODKA image=Autres vins";"seed-to-supabase";"Généré";"marque non détectée | image non spiritueux";"/images/terminal-3/wines/other-brands/wine-other-brand-41.webp";"";"157.00";""
"70000000-0000-0000-0000-000070000045";"Viognier 2027";"shiloh-viognier-2027-69";"";"Vins";"DUPLICATE_OR_INVALID";"seed-to-supabase";"millésime/année impossible: 2027 | marque non détectée";"seed-to-supabase";"Invalide";"millésime/année impossible: 2027 | marque non détectée";"/images/terminal-3/wines/other-brands/wine-other-brand-42.webp";"";"88.00";""
"70000000-0000-0000-0000-000070000046";"Don Julio Original";"don-julio-don-julio-original-70";"Don Julio";"Spiritueux";"REAL_REVIEW";"seed-to-supabase";"image non spiritueux | sous-catégorie incohérente: DB=LIQUEUR image=Autres vins";"seed-to-supabase";"Probable";"image non spiritueux | sous-catégorie incohérente: DB=LIQUEUR image=Autres vins";"/images/terminal-3/wines/other-brands/wine-other-brand-43.webp";"";"159.00";""
"70000000-0000-0000-0000-0000700001ce";"Rosé 2018";"recanati-rose-2018-462";"";"Vins";"DEMO_GENERATED";"seed-to-supabase";"marque non détectée | image non vin";"seed-to-supabase";"Généré";"marque non détectée | image non vin";"/images/terminal-3/spirits/whisky/9E904A9F-64E3-4ED1-852F-95C799539067.PNG";"";"121.00";""
"70000000-0000-0000-0000-0000700001cf";"Jägermeister Anisé";"jagermeister-jagermeister-anise-463";"Jägermeister";"Spiritueux";"REAL_REVIEW";"seed-to-supabase";"sous-catégorie incohérente: DB=ARAK image=Whisky";"seed-to-supabase";"Probable";"sous-catégorie incohérente: DB=ARAK image=Whisky";"/images/terminal-3/spirits/whisky/9F77F0EB-4EC5-46EC-9DD8-78168CAB153E.PNG";"";"102.00";""
"70000000-0000-0000-0000-0000700001d0";"Chivas Regal 18 ans";"chivas-regal-chivas-regal-18-ans-464";"Chivas Regal";"Spiritueux";"REAL_REVIEW";"seed-to-supabase";"sous-catégorie incohérente: DB=WHISKY image=Whisky";"seed-to-supabase";"Probable";"sous-catégorie incohérente: DB=WHISKY image=Whisky";"/images/terminal-3/spirits/whisky/A1BE37C8-7AEB-4A4F-961F-E275B3DE5406.PNG";"";"103.00";""
"70000000-0000-0000-0000-0000700001d1";"Viognier 2021";"domaine-du-castel-viognier-2021-465";"";"Vins";"DEMO_GENERATED";"seed-to-supabase";"marque non détectée | image non vin";"seed-to-supabase";"Généré";"marque non détectée | image non vin";"/images/terminal-3/spirits/whisky/A63FCAF5-DECE-4566-BCD7-1C496C3F7FF8.PNG";"";"124.00";""
"70000000-0000-0000-0000-0000700001d2";"Glenlivet Épice";"glenlivet-glenlivet-epice-466";"";"Spiritueux";"DEMO_GENERATED";"seed-to-supabase";"marque non détectée | sous-catégorie incohérente: DB=RHUM image=Whisky";"seed-to-supabase";"Généré";"marque non détectée | sous-catégorie incohérente: DB=RHUM image=Whisky";"/images/terminal-3/spirits/whisky/A86F32E6-6E4F-46D8-83D7-2ABF7EAF587F.PNG";"";"105.00";""
"70000000-0000-0000-0000-0000700001d3";"Johnnie Walker Añejo";"johnnie-walker-johnnie-walker-anejo-467";"Johnnie Walker";"Spiritueux";"REAL_REVIEW";"seed-to-supabase";"sous-catégorie incohérente: DB=TEQUILA image=Whisky";"seed-to-supabase";"Probable";"sous-catégorie incohérente: DB=TEQUILA image=Whisky";"/images/terminal-3/spirits/whisky/AAF9C2CF-8ECC-4F0A-8DED-214761702F6B.PNG";"";"106.00";""
"70000000-0000-0000-0000-0000700001d4";"Petit Castel 2024";"carmel-petit-castel-2024-468";"Castel";"Vins";"REAL_REVIEW";"seed-to-supabase";"image non vin";"seed-to-supabase";"Probable";"image non vin";"/images/terminal-3/spirits/whisky/AE95F99F-A871-4EF0-8768-9A328E660EF4.PNG";"";"127.00";""
"70000000-0000-0000-0000-0000700001d5";"Jameson";"jameson-jameson-469";"Jameson";"Spiritueux";"REAL_REVIEW";"seed-to-supabase";"sous-catégorie incohérente: DB=GIN image=Whisky";"seed-to-supabase";"Probable";"sous-catégorie incohérente: DB=GIN image=Whisky";"/images/terminal-3/spirits/whisky/B1B375EE-EBA9-459E-AC86-D1F5E1B8AE41.PNG";"";"108.00";""
"70000000-0000-0000-0000-0000700001d6";"Hennessy Original";"hennessy-hennessy-original-470";"Hennessy";"Spiritueux";"REAL_REVIEW";"seed-to-supabase";"sous-catégorie incohérente: DB=LIQUEUR image=Whisky";"seed-to-supabase";"Probable";"sous-catégorie incohérente: DB=LIQUEUR image=Whisky";"/images/terminal-3/spirits/whisky/B6831122-11DE-4879-9E9A-B6CAD0E68C3C.PNG";"";"109.00";""
"70000000-0000-0000-0000-0000700001d7";"Merlot 2027";"galil-mountain-merlot-2027-471";"";"Vins";"DUPLICATE_OR_INVALID";"seed-to-supabase";"millésime/année impossible: 2027 | marque non détectée | image non vin";"seed-to-supabase";"Invalide";"millésime/année impossible: 2027 | marque non détectée";"/images/terminal-3/spirits/whisky/B7497B7E-9EA2-4210-A1F1-9AFF4E6EC573.PNG";"";"130.00";""
"70000000-0000-0000-0000-000070000000";"Petit Castel 2018";"domaine-du-castel-petit-castel-2018-0";"Castel";"Vins";"REAL_REVIEW";"seed-to-supabase";"image non vin";"seed-to-supabase";"Probable";"image non vin";"/images/terminal-3/spirits/whisky/spirit-whisky-03.webp";"";"79.00";""
"70000000-0000-0000-0000-000070000068";"Amarula";"amarula-amarula-104";"";"Spiritueux";"DEMO_GENERATED";"seed-to-supabase";"marque non détectée | sous-catégorie incohérente: DB=WHISKY image=Whisky";"seed-to-supabase";"Généré";"marque non détectée | sous-catégorie incohérente: DB=WHISKY image=Whisky";"/images/terminal-3/spirits/whisky/189C477C-FCB7-4C4D-9ED7-FA6E100B51AA.PNG";"";"193.00";""
"70000000-0000-0000-0000-000070000069";"Viognier 2023";"domaine-du-castel-viognier-2023-105";"";"Vins";"DEMO_GENERATED";"seed-to-supabase";"marque non détectée | image non vin";"seed-to-supabase";"Généré";"marque non détectée | image non vin";"/images/terminal-3/spirits/whisky/189D6506-2FAB-4091-8442-67603A0794E7.PNG";"";"124.00";""
"70000000-0000-0000-0000-00007000006a";"Grand Marnier 12 ans";"grand-marnier-grand-marnier-12-ans-106";"Grand Marnier";"Spiritueux";"REAL_REVIEW";"seed-to-supabase";"sous-catégorie incohérente: DB=RHUM image=Whisky";"seed-to-supabase";"Probable";"sous-catégorie incohérente: DB=RHUM image=Whisky";"/images/terminal-3/spirits/whisky/19816E7C-9BD9-4FF6-AF62-4476A85BA298.PNG";"";"195.00";""
"70000000-0000-0000-0000-00007000006b";"Campari Añejo";"campari-campari-anejo-107";"Campari";"Spiritueux";"REAL_REVIEW";"seed-to-supabase";"sous-catégorie incohérente: DB=TEQUILA image=Whisky";"seed-to-supabase";"Probable";"sous-catégorie incohérente: DB=TEQUILA image=Whisky";"/images/terminal-3/spirits/whisky/1A00FB52-B489-47EE-8D19-93CFA8A82563.PNG";"";"196.00";""
"70000000-0000-0000-0000-000070000077";"Johnnie Walker";"johnnie-walker-johnnie-walker-119";"Johnnie Walker";"Spiritueux";"REAL_REVIEW";"seed-to-supabase";"sous-catégorie incohérente: DB=ARAK image=Whisky";"seed-to-supabase";"Probable";"sous-catégorie incohérente: DB=ARAK image=Whisky";"/images/terminal-3/spirits/whisky/287E003F-9118-4332-B5CF-C63DA4A6DE8A.PNG";"";"208.00";""
"70000000-0000-0000-0000-000070000078";"Rosé 2018";"domaine-du-castel-rose-2018-120";"";"Vins";"DEMO_GENERATED";"seed-to-supabase";"marque non détectée | image non vin";"seed-to-supabase";"Généré";"marque non détectée | image non vin";"/images/terminal-3/spirits/whisky/29678DC5-B774-45F4-A4D7-3E421C71DC4D.PNG";"";"79.00";""
"70000000-0000-0000-0000-000070000079";"Jameson V.S.O.P";"jameson-jameson-v-s-o-p-121";"Jameson";"Spiritueux";"REAL_REVIEW";"seed-to-supabase";"sous-catégorie incohérente: DB=COGNAC image=Whisky";"seed-to-supabase";"Probable";"sous-catégorie incohérente: DB=COGNAC image=Whisky";"/images/terminal-3/spirits/whisky/2ABCD09A-27EC-40AB-89F6-F5ACFDCE40B1.PNG";"";"210.00";""
"70000000-0000-0000-0000-00007000007a";"Hennessy Blanc";"hennessy-hennessy-blanc-122";"Hennessy";"Spiritueux";"REAL_REVIEW";"seed-to-supabase";"sous-catégorie incohérente: DB=RHUM image=Whisky";"seed-to-supabase";"Probable";"sous-catégorie incohérente: DB=RHUM image=Whisky";"/images/terminal-3/spirits/whisky/2B055468-CF51-45B8-9E17-988239EA8AC2.PNG";"";"211.00";""
"70000000-0000-0000-0000-00007000007b";"Viognier 2021";"carmel-viognier-2021-123";"";"Vins";"DEMO_GENERATED";"seed-to-supabase";"marque non détectée | image non vin";"seed-to-supabase";"Généré";"marque non détectée | image non vin";"/images/terminal-3/spirits/whisky/2B4D298F-8878-42F2-88DB-6903277515CE.PNG";"";"82.00";""
"70000000-0000-0000-0000-00007000007c";"Courvoisier";"courvoisier-courvoisier-124";"";"Spiritueux";"DEMO_GENERATED";"seed-to-supabase";"marque non détectée | sous-catégorie incohérente: DB=VODKA image=Whisky";"seed-to-supabase";"Généré";"marque non détectée | sous-catégorie incohérente: DB=VODKA image=Whisky";"/images/terminal-3/spirits/whisky/2C0F3DAF-A217-43A7-B97F-0549DBDB0957.PNG";"";"213.00";""
"70000000-0000-0000-0000-00007000007d";"Havana Club London Dry";"havana-club-havana-club-london-dry-125";"";"Spiritueux";"DEMO_GENERATED";"seed-to-supabase";"marque non détectée | sous-catégorie incohérente: DB=GIN image=Whisky";"seed-to-supabase";"Généré";"marque non détectée | sous-catégorie incohérente: DB=GIN image=Whisky";"/images/terminal-3/spirits/whisky/2DEDFB66-21FE-43A9-B52C-7D05138CC490.PNG";"";"214.00";""
"70000000-0000-0000-0000-00007000007e";"Petit Castel 2024";"galil-mountain-petit-castel-2024-126";"Castel";"Vins";"REAL_REVIEW";"seed-to-supabase";"image non vin";"seed-to-supabase";"Probable";"image non vin";"/images/terminal-3/spirits/whisky/2F699C34-9F32-4727-BA58-0A5242A53131.PNG";"";"85.00";""
"70000000-0000-0000-0000-00007000007f";"Mount Gay Gold";"mount-gay-mount-gay-gold-127";"";"Spiritueux";"DEMO_GENERATED";"seed-to-supabase";"marque non détectée | sous-catégorie incohérente: DB=ARAK image=Whisky";"seed-to-supabase";"Généré";"marque non détectée | sous-catégorie incohérente: DB=ARAK image=Whisky";"/images/terminal-3/spirits/whisky/314198A4-0C3A-4572-A8B1-1D830FA3DC84.PNG";"";"216.00";""
"70000000-0000-0000-0000-000070000080";"Don Julio 18 ans";"don-julio-don-julio-18-ans-128";"Don Julio";"Spiritueux";"REAL_REVIEW";"seed-to-supabase";"sous-catégorie incohérente: DB=WHISKY image=Whisky";"seed-to-supabase";"Probable";"sous-catégorie incohérente: DB=WHISKY image=Whisky";"/images/terminal-3/spirits/whisky/36F8E306-D187-49CF-97E1-B2EF8D8BCF2A.PNG";"";"217.00";""
"70000000-0000-0000-0000-000070000081";"Merlot 2027";"shiloh-merlot-2027-129";"";"Vins";"DUPLICATE_OR_INVALID";"seed-to-supabase";"millésime/année impossible: 2027 | marque non détectée | image non vin";"seed-to-supabase";"Invalide";"millésime/année impossible: 2027 | marque non détectée";"/images/terminal-3/spirits/whisky/3B610CB6-E859-429E-87B1-6DD707A2B709.PNG";"";"88.00";""
"70000000-0000-0000-0000-000070000082";"Jose Cuervo Épice";"jose-cuervo-jose-cuervo-epice-130";"";"Spiritueux";"DEMO_GENERATED";"seed-to-supabase";"marque non détectée | sous-catégorie incohérente: DB=RHUM image=Whisky";"seed-to-supabase";"Généré";"marque non détectée | sous-catégorie incohérente: DB=RHUM image=Whisky";"/images/terminal-3/spirits/whisky/3C338160-3FA4-4022-BBBD-9A16D6D23CA7.PNG";"";"219.00";""
"70000000-0000-0000-0000-000070000083";"Grey Goose Reposado";"grey-goose-grey-goose-reposado-131";"Grey Goose";"Spiritueux";"REAL_REVIEW";"seed-to-supabase";"sous-catégorie incohérente: DB=TEQUILA image=Whisky";"seed-to-supabase";"Probable";"sous-catégorie incohérente: DB=TEQUILA image=Whisky";"/images/terminal-3/spirits/whisky/41F1221A-26BE-4C52-868F-9F3C9A806FA2.PNG";"";"220.00";""
"70000000-0000-0000-0000-000070000084";"Syrah 2030";"recanati-syrah-2030-132";"";"Vins";"DUPLICATE_OR_INVALID";"seed-to-supabase";"millésime/année impossible: 2030 | marque non détectée | image non vin";"seed-to-supabase";"Invalide";"millésime/année impossible: 2030 | marque non détectée";"/images/terminal-3/spirits/whisky/42AECD0F-5F90-4AB0-81C7-B34D327C441B.PNG";"";"91.00";""
"70000000-0000-0000-0000-0000700001d8";"Courvoisier Reserve";"courvoisier-courvoisier-reserve-472";"";"Spiritueux";"DEMO_GENERATED";"seed-to-supabase";"marque non détectée | sous-catégorie incohérente: DB=WHISKY image=Whisky";"seed-to-supabase";"Généré";"marque non détectée | sous-catégorie incohérente: DB=WHISKY image=Whisky";"/images/terminal-3/spirits/whisky/BD3D92B3-CC9B-47BA-92D8-9A447560924E.PNG";"";"111.00";""
"70000000-0000-0000-0000-00007000006e";"Pernod Original";"pernod-pernod-original-110";"Pernod";"Spiritueux";"REAL_REVIEW";"seed-to-supabase";"sous-catégorie incohérente: DB=LIQUEUR image=Whisky";"seed-to-supabase";"Probable";"sous-catégorie incohérente: DB=LIQUEUR image=Whisky";"/images/terminal-3/spirits/whisky/1C27ACDC-F18A-4156-A7C4-1460BB3B3FAA.PNG";"";"199.00";""
"70000000-0000-0000-0000-00007000006f";"Merlot 2029";"galil-mountain-merlot-2029-111";"";"Vins";"DUPLICATE_OR_INVALID";"seed-to-supabase";"millésime/année impossible: 2029 | marque non détectée | image non vin";"seed-to-supabase";"Invalide";"millésime/année impossible: 2029 | marque non détectée";"/images/terminal-3/spirits/whisky/1C450DC7-98DC-4809-A89E-C51B15C49E46.PNG";"";"130.00";""
"70000000-0000-0000-0000-000070000070";"Arak Elite 12 ans";"arak-elite-arak-elite-12-ans-112";"";"Spiritueux";"DEMO_GENERATED";"seed-to-supabase";"marque non détectée | sous-catégorie incohérente: DB=WHISKY image=Whisky";"seed-to-supabase";"Généré";"marque non détectée | sous-catégorie incohérente: DB=WHISKY image=Whisky";"/images/terminal-3/spirits/whisky/1F24D28C-50A5-44CB-AD98-09F8605C7FEC.PNG";"";"201.00";""
"70000000-0000-0000-0000-000070000071";"Askalon";"askalon-askalon-113";"";"Spiritueux";"DEMO_GENERATED";"seed-to-supabase";"marque non détectée | sous-catégorie incohérente: DB=COGNAC image=Whisky";"seed-to-supabase";"Généré";"marque non détectée | sous-catégorie incohérente: DB=COGNAC image=Whisky";"/images/terminal-3/spirits/whisky/1F842163-3DA9-4BA9-8D27-62B92B623F4A.PNG";"";"202.00";""
"70000000-0000-0000-0000-000070000072";"Syrah 2032";"shiloh-syrah-2032-114";"";"Vins";"DUPLICATE_OR_INVALID";"seed-to-supabase";"millésime/année impossible: 2032 | marque non détectée | image non vin";"seed-to-supabase";"Invalide";"millésime/année impossible: 2032 | marque non détectée";"/images/terminal-3/spirits/whisky/20008C8B-579A-40D2-83AB-C6C8101B1EDC.PNG";"";"133.00";""
"70000000-0000-0000-0000-000070000073";"Jägermeister Blanco";"jagermeister-jagermeister-blanco-115";"Jägermeister";"Spiritueux";"REAL_REVIEW";"seed-to-supabase";"sous-catégorie incohérente: DB=TEQUILA image=Whisky";"seed-to-supabase";"Probable";"sous-catégorie incohérente: DB=TEQUILA image=Whisky";"/images/terminal-3/spirits/whisky/22B16518-4E9E-4C0D-8B00-25643BC80464.PNG";"";"204.00";""
"70000000-0000-0000-0000-000070000074";"Chivas Regal Citrus";"chivas-regal-chivas-regal-citrus-116";"Chivas Regal";"Spiritueux";"REAL_REVIEW";"seed-to-supabase";"sous-catégorie incohérente: DB=VODKA image=Whisky";"seed-to-supabase";"Probable";"sous-catégorie incohérente: DB=VODKA image=Whisky";"/images/terminal-3/spirits/whisky/26C24598-77B0-41E0-A70A-6D8C7D4DA96E.PNG";"";"205.00";""
"70000000-0000-0000-0000-000070000075";"Rouge de Galilée 2035";"recanati-rouge-de-galilee-2035-117";"";"Vins";"DUPLICATE_OR_INVALID";"seed-to-supabase";"millésime/année impossible: 2035 | marque non détectée | image non vin";"seed-to-supabase";"Invalide";"millésime/année impossible: 2035 | marque non détectée";"/images/terminal-3/spirits/whisky/27788521-6BBB-4116-A76A-F5BBAAB30795.PNG";"";"136.00";""
"70000000-0000-0000-0000-000070000076";"Glenlivet Coffee";"glenlivet-glenlivet-coffee-118";"";"Spiritueux";"DEMO_GENERATED";"seed-to-supabase";"marque non détectée | sous-catégorie incohérente: DB=LIQUEUR image=Whisky";"seed-to-supabase";"Généré";"marque non détectée | sous-catégorie incohérente: DB=LIQUEUR image=Whisky";"/images/terminal-3/spirits/whisky/27B402D3-6999-4F4C-9932-79F7BE56D255.PNG";"";"207.00";""
"70000000-0000-0000-0000-000070000085";"Absolut Mediterranean";"absolut-absolut-mediterranean-133";"Absolut";"Spiritueux";"REAL_REVIEW";"seed-to-supabase";"sous-catégorie incohérente: DB=GIN image=Whisky";"seed-to-supabase";"Probable";"sous-catégorie incohérente: DB=GIN image=Whisky";"/images/terminal-3/spirits/whisky/42C382EA-5C07-44B8-933B-A57260FF88AD.PNG";"";"222.00";""
"70000000-0000-0000-0000-000070000086";"Bombay Sapphire";"bombay-sapphire-bombay-sapphire-134";"";"Spiritueux";"DEMO_GENERATED";"seed-to-supabase";"marque non détectée | sous-catégorie incohérente: DB=LIQUEUR image=Whisky";"seed-to-supabase";"Généré";"marque non détectée | sous-catégorie incohérente: DB=LIQUEUR image=Whisky";"/images/terminal-3/spirits/whisky/431557ED-F03B-41D1-9721-5AAE50548404.PNG";"";"223.00";""
"70000000-0000-0000-0000-0000700001d9";"Havana Club";"havana-club-havana-club-473";"";"Spiritueux";"DEMO_GENERATED";"seed-to-supabase";"marque non détectée | sous-catégorie incohérente: DB=COGNAC image=Whisky";"seed-to-supabase";"Généré";"marque non détectée | sous-catégorie incohérente: DB=COGNAC image=Whisky";"/images/terminal-3/spirits/whisky/BDA8241A-E448-4F82-9AD9-D202E58CC1B5.PNG";"";"112.00";""
"70000000-0000-0000-0000-0000700001da";"Syrah 2030";"shiloh-syrah-2030-474";"";"Vins";"DUPLICATE_OR_INVALID";"seed-to-supabase";"millésime/année impossible: 2030 | marque non détectée | image non vin";"seed-to-supabase";"Invalide";"millésime/année impossible: 2030 | marque non détectée";"/images/terminal-3/spirits/whisky/C03B2B1D-8C93-4380-A57F-30CD4F801F2C.PNG";"";"133.00";""
"70000000-0000-0000-0000-0000700001db";"Mount Gay Blanco";"mount-gay-mount-gay-blanco-475";"";"Spiritueux";"DEMO_GENERATED";"seed-to-supabase";"marque non détectée | sous-catégorie incohérente: DB=TEQUILA image=Whisky";"seed-to-supabase";"Généré";"marque non détectée | sous-catégorie incohérente: DB=TEQUILA image=Whisky";"/images/terminal-3/spirits/whisky/C2590F49-6A25-4D94-9259-5398A199F7AF.PNG";"";"114.00";""
"70000000-0000-0000-0000-0000700001dc";"Don Julio Citrus";"don-julio-don-julio-citrus-476";"Don Julio";"Spiritueux";"REAL_REVIEW";"seed-to-supabase";"sous-catégorie incohérente: DB=VODKA image=Whisky";"seed-to-supabase";"Probable";"sous-catégorie incohérente: DB=VODKA image=Whisky";"/images/terminal-3/spirits/whisky/C383A7CB-7A43-4DFD-A8DA-BC025E0FAFE1.PNG";"";"115.00";""
"70000000-0000-0000-0000-0000700001dd";"Rouge de Galilée 2033";"recanati-rouge-de-galilee-2033-477";"";"Vins";"DUPLICATE_OR_INVALID";"seed-to-supabase";"millésime/année impossible: 2033 | marque non détectée | image non vin";"seed-to-supabase";"Invalide";"millésime/année impossible: 2033 | marque non détectée";"/images/terminal-3/spirits/whisky/C3F3B0B6-AB8C-4C75-AF2B-6DC5A9C910FA.PNG";"";"136.00";""
"70000000-0000-0000-0000-0000700001de";"Jose Cuervo Coffee";"jose-cuervo-jose-cuervo-coffee-478";"";"Spiritueux";"DEMO_GENERATED";"seed-to-supabase";"marque non détectée | sous-catégorie incohérente: DB=LIQUEUR image=Whisky";"seed-to-supabase";"Généré";"marque non détectée | sous-catégorie incohérente: DB=LIQUEUR image=Whisky";"/images/terminal-3/spirits/whisky/C51B1188-6ABF-4134-8865-BB631D06C6F8.PNG";"";"117.00";""
"70000000-0000-0000-0000-0000700001df";"Grey Goose";"grey-goose-grey-goose-479";"Grey Goose";"Spiritueux";"REAL_REVIEW";"seed-to-supabase";"sous-catégorie incohérente: DB=ARAK image=Whisky";"seed-to-supabase";"Probable";"sous-catégorie incohérente: DB=ARAK image=Whisky";"/images/terminal-3/spirits/whisky/C6738FBE-0D43-48D6-9FCF-A137B64697E6.PNG";"";"118.00";""
"70000000-0000-0000-0000-0000700001e0";"Rosé 2036";"domaine-du-castel-rose-2036-480";"";"Vins";"DUPLICATE_OR_INVALID";"seed-to-supabase";"millésime/année impossible: 2036 | marque non détectée | image non vin";"seed-to-supabase";"Invalide";"millésime/année impossible: 2036 | marque non détectée";"/images/terminal-3/spirits/whisky/C6FC0F6A-D6DC-491E-9EAE-01DC5B93301A.PNG";"";"79.00";""
"70000000-0000-0000-0000-0000700001e1";"Absolut V.S.O.P";"absolut-absolut-v-s-o-p-481";"Absolut";"Spiritueux";"REAL_REVIEW";"seed-to-supabase";"sous-catégorie incohérente: DB=COGNAC image=Whisky";"seed-to-supabase";"Probable";"sous-catégorie incohérente: DB=COGNAC image=Whisky";"/images/terminal-3/spirits/whisky/C7232714-AD52-4F4F-BE75-C6D0C7B8C030.PNG";"";"120.00";""
"70000000-0000-0000-0000-000070000087";"Rouge de Galilée 2033";"domaine-du-castel-rouge-de-galilee-2033-135";"";"Vins";"DUPLICATE_OR_INVALID";"seed-to-supabase";"millésime/année impossible: 2033 | marque non détectée | image non vin";"seed-to-supabase";"Invalide";"millésime/année impossible: 2033 | marque non détectée";"/images/terminal-3/spirits/whisky/438BF962-D488-41DD-8A58-676AA5563353.PNG";"";"94.00";""
"70000000-0000-0000-0000-000070000088";"Hendrick's Reserve";"hendrick-s-hendrick-s-reserve-136";"";"Spiritueux";"DEMO_GENERATED";"seed-to-supabase";"marque non détectée | sous-catégorie incohérente: DB=WHISKY image=Whisky";"seed-to-supabase";"Généré";"marque non détectée | sous-catégorie incohérente: DB=WHISKY image=Whisky";"/images/terminal-3/spirits/whisky/49294A9B-7CA6-4362-9456-5734D54F983E.PNG";"";"225.00";""
"70000000-0000-0000-0000-000070000089";"Macallan";"macallan-macallan-137";"Macallan";"Spiritueux";"REAL_REVIEW";"seed-to-supabase";"sous-catégorie incohérente: DB=COGNAC image=Whisky";"seed-to-supabase";"Probable";"sous-catégorie incohérente: DB=COGNAC image=Whisky";"/images/terminal-3/spirits/whisky/49B9D3B1-426C-425B-897B-2BB6EA53A424.PNG";"";"226.00";""
"70000000-0000-0000-0000-00007000008a";"Rosé 2036";"carmel-rose-2036-138";"";"Vins";"DUPLICATE_OR_INVALID";"seed-to-supabase";"millésime/année impossible: 2036 | marque non détectée | image non vin";"seed-to-supabase";"Invalide";"millésime/année impossible: 2036 | marque non détectée";"/images/terminal-3/spirits/whisky/49E142D0-E8A6-493F-98EA-535E15B59E91.PNG";"";"97.00";""
"70000000-0000-0000-0000-00007000008b";"Lagavulin";"lagavulin-lagavulin-139";"Lagavulin";"Spiritueux";"REAL_REVIEW";"seed-to-supabase";"sous-catégorie incohérente: DB=TEQUILA image=Whisky";"seed-to-supabase";"Probable";"sous-catégorie incohérente: DB=TEQUILA image=Whisky";"/images/terminal-3/spirits/whisky/4BAC5449-29F0-4125-8DC2-B673A30E9CBA.PNG";"";"228.00";""
"70000000-0000-0000-0000-00007000008c";"Laphroaig Original";"laphroaig-laphroaig-original-140";"Laphroaig";"Spiritueux";"REAL_REVIEW";"seed-to-supabase";"sous-catégorie incohérente: DB=VODKA image=Whisky";"seed-to-supabase";"Probable";"sous-catégorie incohérente: DB=VODKA image=Whisky";"/images/terminal-3/spirits/whisky/4CAA5D74-B20D-4AB4-9A48-A6EE52228B6F.PNG";"";"229.00";""
"70000000-0000-0000-0000-00007000008d";"Viognier 2019";"galil-mountain-viognier-2019-141";"";"Vins";"DEMO_GENERATED";"seed-to-supabase";"marque non détectée | image non vin";"seed-to-supabase";"Généré";"marque non détectée | image non vin";"/images/terminal-3/spirits/whisky/4E0BC80C-DC34-41B6-A44A-4DF395E10C4E.PNG";"";"100.00";""
"70000000-0000-0000-0000-00007000008e";"Yamazaki Orange";"yamazaki-yamazaki-orange-142";"Yamazaki";"Spiritueux";"REAL_REVIEW";"seed-to-supabase";"sous-catégorie incohérente: DB=LIQUEUR image=Whisky";"seed-to-supabase";"Probable";"sous-catégorie incohérente: DB=LIQUEUR image=Whisky";"/images/terminal-3/spirits/whisky/4E0C2C6E-10C4-4B6F-87C2-74CF0A5F6BDA.PNG";"";"231.00";""
"70000000-0000-0000-0000-00007000008f";"Hibiki Anisé";"hibiki-hibiki-anise-143";"Hibiki";"Spiritueux";"REAL_REVIEW";"seed-to-supabase";"sous-catégorie incohérente: DB=ARAK image=Whisky";"seed-to-supabase";"Probable";"sous-catégorie incohérente: DB=ARAK image=Whisky";"/images/terminal-3/spirits/whisky/4F25FF1D-5110-4079-8CBF-67986442E249.PNG";"";"232.00";""
"70000000-0000-0000-0000-000070000090";"Petit Castel 2022";"shiloh-petit-castel-2022-144";"Castel";"Vins";"REAL_REVIEW";"seed-to-supabase";"image non vin";"seed-to-supabase";"Probable";"image non vin";"/images/terminal-3/spirits/whisky/531D84BD-A8D4-402D-942C-D77F3B61D27D.PNG";"";"103.00";""
"70000000-0000-0000-0000-000070000091";"Crown Royal V.S.O.P";"crown-royal-crown-royal-v-s-o-p-145";"Crown Royal";"Spiritueux";"REAL_REVIEW";"seed-to-supabase";"sous-catégorie incohérente: DB=COGNAC image=Whisky";"seed-to-supabase";"Probable";"sous-catégorie incohérente: DB=COGNAC image=Whisky";"/images/terminal-3/spirits/whisky/535531EB-D8DA-40A6-A26E-9AFA42E46076.PNG";"";"234.00";""
"70000000-0000-0000-0000-000070000092";"Canadian Club";"canadian-club-canadian-club-146";"Canadian Club";"Spiritueux";"REAL_REVIEW";"seed-to-supabase";"sous-catégorie incohérente: DB=RHUM image=Whisky";"seed-to-supabase";"Probable";"sous-catégorie incohérente: DB=RHUM image=Whisky";"/images/terminal-3/spirits/whisky/55B61082-799F-4791-B17E-CA71F6459C72.PNG";"";"235.00";""
"70000000-0000-0000-0000-000070000093";"Merlot 2025";"recanati-merlot-2025-147";"";"Vins";"DEMO_GENERATED";"seed-to-supabase";"marque non détectée | image non vin";"seed-to-supabase";"Généré";"marque non détectée | image non vin";"/images/terminal-3/spirits/whisky/575B0200-FCDE-47DB-B31C-CB6C41514548.PNG";"";"106.00";""
"70000000-0000-0000-0000-000070000094";"Famous Grouse Berry";"famous-grouse-famous-grouse-berry-148";"";"Spiritueux";"DEMO_GENERATED";"seed-to-supabase";"marque non détectée | sous-catégorie incohérente: DB=VODKA image=Whisky";"seed-to-supabase";"Généré";"marque non détectée | sous-catégorie incohérente: DB=VODKA image=Whisky";"/images/terminal-3/spirits/whisky/578E7C85-7DB8-4B1B-8E14-193480CAE9BC.PNG";"";"237.00";""
"70000000-0000-0000-0000-000070000095";"Teacher's";"teacher-s-teacher-s-149";"Teacher's";"Spiritueux";"REAL_REVIEW";"seed-to-supabase";"sous-catégorie incohérente: DB=GIN image=Whisky";"seed-to-supabase";"Probable";"sous-catégorie incohérente: DB=GIN image=Whisky";"/images/terminal-3/spirits/whisky/5807215C-7F03-4DCF-A842-528D59D6F35E.PNG";"";"238.00";""
"70000000-0000-0000-0000-0000700000a4";"Grand Marnier";"grand-marnier-grand-marnier-164";"Grand Marnier";"Spiritueux";"REAL_REVIEW";"seed-to-supabase";"sous-catégorie incohérente: DB=VODKA image=Whisky";"seed-to-supabase";"Probable";"sous-catégorie incohérente: DB=VODKA image=Whisky";"/images/terminal-3/spirits/whisky/65467B2A-3665-4B87-BA01-45C84033D082.PNG";"";"103.00";""
"70000000-0000-0000-0000-0000700000a5";"Merlot 2023";"domaine-du-castel-merlot-2023-165";"";"Vins";"DEMO_GENERATED";"seed-to-supabase";"marque non détectée | image non vin";"seed-to-supabase";"Généré";"marque non détectée | image non vin";"/images/terminal-3/spirits/whisky/65CEE68A-2DAD-4777-AE5E-6EA5626CEA83.PNG";"";"124.00";""
"70000000-0000-0000-0000-0000700000a6";"Aperol Cream";"aperol-aperol-cream-166";"Aperol";"Spiritueux";"REAL_REVIEW";"seed-to-supabase";"sous-catégorie incohérente: DB=LIQUEUR image=Whisky";"seed-to-supabase";"Probable";"sous-catégorie incohérente: DB=LIQUEUR image=Whisky";"/images/terminal-3/spirits/whisky/6B00DDA2-DA8A-4922-A3A2-7202DD1CE503.PNG";"";"105.00";""
"70000000-0000-0000-0000-0000700000a7";"Ricard Gold";"ricard-ricard-gold-167";"Ricard";"Spiritueux";"REAL_REVIEW";"seed-to-supabase";"sous-catégorie incohérente: DB=ARAK image=Whisky";"seed-to-supabase";"Probable";"sous-catégorie incohérente: DB=ARAK image=Whisky";"/images/terminal-3/spirits/whisky/6B30A549-8FC5-4513-BC56-B85CA0DA3199.PNG";"";"106.00";""
"70000000-0000-0000-0000-0000700000a8";"Syrah 2026";"carmel-syrah-2026-168";"";"Vins";"DEMO_GENERATED";"seed-to-supabase";"marque non détectée | image non vin";"seed-to-supabase";"Généré";"marque non détectée | image non vin";"/images/terminal-3/spirits/whisky/707C963F-FFFB-44EE-82D1-0482E1B47522.PNG";"";"127.00";""
"70000000-0000-0000-0000-000070000097";"Bushmills Classic";"bushmills-bushmills-classic-151";"Bushmills";"Spiritueux";"REAL_REVIEW";"seed-to-supabase";"sous-catégorie incohérente: DB=ARAK image=Whisky";"seed-to-supabase";"Probable";"sous-catégorie incohérente: DB=ARAK image=Whisky";"/images/terminal-3/spirits/whisky/59715BE8-570F-4734-9FEA-856EE484BF4A.PNG";"";"90.00";""
"70000000-0000-0000-0000-000070000098";"Tullamore Dew Distiller's Edition";"tullamore-dew-tullamore-dew-distiller-s-edition-152";"";"Spiritueux";"DEMO_GENERATED";"seed-to-supabase";"marque non détectée | sous-catégorie incohérente: DB=WHISKY image=Whisky";"seed-to-supabase";"Généré";"marque non détectée | sous-catégorie incohérente: DB=WHISKY image=Whisky";"/images/terminal-3/spirits/whisky/5EC225F5-E57A-46F3-B310-CF58601766C5.PNG";"";"91.00";""
"70000000-0000-0000-0000-000070000099";"Rouge de Galilée 2031";"carmel-rouge-de-galilee-2031-153";"";"Vins";"DUPLICATE_OR_INVALID";"seed-to-supabase";"millésime/année impossible: 2031 | marque non détectée | image non vin";"seed-to-supabase";"Invalide";"millésime/année impossible: 2031 | marque non détectée";"/images/terminal-3/spirits/whisky/5F56DA89-A777-4E58-A29E-1D6F36785DB5.PNG";"";"112.00";""
"70000000-0000-0000-0000-00007000009a";"Khvanchkara 7 ans";"khvanchkara-khvanchkara-7-ans-154";"Khvanchkara";"Spiritueux";"REAL_REVIEW";"seed-to-supabase";"sous-catégorie incohérente: DB=RHUM image=Whisky";"seed-to-supabase";"Probable";"sous-catégorie incohérente: DB=RHUM image=Whisky";"/images/terminal-3/spirits/whisky/5F95D383-AF3F-452F-8A8C-0CECF4E4CCAA.PNG";"";"93.00";""
"70000000-0000-0000-0000-00007000009b";"Ketel One Blanco";"ketel-one-ketel-one-blanco-155";"";"Spiritueux";"DEMO_GENERATED";"seed-to-supabase";"marque non détectée | sous-catégorie incohérente: DB=TEQUILA image=Whisky";"seed-to-supabase";"Généré";"marque non détectée | sous-catégorie incohérente: DB=TEQUILA image=Whisky";"/images/terminal-3/spirits/whisky/5FFD879F-A882-4196-BBDC-A55BC9C9BFAB.PNG";"";"94.00";""
"70000000-0000-0000-0000-00007000009c";"Rosé 2034";"galil-mountain-rose-2034-156";"";"Vins";"DUPLICATE_OR_INVALID";"seed-to-supabase";"millésime/année impossible: 2034 | marque non détectée | image non vin";"seed-to-supabase";"Invalide";"millésime/année impossible: 2034 | marque non détectée";"/images/terminal-3/spirits/whisky/605619A2-1CDE-417C-9AA8-5339206F89C4.PNG";"";"115.00";""
"70000000-0000-0000-0000-00007000009d";"Beluga Floral";"beluga-beluga-floral-157";"Beluga";"Spiritueux";"REAL_REVIEW";"seed-to-supabase";"sous-catégorie incohérente: DB=GIN image=Whisky";"seed-to-supabase";"Probable";"sous-catégorie incohérente: DB=GIN image=Whisky";"/images/terminal-3/spirits/whisky/60DC1DFD-0E50-42FF-B08B-32DD2AFD7EFD.PNG";"";"96.00";""
"70000000-0000-0000-0000-00007000009e";"Stolichnaya Coffee";"stolichnaya-stolichnaya-coffee-158";"";"Spiritueux";"DEMO_GENERATED";"seed-to-supabase";"marque non détectée | sous-catégorie incohérente: DB=LIQUEUR image=Whisky";"seed-to-supabase";"Généré";"marque non détectée | sous-catégorie incohérente: DB=LIQUEUR image=Whisky";"/images/terminal-3/spirits/whisky/60EFF1AB-F17C-4BA9-83EC-4E7EC4B9F6F3.PNG";"";"97.00";""
"70000000-0000-0000-0000-00007000009f";"Viognier 2037";"shiloh-viognier-2037-159";"";"Vins";"DUPLICATE_OR_INVALID";"seed-to-supabase";"millésime/année impossible: 2037 | marque non détectée | image non vin";"seed-to-supabase";"Invalide";"millésime/année impossible: 2037 | marque non détectée";"/images/terminal-3/spirits/whisky/60FBEA0B-017E-4001-8F20-4ECF472CB238.PNG";"";"118.00";""
"70000000-0000-0000-0000-0000700000a9";"Ouzo V.S.O.P";"ouzo-ouzo-v-s-o-p-169";"Ouzo";"Spiritueux";"REAL_REVIEW";"seed-to-supabase";"sous-catégorie incohérente: DB=COGNAC image=Whisky";"seed-to-supabase";"Probable";"sous-catégorie incohérente: DB=COGNAC image=Whisky";"/images/terminal-3/spirits/whisky/731C329D-EF7D-4B68-A64D-BB8713481C76.PNG";"";"108.00";""
"70000000-0000-0000-0000-0000700000aa";"Arak Elite 15 ans";"arak-elite-arak-elite-15-ans-170";"";"Spiritueux";"DEMO_GENERATED";"seed-to-supabase";"marque non détectée | sous-catégorie incohérente: DB=RHUM image=Whisky";"seed-to-supabase";"Généré";"marque non détectée | sous-catégorie incohérente: DB=RHUM image=Whisky";"/images/terminal-3/spirits/whisky/73817F22-7CC3-4CB6-AFE3-CA1A82E52BCD.PNG";"";"109.00";""
"70000000-0000-0000-0000-0000700001e2";"Bombay Sapphire";"bombay-sapphire-bombay-sapphire-482";"";"Spiritueux";"DEMO_GENERATED";"seed-to-supabase";"marque non détectée | sous-catégorie incohérente: DB=RHUM image=Whisky";"seed-to-supabase";"Généré";"marque non détectée | sous-catégorie incohérente: DB=RHUM image=Whisky";"/images/terminal-3/spirits/whisky/CA15B508-9D86-4DB6-9AD9-0BAB136878F7.PNG";"";"121.00";""
"70000000-0000-0000-0000-0000700001e3";"Viognier 2019";"carmel-viognier-2019-483";"";"Vins";"DEMO_GENERATED";"seed-to-supabase";"marque non détectée | image non vin";"seed-to-supabase";"Généré";"marque non détectée | image non vin";"/images/terminal-3/spirits/whisky/CB533A02-0B4D-42C7-A5B4-C0685A3F862C.PNG";"";"82.00";""
"70000000-0000-0000-0000-0000700001e4";"Hendrick's";"hendrick-s-hendrick-s-484";"";"Spiritueux";"DEMO_GENERATED";"seed-to-supabase";"marque non détectée | sous-catégorie incohérente: DB=VODKA image=Whisky";"seed-to-supabase";"Généré";"marque non détectée | sous-catégorie incohérente: DB=VODKA image=Whisky";"/images/terminal-3/spirits/whisky/CBF29EA3-AA56-439A-A550-341C7EF79C3F.PNG";"";"123.00";""
"70000000-0000-0000-0000-0000700001e5";"Macallan London Dry";"macallan-macallan-london-dry-485";"Macallan";"Spiritueux";"REAL_REVIEW";"seed-to-supabase";"sous-catégorie incohérente: DB=GIN image=Whisky";"seed-to-supabase";"Probable";"sous-catégorie incohérente: DB=GIN image=Whisky";"/images/terminal-3/spirits/whisky/CCFC6ECB-FB57-4FD2-8F0E-FB125041A444.PNG";"";"124.00";""
"70000000-0000-0000-0000-0000700001e6";"Petit Castel 2022";"galil-mountain-petit-castel-2022-486";"Castel";"Vins";"REAL_REVIEW";"seed-to-supabase";"image non vin";"seed-to-supabase";"Probable";"image non vin";"/images/terminal-3/spirits/whisky/CE7456AA-47F3-4BA7-9927-C0F6805D6204.PNG";"";"85.00";""
"70000000-0000-0000-0000-0000700001e7";"Lagavulin Gold";"lagavulin-lagavulin-gold-487";"Lagavulin";"Spiritueux";"REAL_REVIEW";"seed-to-supabase";"sous-catégorie incohérente: DB=ARAK image=Whisky";"seed-to-supabase";"Probable";"sous-catégorie incohérente: DB=ARAK image=Whisky";"/images/terminal-3/spirits/whisky/D1555ABE-B616-4D4F-A9A0-FC158D6F6EF7.PNG";"";"126.00";""
"70000000-0000-0000-0000-0000700001e8";"Laphroaig Distiller's Edition";"laphroaig-laphroaig-distiller-s-edition-488";"Laphroaig";"Spiritueux";"REAL_REVIEW";"seed-to-supabase";"sous-catégorie incohérente: DB=WHISKY image=Whisky";"seed-to-supabase";"Probable";"sous-catégorie incohérente: DB=WHISKY image=Whisky";"/images/terminal-3/spirits/whisky/D2DE5B5D-2B73-4837-8A53-08931C020F96.PNG";"";"127.00";""
"70000000-0000-0000-0000-0000700001e9";"Merlot 2025";"shiloh-merlot-2025-489";"";"Vins";"DEMO_GENERATED";"seed-to-supabase";"marque non détectée | image non vin";"seed-to-supabase";"Généré";"marque non détectée | image non vin";"/images/terminal-3/spirits/whisky/D3237FFE-3458-4A6A-987D-BFABC35E0C03.PNG";"";"88.00";""
"70000000-0000-0000-0000-0000700001ea";"Yamazaki 7 ans";"yamazaki-yamazaki-7-ans-490";"Yamazaki";"Spiritueux";"REAL_REVIEW";"seed-to-supabase";"sous-catégorie incohérente: DB=RHUM image=Whisky";"seed-to-supabase";"Probable";"sous-catégorie incohérente: DB=RHUM image=Whisky";"/images/terminal-3/spirits/whisky/D336208C-B110-481A-A1ED-6D7127A8FB30.PNG";"";"129.00";""
"70000000-0000-0000-0000-000070000001";"Glenfiddich V.S.O.P";"glenfiddich-glenfiddich-v-s-o-p-1";"Glenfiddich";"Spiritueux";"REAL_REVIEW";"seed-to-supabase";"sous-catégorie incohérente: DB=COGNAC image=Whisky";"seed-to-supabase";"Probable";"sous-catégorie incohérente: DB=COGNAC image=Whisky";"/images/terminal-3/spirits/whisky/spirit-whisky-04.webp";"";"90.00";""
"70000000-0000-0000-0000-0000700001eb";"Hibiki Reposado";"hibiki-hibiki-reposado-491";"Hibiki";"Spiritueux";"REAL_REVIEW";"seed-to-supabase";"sous-catégorie incohérente: DB=TEQUILA image=Whisky";"seed-to-supabase";"Probable";"sous-catégorie incohérente: DB=TEQUILA image=Whisky";"/images/terminal-3/spirits/whisky/D3B33B20-FD70-4179-8AE0-D26FE77D0924.PNG";"";"130.00";""
"70000000-0000-0000-0000-0000700001ec";"Syrah 2028";"recanati-syrah-2028-492";"";"Vins";"DUPLICATE_OR_INVALID";"seed-to-supabase";"millésime/année impossible: 2028 | marque non détectée | image non vin";"seed-to-supabase";"Invalide";"millésime/année impossible: 2028 | marque non détectée";"/images/terminal-3/spirits/whisky/D49E6A14-AAEA-4E1F-91B1-A64486E9A7DC.PNG";"";"91.00";""
"70000000-0000-0000-0000-000070000002";"Glenlivet 15 ans";"glenlivet-glenlivet-15-ans-2";"";"Spiritueux";"DEMO_GENERATED";"seed-to-supabase";"marque non détectée | sous-catégorie incohérente: DB=RHUM image=Whisky";"seed-to-supabase";"Généré";"marque non détectée | sous-catégorie incohérente: DB=RHUM image=Whisky";"/images/terminal-3/spirits/whisky/spirit-whisky-05.webp";"";"91.00";""
"70000000-0000-0000-0000-000070000003";"Merlot 2021";"carmel-merlot-2021-3";"";"Vins";"DEMO_GENERATED";"seed-to-supabase";"marque non détectée | image non vin";"seed-to-supabase";"Généré";"marque non détectée | image non vin";"/images/terminal-3/spirits/whisky/spirit-whisky-06.webp";"";"82.00";""
"70000000-0000-0000-0000-000070000004";"Jack Daniel's";"jack-daniel-s-jack-daniel-s-4";"Jack Daniel's";"Spiritueux";"REAL_REVIEW";"seed-to-supabase";"sous-catégorie incohérente: DB=VODKA image=Whisky";"seed-to-supabase";"Probable";"sous-catégorie incohérente: DB=VODKA image=Whisky";"/images/terminal-3/spirits/whisky/spirit-whisky-07.webp";"";"93.00";""
"70000000-0000-0000-0000-000070000005";"Jameson London Dry";"jameson-jameson-london-dry-5";"Jameson";"Spiritueux";"REAL_REVIEW";"seed-to-supabase";"sous-catégorie incohérente: DB=GIN image=Whisky";"seed-to-supabase";"Probable";"sous-catégorie incohérente: DB=GIN image=Whisky";"/images/terminal-3/spirits/whisky/spirit-whisky-08.webp";"";"94.00";""
"70000000-0000-0000-0000-000070000006";"Syrah 2024";"galil-mountain-syrah-2024-6";"";"Vins";"DEMO_GENERATED";"seed-to-supabase";"marque non détectée | image non vin";"seed-to-supabase";"Généré";"marque non détectée | image non vin";"/images/terminal-3/spirits/whisky/spirit-whisky-09.webp";"";"85.00";""
"70000000-0000-0000-0000-000070000007";"Remy Martin Gold";"remy-martin-remy-martin-gold-7";"Remy Martin";"Spiritueux";"REAL_REVIEW";"seed-to-supabase";"sous-catégorie incohérente: DB=ARAK image=Whisky";"seed-to-supabase";"Probable";"sous-catégorie incohérente: DB=ARAK image=Whisky";"/images/terminal-3/spirits/whisky/spirit-whisky-10.webp";"";"96.00";""
"70000000-0000-0000-0000-000070000008";"Courvoisier 15 ans";"courvoisier-courvoisier-15-ans-8";"";"Spiritueux";"DEMO_GENERATED";"seed-to-supabase";"marque non détectée | sous-catégorie incohérente: DB=WHISKY image=Whisky";"seed-to-supabase";"Généré";"marque non détectée | sous-catégorie incohérente: DB=WHISKY image=Whisky";"/images/terminal-3/spirits/whisky/spirit-whisky-11.webp";"";"97.00";""
"70000000-0000-0000-0000-0000700000a0";"Baileys";"baileys-baileys-160";"Baileys";"Spiritueux";"REAL_REVIEW";"seed-to-supabase";"sous-catégorie incohérente: DB=WHISKY image=Whisky";"seed-to-supabase";"Probable";"sous-catégorie incohérente: DB=WHISKY image=Whisky";"/images/terminal-3/spirits/whisky/6217197E-9F43-4B6E-9B04-112CF4E51C4A.PNG";"";"99.00";""
"70000000-0000-0000-0000-0000700000a1";"Kahlúa";"kahlua-kahlua-161";"Kahlúa";"Spiritueux";"REAL_REVIEW";"seed-to-supabase";"sous-catégorie incohérente: DB=COGNAC image=Whisky";"seed-to-supabase";"Probable";"sous-catégorie incohérente: DB=COGNAC image=Whisky";"/images/terminal-3/spirits/whisky/62C0E7FF-2391-4F24-BD5C-C910DDB00F0A.PNG";"";"100.00";""
"70000000-0000-0000-0000-0000700000ab";"Rouge de Galilée 2029";"galil-mountain-rouge-de-galilee-2029-171";"";"Vins";"DUPLICATE_OR_INVALID";"seed-to-supabase";"millésime/année impossible: 2029 | marque non détectée | image non vin";"seed-to-supabase";"Invalide";"millésime/année impossible: 2029 | marque non détectée";"/images/terminal-3/spirits/whisky/73AD132E-1FAA-4792-B342-5434A2A5164D.PNG";"";"130.00";""
"70000000-0000-0000-0000-0000700000ac";"Tubi 60 Vanilla";"tubi-60-tubi-60-vanilla-172";"";"Spiritueux";"DEMO_GENERATED";"seed-to-supabase";"marque non détectée | sous-catégorie incohérente: DB=VODKA image=Whisky";"seed-to-supabase";"Généré";"marque non détectée | sous-catégorie incohérente: DB=VODKA image=Whisky";"/images/terminal-3/spirits/whisky/744D4A59-AFF0-489B-BBDA-55587D68183C.PNG";"";"111.00";""
"70000000-0000-0000-0000-0000700000ad";"Jägermeister Mediterranean";"jagermeister-jagermeister-mediterranean-173";"Jägermeister";"Spiritueux";"REAL_REVIEW";"seed-to-supabase";"sous-catégorie incohérente: DB=GIN image=Whisky";"seed-to-supabase";"Probable";"sous-catégorie incohérente: DB=GIN image=Whisky";"/images/terminal-3/spirits/whisky/74DA2334-57C3-4FD1-B5F9-54C58DA1337F.PNG";"";"112.00";""
"70000000-0000-0000-0000-0000700000ae";"Rosé 2032";"shiloh-rose-2032-174";"";"Vins";"DUPLICATE_OR_INVALID";"seed-to-supabase";"millésime/année impossible: 2032 | marque non détectée | image non vin";"seed-to-supabase";"Invalide";"millésime/année impossible: 2032 | marque non détectée";"/images/terminal-3/spirits/whisky/763CBF1B-765B-44C4-A10C-498997391722.PNG";"";"133.00";""
"70000000-0000-0000-0000-0000700000af";"Glenfiddich Elite";"glenfiddich-glenfiddich-elite-175";"Glenfiddich";"Spiritueux";"REAL_REVIEW";"seed-to-supabase";"sous-catégorie incohérente: DB=ARAK image=Whisky";"seed-to-supabase";"Probable";"sous-catégorie incohérente: DB=ARAK image=Whisky";"/images/terminal-3/spirits/whisky/7998E75E-45E6-4321-BFF3-12046750A96E.PNG";"";"114.00";""
"70000000-0000-0000-0000-0000700000b0";"Glenlivet 15 ans";"glenlivet-glenlivet-15-ans-176";"";"Spiritueux";"DEMO_GENERATED";"seed-to-supabase";"marque non détectée | sous-catégorie incohérente: DB=WHISKY image=Whisky";"seed-to-supabase";"Généré";"marque non détectée | sous-catégorie incohérente: DB=WHISKY image=Whisky";"/images/terminal-3/spirits/whisky/7B31356E-469A-417C-B485-A432D7C5C9D3.PNG";"";"115.00";""
"70000000-0000-0000-0000-0000700000b1";"Viognier 2035";"recanati-viognier-2035-177";"";"Vins";"DUPLICATE_OR_INVALID";"seed-to-supabase";"millésime/année impossible: 2035 | marque non détectée | image non vin";"seed-to-supabase";"Invalide";"millésime/année impossible: 2035 | marque non détectée";"/images/terminal-3/spirits/whisky/7EECAD02-EA68-4448-97BF-995C7F873D77.PNG";"";"136.00";""
"70000000-0000-0000-0000-0000700000b2";"Jack Daniel's Blanc";"jack-daniel-s-jack-daniel-s-blanc-178";"Jack Daniel's";"Spiritueux";"REAL_REVIEW";"seed-to-supabase";"sous-catégorie incohérente: DB=RHUM image=Whisky";"seed-to-supabase";"Probable";"sous-catégorie incohérente: DB=RHUM image=Whisky";"/images/terminal-3/spirits/whisky/7FD74C28-D3BC-41AE-AFE1-80E87D1F4464.PNG";"";"117.00";""
"70000000-0000-0000-0000-0000700000b3";"Jameson";"jameson-jameson-179";"Jameson";"Spiritueux";"REAL_REVIEW";"seed-to-supabase";"sous-catégorie incohérente: DB=TEQUILA image=Whisky";"seed-to-supabase";"Probable";"sous-catégorie incohérente: DB=TEQUILA image=Whisky";"/images/terminal-3/spirits/whisky/81D26C13-E97B-4152-A85E-1819984A8202.PNG";"";"118.00";""
"70000000-0000-0000-0000-0000700000b4";"Petit Castel 2018";"domaine-du-castel-petit-castel-2018-180";"Castel";"Vins";"REAL_REVIEW";"seed-to-supabase";"image non vin";"seed-to-supabase";"Probable";"image non vin";"/images/terminal-3/spirits/whisky/84BF830C-8E63-407B-BE4B-A4905547F78A.PNG";"";"79.00";""
"70000000-0000-0000-0000-0000700000b5";"Remy Martin Navy Strength";"remy-martin-remy-martin-navy-strength-181";"Remy Martin";"Spiritueux";"REAL_REVIEW";"seed-to-supabase";"sous-catégorie incohérente: DB=GIN image=Whisky";"seed-to-supabase";"Probable";"sous-catégorie incohérente: DB=GIN image=Whisky";"/images/terminal-3/spirits/whisky/84F84950-BD42-4350-B2AD-A6CA9C278029.PNG";"";"120.00";""
"70000000-0000-0000-0000-0000700000b6";"Courvoisier Orange";"courvoisier-courvoisier-orange-182";"";"Spiritueux";"DEMO_GENERATED";"seed-to-supabase";"marque non détectée | sous-catégorie incohérente: DB=LIQUEUR image=Whisky";"seed-to-supabase";"Généré";"marque non détectée | sous-catégorie incohérente: DB=LIQUEUR image=Whisky";"/images/terminal-3/spirits/whisky/863E2BE4-4DB0-44BB-97F2-F01D61B5F2D3.PNG";"";"121.00";""
"70000000-0000-0000-0000-0000700000b7";"Merlot 2021";"carmel-merlot-2021-183";"";"Vins";"DEMO_GENERATED";"seed-to-supabase";"marque non détectée | image non vin";"seed-to-supabase";"Généré";"marque non détectée | image non vin";"/images/terminal-3/spirits/whisky/885D646D-93D1-42D7-89B8-1DC0FEDDBEB2.PNG";"";"82.00";""
"70000000-0000-0000-0000-0000700000b9";"Mount Gay";"mount-gay-mount-gay-185";"";"Spiritueux";"DEMO_GENERATED";"seed-to-supabase";"marque non détectée | sous-catégorie incohérente: DB=COGNAC image=Whisky";"seed-to-supabase";"Généré";"marque non détectée | sous-catégorie incohérente: DB=COGNAC image=Whisky";"/images/terminal-3/spirits/whisky/891A20A5-EF42-4D41-871F-07227A7D18B9.PNG";"";"124.00";""
"70000000-0000-0000-0000-0000700000ba";"Syrah 2024";"galil-mountain-syrah-2024-186";"";"Vins";"DEMO_GENERATED";"seed-to-supabase";"marque non détectée | image non vin";"seed-to-supabase";"Généré";"marque non détectée | image non vin";"/images/terminal-3/spirits/whisky/8BDC6378-F8C5-494B-ADA5-5A18ED3AEF23.PNG";"";"85.00";""
"70000000-0000-0000-0000-0000700000bb";"Patrón Añejo";"patron-patron-anejo-187";"";"Spiritueux";"DEMO_GENERATED";"seed-to-supabase";"marque non détectée | sous-catégorie incohérente: DB=TEQUILA image=Whisky";"seed-to-supabase";"Généré";"marque non détectée | sous-catégorie incohérente: DB=TEQUILA image=Whisky";"/images/terminal-3/spirits/whisky/91357CA6-1FE0-465F-BD51-446ACDC4B121.PNG";"";"126.00";""
"70000000-0000-0000-0000-0000700000bc";"Jose Cuervo Berry";"jose-cuervo-jose-cuervo-berry-188";"";"Spiritueux";"DEMO_GENERATED";"seed-to-supabase";"marque non détectée | sous-catégorie incohérente: DB=VODKA image=Whisky";"seed-to-supabase";"Généré";"marque non détectée | sous-catégorie incohérente: DB=VODKA image=Whisky";"/images/terminal-3/spirits/whisky/92003B9A-823A-458C-90E4-C569027F0092.PNG";"";"127.00";""
"70000000-0000-0000-0000-0000700000bd";"Rouge de Galilée 2027";"shiloh-rouge-de-galilee-2027-189";"";"Vins";"DUPLICATE_OR_INVALID";"seed-to-supabase";"millésime/année impossible: 2027 | marque non détectée | image non vin";"seed-to-supabase";"Invalide";"millésime/année impossible: 2027 | marque non détectée";"/images/terminal-3/spirits/whisky/92052200-8F02-467D-924C-8A5F0A9DD944.PNG";"";"88.00";""
"70000000-0000-0000-0000-0000700000be";"Belvedere Original";"belvedere-belvedere-original-190";"";"Spiritueux";"DEMO_GENERATED";"seed-to-supabase";"marque non détectée | sous-catégorie incohérente: DB=LIQUEUR image=Whisky";"seed-to-supabase";"Généré";"marque non détectée | sous-catégorie incohérente: DB=LIQUEUR image=Whisky";"/images/terminal-3/spirits/whisky/932C99A8-0DAF-444F-9361-C1A1C7F30A84.PNG";"";"129.00";""
"70000000-0000-0000-0000-0000700000bf";"Absolut Classic";"absolut-absolut-classic-191";"Absolut";"Spiritueux";"REAL_REVIEW";"seed-to-supabase";"sous-catégorie incohérente: DB=ARAK image=Whisky";"seed-to-supabase";"Probable";"sous-catégorie incohérente: DB=ARAK image=Whisky";"/images/terminal-3/spirits/whisky/9391CA31-BFF2-4641-9076-764A0085C267.PNG";"";"130.00";""
"70000000-0000-0000-0000-0000700000c0";"Rosé 2030";"recanati-rose-2030-192";"";"Vins";"DUPLICATE_OR_INVALID";"seed-to-supabase";"millésime/année impossible: 2030 | marque non détectée | image non vin";"seed-to-supabase";"Invalide";"millésime/année impossible: 2030 | marque non détectée";"/images/terminal-3/spirits/whisky/94C04090-203C-41D3-8926-A9215EFD657E.PNG";"";"91.00";""
"70000000-0000-0000-0000-0000700000c1";"Tanqueray V.S.O.P";"tanqueray-tanqueray-v-s-o-p-193";"";"Spiritueux";"DEMO_GENERATED";"seed-to-supabase";"marque non détectée | sous-catégorie incohérente: DB=COGNAC image=Whisky";"seed-to-supabase";"Généré";"marque non détectée | sous-catégorie incohérente: DB=COGNAC image=Whisky";"/images/terminal-3/spirits/whisky/95009844-0AE6-406E-B1F2-5BEA0C729D2E.PNG";"";"132.00";""
"70000000-0000-0000-0000-0000700000c2";"Hendrick's Black";"hendrick-s-hendrick-s-black-194";"";"Spiritueux";"DEMO_GENERATED";"seed-to-supabase";"marque non détectée | sous-catégorie incohérente: DB=RHUM image=Whisky";"seed-to-supabase";"Généré";"marque non détectée | sous-catégorie incohérente: DB=RHUM image=Whisky";"/images/terminal-3/spirits/whisky/98F96E98-090C-4CAB-8B51-44D0CF28147B.PNG";"";"133.00";""
"70000000-0000-0000-0000-0000700000c3";"Viognier 2033";"domaine-du-castel-viognier-2033-195";"";"Vins";"DUPLICATE_OR_INVALID";"seed-to-supabase";"millésime/année impossible: 2033 | marque non détectée | image non vin";"seed-to-supabase";"Invalide";"millésime/année impossible: 2033 | marque non détectée";"/images/terminal-3/spirits/whisky/9B18948C-45F7-48E8-9AF3-E390878AADA5.PNG";"";"94.00";""
"70000000-0000-0000-0000-0000700000c4";"Talisker Citrus";"talisker-talisker-citrus-196";"Talisker";"Spiritueux";"REAL_REVIEW";"seed-to-supabase";"sous-catégorie incohérente: DB=VODKA image=Whisky";"seed-to-supabase";"Probable";"sous-catégorie incohérente: DB=VODKA image=Whisky";"/images/terminal-3/spirits/whisky/9B3C670B-8317-48CA-90DE-E569B9559545.PNG";"";"135.00";""
"70000000-0000-0000-0000-0000700000c5";"Lagavulin Floral";"lagavulin-lagavulin-floral-197";"Lagavulin";"Spiritueux";"REAL_REVIEW";"seed-to-supabase";"sous-catégorie incohérente: DB=GIN image=Whisky";"seed-to-supabase";"Probable";"sous-catégorie incohérente: DB=GIN image=Whisky";"/images/terminal-3/spirits/whisky/9B5D5953-44A3-4EBE-A333-12B078C69ADB.PNG";"";"136.00";""
"70000000-0000-0000-0000-0000700000c6";"Petit Castel 2036";"carmel-petit-castel-2036-198";"Castel";"Vins";"DUPLICATE_OR_INVALID";"seed-to-supabase";"millésime/année impossible: 2036 | image non vin";"seed-to-supabase";"Invalide";"millésime/année impossible: 2036 | image non vin";"/images/terminal-3/spirits/whisky/9C9C00F6-3C60-4E23-A0D7-0377A23C14BF.PNG";"";"97.00";""
"70000000-0000-0000-0000-0000700000c7";"Ardbeg";"ardbeg-ardbeg-199";"Ardbeg";"Spiritueux";"REAL_REVIEW";"seed-to-supabase";"sous-catégorie incohérente: DB=ARAK image=Whisky";"seed-to-supabase";"Probable";"sous-catégorie incohérente: DB=ARAK image=Whisky";"/images/terminal-3/spirits/whisky/9CE3992A-D05E-4375-BD12-095551B0AB4E.PNG";"";"138.00";""
"70000000-0000-0000-0000-0000700001ed";"Crown Royal Mediterranean";"crown-royal-crown-royal-mediterranean-493";"Crown Royal";"Spiritueux";"REAL_REVIEW";"seed-to-supabase";"sous-catégorie incohérente: DB=GIN image=Whisky";"seed-to-supabase";"Probable";"sous-catégorie incohérente: DB=GIN image=Whisky";"/images/terminal-3/spirits/whisky/D6F9B49D-3382-4BCC-A6FA-7A04801A1CED.PNG";"";"132.00";""
"70000000-0000-0000-0000-00007000000a";"Bacardi Blanc";"bacardi-bacardi-blanc-10";"";"Spiritueux";"DEMO_GENERATED";"seed-to-supabase";"marque non détectée | image non spiritueux | sous-catégorie incohérente: DB=RHUM image=Yarden";"seed-to-supabase";"Généré";"marque non détectée | image non spiritueux";"/images/terminal-3/wines/yarden/wines-yarden-01.webp";"";"99.00";""
"70000000-0000-0000-0000-0000700000cb";"Crown Royal Extra Añejo";"crown-royal-crown-royal-extra-anejo-203";"Crown Royal";"Spiritueux";"REAL_REVIEW";"seed-to-supabase";"sous-catégorie incohérente: DB=TEQUILA image=Whisky";"seed-to-supabase";"Probable";"sous-catégorie incohérente: DB=TEQUILA image=Whisky";"/images/terminal-3/spirits/whisky/A63FCAF5-DECE-4566-BCD7-1C496C3F7FF8.PNG";"";"142.00";""
"70000000-0000-0000-0000-0000700000cc";"Syrah 2022";"shiloh-syrah-2022-204";"";"Vins";"DEMO_GENERATED";"seed-to-supabase";"marque non détectée | image non vin";"seed-to-supabase";"Généré";"marque non détectée | image non vin";"/images/terminal-3/spirits/whisky/A86F32E6-6E4F-46D8-83D7-2ABF7EAF587F.PNG";"";"103.00";""
"70000000-0000-0000-0000-0000700000cd";"Ballantine's London Dry";"ballantine-s-ballantine-s-london-dry-205";"Ballantine's";"Spiritueux";"REAL_REVIEW";"seed-to-supabase";"sous-catégorie incohérente: DB=GIN image=Whisky";"seed-to-supabase";"Probable";"sous-catégorie incohérente: DB=GIN image=Whisky";"/images/terminal-3/spirits/whisky/AAF9C2CF-8ECC-4F0A-8DED-214761702F6B.PNG";"";"144.00";""
"70000000-0000-0000-0000-0000700000ce";"Famous Grouse Cream";"famous-grouse-famous-grouse-cream-206";"";"Spiritueux";"DEMO_GENERATED";"seed-to-supabase";"marque non détectée | sous-catégorie incohérente: DB=LIQUEUR image=Whisky";"seed-to-supabase";"Généré";"marque non détectée | sous-catégorie incohérente: DB=LIQUEUR image=Whisky";"/images/terminal-3/spirits/whisky/AE95F99F-A871-4EF0-8768-9A328E660EF4.PNG";"";"145.00";""
"70000000-0000-0000-0000-0000700000cf";"Rouge de Galilée 2025";"recanati-rouge-de-galilee-2025-207";"";"Vins";"DEMO_GENERATED";"seed-to-supabase";"marque non détectée | image non vin";"seed-to-supabase";"Généré";"marque non détectée | image non vin";"/images/terminal-3/spirits/whisky/B1B375EE-EBA9-459E-AC86-D1F5E1B8AE41.PNG";"";"106.00";""
"70000000-0000-0000-0000-0000700000d9";"Smirnoff V.S.O.P";"smirnoff-smirnoff-v-s-o-p-217";"Smirnoff";"Spiritueux";"REAL_REVIEW";"seed-to-supabase";"sous-catégorie incohérente: DB=COGNAC image=Whisky";"seed-to-supabase";"Probable";"sous-catégorie incohérente: DB=COGNAC image=Whisky";"/images/terminal-3/spirits/whisky/C6738FBE-0D43-48D6-9FCF-A137B64697E6.PNG";"";"156.00";""
"70000000-0000-0000-0000-0000700000da";"Baileys 12 ans";"baileys-baileys-12-ans-218";"Baileys";"Spiritueux";"REAL_REVIEW";"seed-to-supabase";"sous-catégorie incohérente: DB=RHUM image=Whisky";"seed-to-supabase";"Probable";"sous-catégorie incohérente: DB=RHUM image=Whisky";"/images/terminal-3/spirits/whisky/C6FC0F6A-D6DC-491E-9EAE-01DC5B93301A.PNG";"";"157.00";""
"70000000-0000-0000-0000-0000700000db";"Merlot 2037";"shiloh-merlot-2037-219";"";"Vins";"DUPLICATE_OR_INVALID";"seed-to-supabase";"millésime/année impossible: 2037 | marque non détectée | image non vin";"seed-to-supabase";"Invalide";"millésime/année impossible: 2037 | marque non détectée";"/images/terminal-3/spirits/whisky/C7232714-AD52-4F4F-BE75-C6D0C7B8C030.PNG";"";"118.00";""
"70000000-0000-0000-0000-0000700000dc";"Amarula Original";"amarula-amarula-original-220";"";"Spiritueux";"DEMO_GENERATED";"seed-to-supabase";"marque non détectée | sous-catégorie incohérente: DB=VODKA image=Whisky";"seed-to-supabase";"Généré";"marque non détectée | sous-catégorie incohérente: DB=VODKA image=Whisky";"/images/terminal-3/spirits/whisky/CA15B508-9D86-4DB6-9AD9-0BAB136878F7.PNG";"";"159.00";""
"70000000-0000-0000-0000-0000700000dd";"Cointreau Navy Strength";"cointreau-cointreau-navy-strength-221";"Cointreau";"Spiritueux";"REAL_REVIEW";"seed-to-supabase";"sous-catégorie incohérente: DB=GIN image=Whisky";"seed-to-supabase";"Probable";"sous-catégorie incohérente: DB=GIN image=Whisky";"/images/terminal-3/spirits/whisky/CB533A02-0B4D-42C7-A5B4-C0685A3F862C.PNG";"";"160.00";""
"70000000-0000-0000-0000-0000700000de";"Syrah 2020";"recanati-syrah-2020-222";"";"Vins";"DEMO_GENERATED";"seed-to-supabase";"marque non détectée | image non vin";"seed-to-supabase";"Généré";"marque non détectée | image non vin";"/images/terminal-3/spirits/whisky/CBF29EA3-AA56-439A-A550-341C7EF79C3F.PNG";"";"121.00";""
"70000000-0000-0000-0000-0000700000df";"Campari Anisé";"campari-campari-anise-223";"Campari";"Spiritueux";"REAL_REVIEW";"seed-to-supabase";"sous-catégorie incohérente: DB=ARAK image=Whisky";"seed-to-supabase";"Probable";"sous-catégorie incohérente: DB=ARAK image=Whisky";"/images/terminal-3/spirits/whisky/CCFC6ECB-FB57-4FD2-8F0E-FB125041A444.PNG";"";"162.00";""
"70000000-0000-0000-0000-0000700000e0";"Aperol 12 ans";"aperol-aperol-12-ans-224";"Aperol";"Spiritueux";"REAL_REVIEW";"seed-to-supabase";"sous-catégorie incohérente: DB=WHISKY image=Whisky";"seed-to-supabase";"Probable";"sous-catégorie incohérente: DB=WHISKY image=Whisky";"/images/terminal-3/spirits/whisky/CE7456AA-47F3-4BA7-9927-C0F6805D6204.PNG";"";"163.00";""
"70000000-0000-0000-0000-0000700000e1";"Rouge de Galilée 2023";"domaine-du-castel-rouge-de-galilee-2023-225";"";"Vins";"DEMO_GENERATED";"seed-to-supabase";"marque non détectée | image non vin";"seed-to-supabase";"Généré";"marque non détectée | image non vin";"/images/terminal-3/spirits/whisky/D1555ABE-B616-4D4F-A9A0-FC158D6F6EF7.PNG";"";"124.00";""
"70000000-0000-0000-0000-0000700000e2";"Pernod 15 ans";"pernod-pernod-15-ans-226";"Pernod";"Spiritueux";"REAL_REVIEW";"seed-to-supabase";"sous-catégorie incohérente: DB=RHUM image=Whisky";"seed-to-supabase";"Probable";"sous-catégorie incohérente: DB=RHUM image=Whisky";"/images/terminal-3/spirits/whisky/D2DE5B5D-2B73-4837-8A53-08931C020F96.PNG";"";"165.00";""
"70000000-0000-0000-0000-0000700000e3";"Ouzo Añejo";"ouzo-ouzo-anejo-227";"Ouzo";"Spiritueux";"REAL_REVIEW";"seed-to-supabase";"sous-catégorie incohérente: DB=TEQUILA image=Whisky";"seed-to-supabase";"Probable";"sous-catégorie incohérente: DB=TEQUILA image=Whisky";"/images/terminal-3/spirits/whisky/D3237FFE-3458-4A6A-987D-BFABC35E0C03.PNG";"";"166.00";""
"70000000-0000-0000-0000-0000700000e4";"Rosé 2026";"carmel-rose-2026-228";"";"Vins";"DEMO_GENERATED";"seed-to-supabase";"marque non détectée | image non vin";"seed-to-supabase";"Généré";"marque non détectée | image non vin";"/images/terminal-3/spirits/whisky/D336208C-B110-481A-A1ED-6D7127A8FB30.PNG";"";"127.00";""
"70000000-0000-0000-0000-0000700001ee";"Canadian Club";"canadian-club-canadian-club-494";"Canadian Club";"Spiritueux";"REAL_REVIEW";"seed-to-supabase";"sous-catégorie incohérente: DB=LIQUEUR image=Whisky";"seed-to-supabase";"Probable";"sous-catégorie incohérente: DB=LIQUEUR image=Whisky";"/images/terminal-3/spirits/whisky/D85772A5-B989-4FCE-963B-8092FC5BD80A.PNG";"";"133.00";""
"70000000-0000-0000-0000-0000700000e5";"Askalon";"askalon-askalon-229";"";"Spiritueux";"DEMO_GENERATED";"seed-to-supabase";"marque non détectée | sous-catégorie incohérente: DB=GIN image=Whisky";"seed-to-supabase";"Généré";"marque non détectée | sous-catégorie incohérente: DB=GIN image=Whisky";"/images/terminal-3/spirits/whisky/D3B33B20-FD70-4179-8AE0-D26FE77D0924.PNG";"";"168.00";""
"70000000-0000-0000-0000-0000700000e6";"Tubi 60 Original";"tubi-60-tubi-60-original-230";"";"Spiritueux";"DEMO_GENERATED";"seed-to-supabase";"marque non détectée | sous-catégorie incohérente: DB=LIQUEUR image=Whisky";"seed-to-supabase";"Généré";"marque non détectée | sous-catégorie incohérente: DB=LIQUEUR image=Whisky";"/images/terminal-3/spirits/whisky/D49E6A14-AAEA-4E1F-91B1-A64486E9A7DC.PNG";"";"169.00";""
"70000000-0000-0000-0000-0000700000e7";"Viognier 2029";"galil-mountain-viognier-2029-231";"";"Vins";"DUPLICATE_OR_INVALID";"seed-to-supabase";"millésime/année impossible: 2029 | marque non détectée | image non vin";"seed-to-supabase";"Invalide";"millésime/année impossible: 2029 | marque non détectée";"/images/terminal-3/spirits/whisky/D6F9B49D-3382-4BCC-A6FA-7A04801A1CED.PNG";"";"130.00";""
"70000000-0000-0000-0000-0000700000e8";"Chivas Regal 15 ans";"chivas-regal-chivas-regal-15-ans-232";"Chivas Regal";"Spiritueux";"REAL_REVIEW";"seed-to-supabase";"sous-catégorie incohérente: DB=WHISKY image=Whisky";"seed-to-supabase";"Probable";"sous-catégorie incohérente: DB=WHISKY image=Whisky";"/images/terminal-3/spirits/whisky/D85772A5-B989-4FCE-963B-8092FC5BD80A.PNG";"";"171.00";""
"70000000-0000-0000-0000-0000700000e9";"Glenfiddich";"glenfiddich-glenfiddich-233";"Glenfiddich";"Spiritueux";"REAL_REVIEW";"seed-to-supabase";"sous-catégorie incohérente: DB=COGNAC image=Whisky";"seed-to-supabase";"Probable";"sous-catégorie incohérente: DB=COGNAC image=Whisky";"/images/terminal-3/spirits/whisky/DE9CBC48-CEBA-46FD-82F2-B7C71EB19C10.PNG";"";"172.00";""
"70000000-0000-0000-0000-0000700000ea";"Petit Castel 2032";"shiloh-petit-castel-2032-234";"Castel";"Vins";"DUPLICATE_OR_INVALID";"seed-to-supabase";"millésime/année impossible: 2032 | image non vin";"seed-to-supabase";"Invalide";"millésime/année impossible: 2032 | image non vin";"/images/terminal-3/spirits/whisky/DF87F93C-61FE-47F1-9396-3F9CD37DCD3D.PNG";"";"133.00";""
"70000000-0000-0000-0000-0000700000eb";"Johnnie Walker Blanco";"johnnie-walker-johnnie-walker-blanco-235";"Johnnie Walker";"Spiritueux";"REAL_REVIEW";"seed-to-supabase";"sous-catégorie incohérente: DB=TEQUILA image=Whisky";"seed-to-supabase";"Probable";"sous-catégorie incohérente: DB=TEQUILA image=Whisky";"/images/terminal-3/spirits/whisky/E11D9656-AB8E-4240-8A94-CD64B7751016.PNG";"";"174.00";""
"70000000-0000-0000-0000-0000700000ec";"Jack Daniel's Citrus";"jack-daniel-s-jack-daniel-s-citrus-236";"Jack Daniel's";"Spiritueux";"REAL_REVIEW";"seed-to-supabase";"sous-catégorie incohérente: DB=VODKA image=Whisky";"seed-to-supabase";"Probable";"sous-catégorie incohérente: DB=VODKA image=Whisky";"/images/terminal-3/spirits/whisky/E1871D54-24C5-4FE3-A776-6D034437F1B4.PNG";"";"175.00";""
"70000000-0000-0000-0000-0000700000ed";"Merlot 2035";"recanati-merlot-2035-237";"";"Vins";"DUPLICATE_OR_INVALID";"seed-to-supabase";"millésime/année impossible: 2035 | marque non détectée | image non vin";"seed-to-supabase";"Invalide";"millésime/année impossible: 2035 | marque non détectée";"/images/terminal-3/spirits/whisky/E2281AA8-C639-4F57-82BD-35E72F2FBC7B.PNG";"";"136.00";""
"70000000-0000-0000-0000-0000700000ee";"Hennessy Coffee";"hennessy-hennessy-coffee-238";"Hennessy";"Spiritueux";"REAL_REVIEW";"seed-to-supabase";"sous-catégorie incohérente: DB=LIQUEUR image=Whisky";"seed-to-supabase";"Probable";"sous-catégorie incohérente: DB=LIQUEUR image=Whisky";"/images/terminal-3/spirits/whisky/E2EBB10A-664E-4605-8989-21C0A1514B72.PNG";"";"177.00";""
"70000000-0000-0000-0000-0000700000ef";"Remy Martin";"remy-martin-remy-martin-239";"Remy Martin";"Spiritueux";"REAL_REVIEW";"seed-to-supabase";"sous-catégorie incohérente: DB=ARAK image=Whisky";"seed-to-supabase";"Probable";"sous-catégorie incohérente: DB=ARAK image=Whisky";"/images/terminal-3/spirits/whisky/E3CA2C10-2EA5-4AAD-9B14-E380391E8013.PNG";"";"178.00";""
"70000000-0000-0000-0000-0000700000f0";"Syrah 2018";"domaine-du-castel-syrah-2018-240";"";"Vins";"DEMO_GENERATED";"seed-to-supabase";"marque non détectée | image non vin";"seed-to-supabase";"Généré";"marque non détectée | image non vin";"/images/terminal-3/spirits/whisky/E61D3573-3AE2-4D5E-B0FA-C8B6446F898F.PNG";"";"79.00";""
"70000000-0000-0000-0000-0000700000f1";"Havana Club V.S.O.P";"havana-club-havana-club-v-s-o-p-241";"";"Spiritueux";"DEMO_GENERATED";"seed-to-supabase";"marque non détectée | sous-catégorie incohérente: DB=COGNAC image=Whisky";"seed-to-supabase";"Généré";"marque non détectée | sous-catégorie incohérente: DB=COGNAC image=Whisky";"/images/terminal-3/spirits/whisky/E7BAB63A-1B17-4F15-A0CF-27574FB1D1E0.PNG";"";"180.00";""
"70000000-0000-0000-0000-0000700000f2";"Bacardi Épice";"bacardi-bacardi-epice-242";"";"Spiritueux";"DEMO_GENERATED";"seed-to-supabase";"marque non détectée | sous-catégorie incohérente: DB=RHUM image=Whisky";"seed-to-supabase";"Généré";"marque non détectée | sous-catégorie incohérente: DB=RHUM image=Whisky";"/images/terminal-3/spirits/whisky/E85C2754-5339-4FEC-9264-3FF7E1330E52.PNG";"";"181.00";""
"70000000-0000-0000-0000-0000700000f3";"Rouge de Galilée 2021";"carmel-rouge-de-galilee-2021-243";"";"Vins";"DEMO_GENERATED";"seed-to-supabase";"marque non détectée | image non vin";"seed-to-supabase";"Généré";"marque non détectée | image non vin";"/images/terminal-3/spirits/whisky/EAC70FBA-8EC8-42E8-B382-CDEF8D5D491B.PNG";"";"82.00";""
"70000000-0000-0000-0000-0000700000f4";"Don Julio";"don-julio-don-julio-244";"Don Julio";"Spiritueux";"REAL_REVIEW";"seed-to-supabase";"sous-catégorie incohérente: DB=VODKA image=Whisky";"seed-to-supabase";"Probable";"sous-catégorie incohérente: DB=VODKA image=Whisky";"/images/terminal-3/spirits/whisky/EC1D307E-EC48-4004-BD96-648D985C54A2.PNG";"";"183.00";""
"70000000-0000-0000-0000-0000700000f5";"Patrón London Dry";"patron-patron-london-dry-245";"";"Spiritueux";"DEMO_GENERATED";"seed-to-supabase";"marque non détectée | sous-catégorie incohérente: DB=GIN image=Whisky";"seed-to-supabase";"Généré";"marque non détectée | sous-catégorie incohérente: DB=GIN image=Whisky";"/images/terminal-3/spirits/whisky/ECE634FB-53AC-42E6-9463-C00BDA37A4EE.PNG";"";"184.00";""
"70000000-0000-0000-0000-0000700000f6";"Rosé 2024";"galil-mountain-rose-2024-246";"";"Vins";"DEMO_GENERATED";"seed-to-supabase";"marque non détectée | image non vin";"seed-to-supabase";"Généré";"marque non détectée | image non vin";"/images/terminal-3/spirits/whisky/EE2C220F-A837-4076-A341-030497C4D507.PNG";"";"85.00";""
"70000000-0000-0000-0000-0000700000f7";"Grey Goose Gold";"grey-goose-grey-goose-gold-247";"Grey Goose";"Spiritueux";"REAL_REVIEW";"seed-to-supabase";"sous-catégorie incohérente: DB=ARAK image=Whisky";"seed-to-supabase";"Probable";"sous-catégorie incohérente: DB=ARAK image=Whisky";"/images/terminal-3/spirits/whisky/EE531919-37DD-402A-A1BA-D3B648AF8FE1.PNG";"";"186.00";""
"70000000-0000-0000-0000-0000700000f8";"Belvedere Reserve";"belvedere-belvedere-reserve-248";"";"Spiritueux";"DEMO_GENERATED";"seed-to-supabase";"marque non détectée | sous-catégorie incohérente: DB=WHISKY image=Whisky";"seed-to-supabase";"Généré";"marque non détectée | sous-catégorie incohérente: DB=WHISKY image=Whisky";"/images/terminal-3/spirits/whisky/EF790DA2-F5CB-40DA-877A-E676E04EB475.PNG";"";"187.00";""
"70000000-0000-0000-0000-0000700000f9";"Viognier 2027";"shiloh-viognier-2027-249";"";"Vins";"DUPLICATE_OR_INVALID";"seed-to-supabase";"millésime/année impossible: 2027 | marque non détectée | image non vin";"seed-to-supabase";"Invalide";"millésime/année impossible: 2027 | marque non détectée";"/images/terminal-3/spirits/whisky/F0ED0A4B-995D-4EFA-A7E3-755D21D3127C.PNG";"";"88.00";""
"70000000-0000-0000-0000-000070000105";"Rouge de Galilée 2019";"galil-mountain-rouge-de-galilee-2019-261";"";"Vins";"DEMO_GENERATED";"seed-to-supabase";"marque non détectée | image non vin";"seed-to-supabase";"Généré";"marque non détectée | image non vin";"/images/terminal-3/spirits/whisky/spirit-whisky-02.webp";"";"100.00";""
"70000000-0000-0000-0000-000070000106";"Canadian Club Orange";"canadian-club-canadian-club-orange-262";"Canadian Club";"Spiritueux";"REAL_REVIEW";"seed-to-supabase";"sous-catégorie incohérente: DB=LIQUEUR image=Whisky";"seed-to-supabase";"Probable";"sous-catégorie incohérente: DB=LIQUEUR image=Whisky";"/images/terminal-3/spirits/whisky/spirit-whisky-03.webp";"";"201.00";""
"70000000-0000-0000-0000-000070000107";"Ballantine's Anisé";"ballantine-s-ballantine-s-anise-263";"Ballantine's";"Spiritueux";"REAL_REVIEW";"seed-to-supabase";"sous-catégorie incohérente: DB=ARAK image=Whisky";"seed-to-supabase";"Probable";"sous-catégorie incohérente: DB=ARAK image=Whisky";"/images/terminal-3/spirits/whisky/spirit-whisky-04.webp";"";"202.00";""
"70000000-0000-0000-0000-000070000108";"Rosé 2022";"shiloh-rose-2022-264";"";"Vins";"DEMO_GENERATED";"seed-to-supabase";"marque non détectée | image non vin";"seed-to-supabase";"Généré";"marque non détectée | image non vin";"/images/terminal-3/spirits/whisky/spirit-whisky-05.webp";"";"103.00";""
"70000000-0000-0000-0000-000070000109";"Teacher's V.S.O.P";"teacher-s-teacher-s-v-s-o-p-265";"Teacher's";"Spiritueux";"REAL_REVIEW";"seed-to-supabase";"sous-catégorie incohérente: DB=COGNAC image=Whisky";"seed-to-supabase";"Probable";"sous-catégorie incohérente: DB=COGNAC image=Whisky";"/images/terminal-3/spirits/whisky/spirit-whisky-06.webp";"";"204.00";""
"70000000-0000-0000-0000-00007000010a";"Dewar's 7 ans";"dewar-s-dewar-s-7-ans-266";"Dewar's";"Spiritueux";"REAL_REVIEW";"seed-to-supabase";"sous-catégorie incohérente: DB=RHUM image=Whisky";"seed-to-supabase";"Probable";"sous-catégorie incohérente: DB=RHUM image=Whisky";"/images/terminal-3/spirits/whisky/spirit-whisky-07.webp";"";"205.00";""
"70000000-0000-0000-0000-00007000010b";"Viognier 2025";"recanati-viognier-2025-267";"";"Vins";"DEMO_GENERATED";"seed-to-supabase";"marque non détectée | image non vin";"seed-to-supabase";"Généré";"marque non détectée | image non vin";"/images/terminal-3/spirits/whisky/spirit-whisky-08.webp";"";"106.00";""
"70000000-0000-0000-0000-00007000010c";"Tullamore Dew Berry";"tullamore-dew-tullamore-dew-berry-268";"";"Spiritueux";"DEMO_GENERATED";"seed-to-supabase";"marque non détectée | sous-catégorie incohérente: DB=VODKA image=Whisky";"seed-to-supabase";"Généré";"marque non détectée | sous-catégorie incohérente: DB=VODKA image=Whisky";"/images/terminal-3/spirits/whisky/spirit-whisky-09.webp";"";"207.00";""
"70000000-0000-0000-0000-000070000112";"Stolichnaya 12 ans";"stolichnaya-stolichnaya-12-ans-274";"";"Spiritueux";"DEMO_GENERATED";"seed-to-supabase";"marque non détectée | image non spiritueux | sous-catégorie incohérente: DB=RHUM image=Yarden";"seed-to-supabase";"Généré";"marque non détectée | image non spiritueux";"/images/terminal-3/wines/yarden/wines-yarden-03.webp";"";"213.00";""
"70000000-0000-0000-0000-000070000113";"Smirnoff Blanco";"smirnoff-smirnoff-blanco-275";"Smirnoff";"Spiritueux";"REAL_REVIEW";"seed-to-supabase";"image non spiritueux | sous-catégorie incohérente: DB=TEQUILA image=Yarden";"seed-to-supabase";"Probable";"image non spiritueux | sous-catégorie incohérente: DB=TEQUILA image=Yarden";"/images/terminal-3/wines/yarden/wines-yarden-04.webp";"";"214.00";""
"70000000-0000-0000-0000-000070000114";"Syrah 2034";"galil-mountain-syrah-2034-276";"";"Vins";"DUPLICATE_OR_INVALID";"seed-to-supabase";"millésime/année impossible: 2034 | marque non détectée";"seed-to-supabase";"Invalide";"millésime/année impossible: 2034 | marque non détectée";"/images/terminal-3/wines/yarden/wines-yarden-05.webp";"";"115.00";""
"70000000-0000-0000-0000-0000700001ef";"Rouge de Galilée 2031";"domaine-du-castel-rouge-de-galilee-2031-495";"";"Vins";"DUPLICATE_OR_INVALID";"seed-to-supabase";"millésime/année impossible: 2031 | marque non détectée | image non vin";"seed-to-supabase";"Invalide";"millésime/année impossible: 2031 | marque non détectée";"/images/terminal-3/spirits/whisky/DE9CBC48-CEBA-46FD-82F2-B7C71EB19C10.PNG";"";"94.00";""
"70000000-0000-0000-0000-0000700001f0";"Famous Grouse";"famous-grouse-famous-grouse-496";"";"Spiritueux";"DEMO_GENERATED";"seed-to-supabase";"marque non détectée | sous-catégorie incohérente: DB=WHISKY image=Whisky";"seed-to-supabase";"Généré";"marque non détectée | sous-catégorie incohérente: DB=WHISKY image=Whisky";"/images/terminal-3/spirits/whisky/DF87F93C-61FE-47F1-9396-3F9CD37DCD3D.PNG";"";"135.00";""
"70000000-0000-0000-0000-0000700001f1";"Teacher's";"teacher-s-teacher-s-497";"Teacher's";"Spiritueux";"REAL_REVIEW";"seed-to-supabase";"sous-catégorie incohérente: DB=COGNAC image=Whisky";"seed-to-supabase";"Probable";"sous-catégorie incohérente: DB=COGNAC image=Whisky";"/images/terminal-3/spirits/whisky/E11D9656-AB8E-4240-8A94-CD64B7751016.PNG";"";"136.00";""
"70000000-0000-0000-0000-0000700001f2";"Rosé 2034";"carmel-rose-2034-498";"";"Vins";"DUPLICATE_OR_INVALID";"seed-to-supabase";"millésime/année impossible: 2034 | marque non détectée | image non vin";"seed-to-supabase";"Invalide";"millésime/année impossible: 2034 | marque non détectée";"/images/terminal-3/spirits/whisky/E1871D54-24C5-4FE3-A776-6D034437F1B4.PNG";"";"97.00";""
"70000000-0000-0000-0000-0000700001f3";"Bushmills";"bushmills-bushmills-499";"Bushmills";"Spiritueux";"REAL_REVIEW";"seed-to-supabase";"sous-catégorie incohérente: DB=TEQUILA image=Whisky";"seed-to-supabase";"Probable";"sous-catégorie incohérente: DB=TEQUILA image=Whisky";"/images/terminal-3/spirits/whisky/E2281AA8-C639-4F57-82BD-35E72F2FBC7B.PNG";"";"138.00";""
"70000000-0000-0000-0000-0000700001f4";"Tullamore Dew Original";"tullamore-dew-tullamore-dew-original-500";"";"Spiritueux";"DEMO_GENERATED";"seed-to-supabase";"marque non détectée | sous-catégorie incohérente: DB=VODKA image=Whisky";"seed-to-supabase";"Généré";"marque non détectée | sous-catégorie incohérente: DB=VODKA image=Whisky";"/images/terminal-3/spirits/whisky/E2EBB10A-664E-4605-8989-21C0A1514B72.PNG";"";"139.00";""
"70000000-0000-0000-0000-0000700001f5";"Viognier 2037";"galil-mountain-viognier-2037-501";"";"Vins";"DUPLICATE_OR_INVALID";"seed-to-supabase";"millésime/année impossible: 2037 | marque non détectée | image non vin";"seed-to-supabase";"Invalide";"millésime/année impossible: 2037 | marque non détectée";"/images/terminal-3/spirits/whisky/E3CA2C10-2EA5-4AAD-9B14-E380391E8013.PNG";"";"100.00";""
"70000000-0000-0000-0000-0000700001f6";"Khvanchkara Orange";"khvanchkara-khvanchkara-orange-502";"Khvanchkara";"Spiritueux";"REAL_REVIEW";"seed-to-supabase";"sous-catégorie incohérente: DB=LIQUEUR image=Whisky";"seed-to-supabase";"Probable";"sous-catégorie incohérente: DB=LIQUEUR image=Whisky";"/images/terminal-3/spirits/whisky/E61D3573-3AE2-4D5E-B0FA-C8B6446F898F.PNG";"";"141.00";""
"70000000-0000-0000-0000-00007000000b";"Mount Gay Reposado";"mount-gay-mount-gay-reposado-11";"";"Spiritueux";"DEMO_GENERATED";"seed-to-supabase";"marque non détectée | image non spiritueux | sous-catégorie incohérente: DB=TEQUILA image=Yarden";"seed-to-supabase";"Généré";"marque non détectée | image non spiritueux";"/images/terminal-3/wines/yarden/wines-yarden-02.webp";"";"100.00";""
"70000000-0000-0000-0000-0000700001f7";"Ketel One Anisé";"ketel-one-ketel-one-anise-503";"";"Spiritueux";"DEMO_GENERATED";"seed-to-supabase";"marque non détectée | sous-catégorie incohérente: DB=ARAK image=Whisky";"seed-to-supabase";"Généré";"marque non détectée | sous-catégorie incohérente: DB=ARAK image=Whisky";"/images/terminal-3/spirits/whisky/E7BAB63A-1B17-4F15-A0CF-27574FB1D1E0.PNG";"";"142.00";""
"70000000-0000-0000-0000-0000700001f8";"Petit Castel 2020";"shiloh-petit-castel-2020-504";"Castel";"Vins";"REAL_REVIEW";"seed-to-supabase";"image non vin";"seed-to-supabase";"Probable";"image non vin";"/images/terminal-3/spirits/whisky/E85C2754-5339-4FEC-9264-3FF7E1330E52.PNG";"";"103.00";""
"70000000-0000-0000-0000-0000700001f9";"Beluga V.S.O.P";"beluga-beluga-v-s-o-p-505";"Beluga";"Spiritueux";"REAL_REVIEW";"seed-to-supabase";"sous-catégorie incohérente: DB=COGNAC image=Whisky";"seed-to-supabase";"Probable";"sous-catégorie incohérente: DB=COGNAC image=Whisky";"/images/terminal-3/spirits/whisky/EAC70FBA-8EC8-42E8-B382-CDEF8D5D491B.PNG";"";"144.00";""
"70000000-0000-0000-0000-0000700001fa";"Stolichnaya 15 ans";"stolichnaya-stolichnaya-15-ans-506";"";"Spiritueux";"DEMO_GENERATED";"seed-to-supabase";"marque non détectée | sous-catégorie incohérente: DB=RHUM image=Whisky";"seed-to-supabase";"Généré";"marque non détectée | sous-catégorie incohérente: DB=RHUM image=Whisky";"/images/terminal-3/spirits/whisky/EC1D307E-EC48-4004-BD96-648D985C54A2.PNG";"";"145.00";""
"70000000-0000-0000-0000-00007000000c";"Rosé 2030";"recanati-rose-2030-12";"";"Vins";"DUPLICATE_OR_INVALID";"seed-to-supabase";"millésime/année impossible: 2030 | marque non détectée";"seed-to-supabase";"Invalide";"millésime/année impossible: 2030 | marque non détectée";"/images/terminal-3/wines/yarden/wines-yarden-03.webp";"";"91.00";""
"70000000-0000-0000-0000-00007000000d";"Patrón Mediterranean";"patron-patron-mediterranean-13";"";"Spiritueux";"DEMO_GENERATED";"seed-to-supabase";"marque non détectée | image non spiritueux | sous-catégorie incohérente: DB=GIN image=Yarden";"seed-to-supabase";"Généré";"marque non détectée | image non spiritueux";"/images/terminal-3/wines/yarden/wines-yarden-04.webp";"";"102.00";""
"70000000-0000-0000-0000-00007000000e";"Jose Cuervo";"jose-cuervo-jose-cuervo-14";"";"Spiritueux";"DEMO_GENERATED";"seed-to-supabase";"marque non détectée | image non spiritueux | sous-catégorie incohérente: DB=LIQUEUR image=Yarden";"seed-to-supabase";"Généré";"marque non détectée | image non spiritueux";"/images/terminal-3/wines/yarden/wines-yarden-05.webp";"";"103.00";""
"70000000-0000-0000-0000-00007000000f";"Viognier 2033";"domaine-du-castel-viognier-2033-15";"";"Vins";"DUPLICATE_OR_INVALID";"seed-to-supabase";"millésime/année impossible: 2033 | marque non détectée";"seed-to-supabase";"Invalide";"millésime/année impossible: 2033 | marque non détectée";"/images/terminal-3/wines/yarden/wines-yarden-06.webp";"";"94.00";""
"70000000-0000-0000-0000-000070000010";"Belvedere 18 ans";"belvedere-belvedere-18-ans-16";"";"Spiritueux";"DEMO_GENERATED";"seed-to-supabase";"marque non détectée | image non spiritueux | sous-catégorie incohérente: DB=WHISKY image=Yarden";"seed-to-supabase";"Généré";"marque non détectée | image non spiritueux";"/images/terminal-3/wines/yarden/wines-yarden-07.webp";"";"105.00";""
"70000000-0000-0000-0000-000070000011";"Absolut";"absolut-absolut-17";"Absolut";"Spiritueux";"REAL_REVIEW";"seed-to-supabase";"image non spiritueux | sous-catégorie incohérente: DB=COGNAC image=Yarden";"seed-to-supabase";"Probable";"image non spiritueux | sous-catégorie incohérente: DB=COGNAC image=Yarden";"/images/terminal-3/wines/yarden/wines-yarden-08.webp";"";"106.00";""
"70000000-0000-0000-0000-000070000012";"Petit Castel 2036";"carmel-petit-castel-2036-18";"Castel";"Vins";"DUPLICATE_OR_INVALID";"seed-to-supabase";"millésime/année impossible: 2036";"seed-to-supabase";"Invalide";"millésime/année impossible: 2036";"/images/terminal-3/wines/yarden/wines-yarden-09.webp";"";"97.00";""
"70000000-0000-0000-0000-00007000010d";"Ararat";"ararat-ararat-269";"Ararat";"Spiritueux";"REAL_REVIEW";"seed-to-supabase";"sous-catégorie incohérente: DB=GIN image=Whisky";"seed-to-supabase";"Probable";"sous-catégorie incohérente: DB=GIN image=Whisky";"/images/terminal-3/spirits/whisky/spirit-whisky-10.webp";"";"208.00";""
"70000000-0000-0000-0000-00007000010e";"Petit Castel 2028";"domaine-du-castel-petit-castel-2028-270";"Castel";"Vins";"DUPLICATE_OR_INVALID";"seed-to-supabase";"millésime/année impossible: 2028 | image non vin";"seed-to-supabase";"Invalide";"millésime/année impossible: 2028 | image non vin";"/images/terminal-3/spirits/whisky/spirit-whisky-11.webp";"";"109.00";""
"70000000-0000-0000-0000-00007000010f";"Ketel One Classic";"ketel-one-ketel-one-classic-271";"";"Spiritueux";"DEMO_GENERATED";"seed-to-supabase";"marque non détectée | image non spiritueux | sous-catégorie incohérente: DB=ARAK image=Castel";"seed-to-supabase";"Généré";"marque non détectée | image non spiritueux";"/images/terminal-3/wines/castel/petit-castel-2020.png";"";"210.00";""
"70000000-0000-0000-0000-000070000110";"Cîroc";"ciroc-ciroc-272";"Cîroc";"Spiritueux";"REAL_REVIEW";"seed-to-supabase";"image non spiritueux | sous-catégorie incohérente: DB=WHISKY image=Yarden";"seed-to-supabase";"Probable";"image non spiritueux | sous-catégorie incohérente: DB=WHISKY image=Yarden";"/images/terminal-3/wines/yarden/wines-yarden-01.webp";"";"211.00";""
"70000000-0000-0000-0000-000070000116";"Amarula Coffee";"amarula-amarula-coffee-278";"";"Spiritueux";"DEMO_GENERATED";"seed-to-supabase";"marque non détectée | image non spiritueux | sous-catégorie incohérente: DB=LIQUEUR image=Yarden";"seed-to-supabase";"Généré";"marque non détectée | image non spiritueux";"/images/terminal-3/wines/yarden/wines-yarden-07.webp";"";"217.00";""
"70000000-0000-0000-0000-000070000117";"Rouge de Galilée 2037";"shiloh-rouge-de-galilee-2037-279";"";"Vins";"DUPLICATE_OR_INVALID";"seed-to-supabase";"millésime/année impossible: 2037 | marque non détectée";"seed-to-supabase";"Invalide";"millésime/année impossible: 2037 | marque non détectée";"/images/terminal-3/wines/yarden/wines-yarden-08.webp";"";"118.00";""
"70000000-0000-0000-0000-000070000118";"Grand Marnier 12 ans";"grand-marnier-grand-marnier-12-ans-280";"Grand Marnier";"Spiritueux";"REAL_REVIEW";"seed-to-supabase";"image non spiritueux | sous-catégorie incohérente: DB=WHISKY image=Yarden";"seed-to-supabase";"Probable";"image non spiritueux | sous-catégorie incohérente: DB=WHISKY image=Yarden";"/images/terminal-3/wines/yarden/wines-yarden-09.webp";"";"219.00";""
"70000000-0000-0000-0000-000070000119";"Campari";"campari-campari-281";"Campari";"Spiritueux";"REAL_REVIEW";"seed-to-supabase";"image non spiritueux | sous-catégorie incohérente: DB=COGNAC image=Yarden";"seed-to-supabase";"Probable";"image non spiritueux | sous-catégorie incohérente: DB=COGNAC image=Yarden";"/images/terminal-3/wines/yarden/wines-yarden-10.webp";"";"220.00";""
"70000000-0000-0000-0000-0000700001fb";"Merlot 2023";"recanati-merlot-2023-507";"";"Vins";"DEMO_GENERATED";"seed-to-supabase";"marque non détectée | image non vin";"seed-to-supabase";"Généré";"marque non détectée | image non vin";"/images/terminal-3/spirits/whisky/ECE634FB-53AC-42E6-9463-C00BDA37A4EE.PNG";"";"106.00";""
"70000000-0000-0000-0000-000070000013";"Tanqueray";"tanqueray-tanqueray-19";"";"Spiritueux";"DEMO_GENERATED";"seed-to-supabase";"marque non détectée | image non spiritueux | sous-catégorie incohérente: DB=TEQUILA image=Yarden";"seed-to-supabase";"Généré";"marque non détectée | image non spiritueux";"/images/terminal-3/wines/yarden/wines-yarden-10.webp";"";"108.00";""
"70000000-0000-0000-0000-0000700000d6";"Cîroc";"ciroc-ciroc-214";"Cîroc";"Spiritueux";"REAL_REVIEW";"seed-to-supabase";"sous-catégorie incohérente: DB=LIQUEUR image=Whisky";"seed-to-supabase";"Probable";"sous-catégorie incohérente: DB=LIQUEUR image=Whisky";"/images/terminal-3/spirits/whisky/C383A7CB-7A43-4DFD-A8DA-BC025E0FAFE1.PNG";"";"153.00";""
"70000000-0000-0000-0000-000070000115";"Kahlúa Floral";"kahlua-kahlua-floral-277";"Kahlúa";"Spiritueux";"REAL_REVIEW";"seed-to-supabase";"image non spiritueux | sous-catégorie incohérente: DB=GIN image=Yarden";"seed-to-supabase";"Probable";"image non spiritueux | sous-catégorie incohérente: DB=GIN image=Yarden";"/images/terminal-3/wines/yarden/wines-yarden-06.webp";"";"216.00";""
"70000000-0000-0000-0000-00007000011a";"Rosé 2020";"recanati-rose-2020-282";"";"Vins";"DEMO_GENERATED";"seed-to-supabase";"marque non détectée";"seed-to-supabase";"Généré";"marque non détectée";"/images/terminal-3/wines/yarden/wines-yarden-11.webp";"";"121.00";""
"70000000-0000-0000-0000-00007000011b";"Ricard Extra Añejo";"ricard-ricard-extra-anejo-283";"Ricard";"Spiritueux";"REAL_REVIEW";"seed-to-supabase";"image non spiritueux | sous-catégorie incohérente: DB=TEQUILA image=Yarden";"seed-to-supabase";"Probable";"image non spiritueux | sous-catégorie incohérente: DB=TEQUILA image=Yarden";"/images/terminal-3/wines/yarden/wines-yarden-12.webp";"";"222.00";""
"70000000-0000-0000-0000-00007000011c";"Pernod";"pernod-pernod-284";"Pernod";"Spiritueux";"REAL_REVIEW";"seed-to-supabase";"image non spiritueux | sous-catégorie incohérente: DB=VODKA image=Yarden";"seed-to-supabase";"Probable";"image non spiritueux | sous-catégorie incohérente: DB=VODKA image=Yarden";"/images/terminal-3/wines/yarden/wines-yarden-13.webp";"";"223.00";""
"70000000-0000-0000-0000-00007000011d";"Viognier 2023";"domaine-du-castel-viognier-2023-285";"";"Vins";"DEMO_GENERATED";"seed-to-supabase";"marque non détectée";"seed-to-supabase";"Généré";"marque non détectée";"/images/terminal-3/wines/yarden/wines-yarden-14.webp";"";"124.00";""
"70000000-0000-0000-0000-00007000011e";"Arak Elite Cream";"arak-elite-arak-elite-cream-286";"";"Spiritueux";"DEMO_GENERATED";"seed-to-supabase";"marque non détectée | image non spiritueux | sous-catégorie incohérente: DB=LIQUEUR image=Yarden";"seed-to-supabase";"Généré";"marque non détectée | image non spiritueux";"/images/terminal-3/wines/yarden/wines-yarden-15.webp";"";"225.00";""
"70000000-0000-0000-0000-00007000011f";"Askalon Gold";"askalon-askalon-gold-287";"";"Spiritueux";"DEMO_GENERATED";"seed-to-supabase";"marque non détectée | image non spiritueux | sous-catégorie incohérente: DB=ARAK image=Yarden";"seed-to-supabase";"Généré";"marque non détectée | image non spiritueux";"/images/terminal-3/wines/yarden/wines-yarden-16.webp";"";"226.00";""
"70000000-0000-0000-0000-000070000120";"Petit Castel 2026";"carmel-petit-castel-2026-288";"Castel";"Vins";"REAL_CONFIRMED";"seed-to-supabase";"données cohérentes";"seed-to-supabase";"Certain";"";"/images/terminal-3/wines/yarden/wines-yarden-17.webp";"";"127.00";""
"70000000-0000-0000-0000-000070000121";"Jägermeister V.S.O.P";"jagermeister-jagermeister-v-s-o-p-289";"Jägermeister";"Spiritueux";"REAL_REVIEW";"seed-to-supabase";"image non spiritueux | sous-catégorie incohérente: DB=COGNAC image=Yarden";"seed-to-supabase";"Probable";"image non spiritueux | sous-catégorie incohérente: DB=COGNAC image=Yarden";"/images/terminal-3/wines/yarden/wines-yarden-18.webp";"";"228.00";""
"70000000-0000-0000-0000-000070000122";"Chivas Regal Blanc";"chivas-regal-chivas-regal-blanc-290";"Chivas Regal";"Spiritueux";"REAL_REVIEW";"seed-to-supabase";"image non spiritueux | sous-catégorie incohérente: DB=RHUM image=Autres vins";"seed-to-supabase";"Probable";"image non spiritueux | sous-catégorie incohérente: DB=RHUM image=Autres vins";"/images/terminal-3/wines/other-brands/wine-other-brand-01.webp";"";"229.00";""
"70000000-0000-0000-0000-000070000123";"Merlot 2029";"galil-mountain-merlot-2029-291";"";"Vins";"DUPLICATE_OR_INVALID";"seed-to-supabase";"millésime/année impossible: 2029 | marque non détectée";"seed-to-supabase";"Invalide";"millésime/année impossible: 2029 | marque non détectée";"/images/terminal-3/wines/other-brands/wine-other-brand-02.webp";"";"130.00";""
"70000000-0000-0000-0000-000070000124";"Glenlivet Vanilla";"glenlivet-glenlivet-vanilla-292";"";"Spiritueux";"DEMO_GENERATED";"seed-to-supabase";"marque non détectée | image non spiritueux | sous-catégorie incohérente: DB=VODKA image=Autres vins";"seed-to-supabase";"Généré";"marque non détectée | image non spiritueux";"/images/terminal-3/wines/other-brands/wine-other-brand-03.webp";"";"231.00";""
"70000000-0000-0000-0000-000070000125";"Johnnie Walker Mediterranean";"johnnie-walker-johnnie-walker-mediterranean-293";"Johnnie Walker";"Spiritueux";"REAL_REVIEW";"seed-to-supabase";"image non spiritueux | sous-catégorie incohérente: DB=GIN image=Autres vins";"seed-to-supabase";"Probable";"image non spiritueux | sous-catégorie incohérente: DB=GIN image=Autres vins";"/images/terminal-3/wines/other-brands/wine-other-brand-04.webp";"";"232.00";""
"70000000-0000-0000-0000-000070000126";"Syrah 2032";"shiloh-syrah-2032-294";"";"Vins";"DUPLICATE_OR_INVALID";"seed-to-supabase";"millésime/année impossible: 2032 | marque non détectée";"seed-to-supabase";"Invalide";"millésime/année impossible: 2032 | marque non détectée";"/images/terminal-3/wines/other-brands/wine-other-brand-05.webp";"";"133.00";""
"70000000-0000-0000-0000-000070000127";"Jameson Elite";"jameson-jameson-elite-295";"Jameson";"Spiritueux";"REAL_REVIEW";"seed-to-supabase";"image non spiritueux | sous-catégorie incohérente: DB=ARAK image=Autres vins";"seed-to-supabase";"Probable";"image non spiritueux | sous-catégorie incohérente: DB=ARAK image=Autres vins";"/images/terminal-3/wines/other-brands/wine-other-brand-06.webp";"";"234.00";""
"70000000-0000-0000-0000-0000700001fc";"Baileys Berry";"baileys-baileys-berry-508";"Baileys";"Spiritueux";"REAL_REVIEW";"seed-to-supabase";"sous-catégorie incohérente: DB=VODKA image=Whisky";"seed-to-supabase";"Probable";"sous-catégorie incohérente: DB=VODKA image=Whisky";"/images/terminal-3/spirits/whisky/EE2C220F-A837-4076-A341-030497C4D507.PNG";"";"147.00";""
"70000000-0000-0000-0000-000070000128";"Hennessy 18 ans";"hennessy-hennessy-18-ans-296";"Hennessy";"Spiritueux";"REAL_REVIEW";"seed-to-supabase";"image non spiritueux | sous-catégorie incohérente: DB=WHISKY image=Autres vins";"seed-to-supabase";"Probable";"image non spiritueux | sous-catégorie incohérente: DB=WHISKY image=Autres vins";"/images/terminal-3/wines/other-brands/wine-other-brand-07.webp";"";"235.00";""
"70000000-0000-0000-0000-0000700001fd";"Kahlúa";"kahlua-kahlua-509";"Kahlúa";"Spiritueux";"REAL_REVIEW";"seed-to-supabase";"sous-catégorie incohérente: DB=GIN image=Whisky";"seed-to-supabase";"Probable";"sous-catégorie incohérente: DB=GIN image=Whisky";"/images/terminal-3/spirits/whisky/EE531919-37DD-402A-A1BA-D3B648AF8FE1.PNG";"";"148.00";""
"70000000-0000-0000-0000-0000700001fe";"Syrah 2026";"domaine-du-castel-syrah-2026-510";"";"Vins";"DEMO_GENERATED";"seed-to-supabase";"marque non détectée | image non vin";"seed-to-supabase";"Généré";"marque non détectée | image non vin";"/images/terminal-3/spirits/whisky/EF790DA2-F5CB-40DA-877A-E676E04EB475.PNG";"";"109.00";""
"70000000-0000-0000-0000-0000700001ff";"Cointreau Classic";"cointreau-cointreau-classic-511";"Cointreau";"Spiritueux";"REAL_REVIEW";"seed-to-supabase";"sous-catégorie incohérente: DB=ARAK image=Whisky";"seed-to-supabase";"Probable";"sous-catégorie incohérente: DB=ARAK image=Whisky";"/images/terminal-3/spirits/whisky/F0ED0A4B-995D-4EFA-A7E3-755D21D3127C.PNG";"";"150.00";""
"70000000-0000-0000-0000-000070000014";"Hendrick's Original";"hendrick-s-hendrick-s-original-20";"";"Spiritueux";"DEMO_GENERATED";"seed-to-supabase";"marque non détectée | image non spiritueux | sous-catégorie incohérente: DB=VODKA image=Yarden";"seed-to-supabase";"Généré";"marque non détectée | image non spiritueux";"/images/terminal-3/wines/yarden/wines-yarden-11.webp";"";"109.00";""
"70000000-0000-0000-0000-000070000015";"Merlot 2019";"galil-mountain-merlot-2019-21";"";"Vins";"DEMO_GENERATED";"seed-to-supabase";"marque non détectée";"seed-to-supabase";"Généré";"marque non détectée";"/images/terminal-3/wines/yarden/wines-yarden-12.webp";"";"100.00";""
"70000000-0000-0000-0000-000070000129";"Rouge de Galilée 2035";"recanati-rouge-de-galilee-2035-297";"";"Vins";"DUPLICATE_OR_INVALID";"seed-to-supabase";"millésime/année impossible: 2035 | marque non détectée";"seed-to-supabase";"Invalide";"millésime/année impossible: 2035 | marque non détectée";"/images/terminal-3/wines/other-brands/wine-other-brand-08.webp";"";"136.00";""
"70000000-0000-0000-0000-00007000012a";"Courvoisier Épice";"courvoisier-courvoisier-epice-298";"";"Spiritueux";"DEMO_GENERATED";"seed-to-supabase";"marque non détectée | image non spiritueux | sous-catégorie incohérente: DB=RHUM image=Autres vins";"seed-to-supabase";"Généré";"marque non détectée | image non spiritueux";"/images/terminal-3/wines/other-brands/wine-other-brand-09.webp";"";"237.00";""
"70000000-0000-0000-0000-00007000012b";"Havana Club";"havana-club-havana-club-299";"";"Spiritueux";"DEMO_GENERATED";"seed-to-supabase";"marque non détectée | image non spiritueux | sous-catégorie incohérente: DB=TEQUILA image=Autres vins";"seed-to-supabase";"Généré";"marque non détectée | image non spiritueux";"/images/terminal-3/wines/other-brands/wine-other-brand-10.webp";"";"238.00";""
"70000000-0000-0000-0000-000070000130";"Jose Cuervo Reserve";"jose-cuervo-jose-cuervo-reserve-304";"";"Spiritueux";"DEMO_GENERATED";"seed-to-supabase";"marque non détectée | image non spiritueux | sous-catégorie incohérente: DB=WHISKY image=Autres vins";"seed-to-supabase";"Généré";"marque non détectée | image non spiritueux";"/images/terminal-3/wines/other-brands/wine-other-brand-15.webp";"";"93.00";""
"70000000-0000-0000-0000-000070000131";"Grey Goose";"grey-goose-grey-goose-305";"Grey Goose";"Spiritueux";"REAL_REVIEW";"seed-to-supabase";"image non spiritueux | sous-catégorie incohérente: DB=COGNAC image=Autres vins";"seed-to-supabase";"Probable";"image non spiritueux | sous-catégorie incohérente: DB=COGNAC image=Autres vins";"/images/terminal-3/wines/other-brands/wine-other-brand-16.webp";"";"94.00";""
"70000000-0000-0000-0000-000070000132";"Petit Castel 2024";"galil-mountain-petit-castel-2024-306";"Castel";"Vins";"REAL_CONFIRMED";"seed-to-supabase";"données cohérentes";"seed-to-supabase";"Certain";"";"/images/terminal-3/wines/other-brands/wine-other-brand-17.webp";"";"85.00";""
"70000000-0000-0000-0000-000070000133";"Absolut Añejo";"absolut-absolut-anejo-307";"Absolut";"Spiritueux";"REAL_REVIEW";"seed-to-supabase";"image non spiritueux | sous-catégorie incohérente: DB=TEQUILA image=Autres vins";"seed-to-supabase";"Probable";"image non spiritueux | sous-catégorie incohérente: DB=TEQUILA image=Autres vins";"/images/terminal-3/wines/other-brands/wine-other-brand-18.webp";"";"96.00";""
"70000000-0000-0000-0000-000070000200";"Grand Marnier 15 ans";"grand-marnier-grand-marnier-15-ans-512";"Grand Marnier";"Spiritueux";"REAL_REVIEW";"seed-to-supabase";"sous-catégorie incohérente: DB=WHISKY image=Whisky";"seed-to-supabase";"Probable";"sous-catégorie incohérente: DB=WHISKY image=Whisky";"/images/terminal-3/spirits/whisky/F214B2C1-82C2-46C7-897E-78090749AE74.PNG";"";"151.00";""
"70000000-0000-0000-0000-000070000201";"Rouge de Galilée 2029";"carmel-rouge-de-galilee-2029-513";"";"Vins";"DUPLICATE_OR_INVALID";"seed-to-supabase";"millésime/année impossible: 2029 | marque non détectée | image non vin";"seed-to-supabase";"Invalide";"millésime/année impossible: 2029 | marque non détectée";"/images/terminal-3/spirits/whisky/F72C340F-02AB-4880-B4F6-ED42BD8DD5F2.PNG";"";"112.00";""
"70000000-0000-0000-0000-000070000202";"Aperol Blanc";"aperol-aperol-blanc-514";"Aperol";"Spiritueux";"REAL_REVIEW";"seed-to-supabase";"sous-catégorie incohérente: DB=RHUM image=Whisky";"seed-to-supabase";"Probable";"sous-catégorie incohérente: DB=RHUM image=Whisky";"/images/terminal-3/spirits/whisky/F8A43CA7-0392-40D0-8FA6-83FDD30EB8DD.PNG";"";"153.00";""
"70000000-0000-0000-0000-000070000203";"Ricard Blanco";"ricard-ricard-blanco-515";"Ricard";"Spiritueux";"REAL_REVIEW";"seed-to-supabase";"sous-catégorie incohérente: DB=TEQUILA image=Whisky";"seed-to-supabase";"Probable";"sous-catégorie incohérente: DB=TEQUILA image=Whisky";"/images/terminal-3/spirits/whisky/F9867067-E97B-407E-A767-175EFC9A3A73.PNG";"";"154.00";""
"70000000-0000-0000-0000-000070000204";"Rosé 2032";"galil-mountain-rose-2032-516";"";"Vins";"DUPLICATE_OR_INVALID";"seed-to-supabase";"millésime/année impossible: 2032 | marque non détectée | image non vin";"seed-to-supabase";"Invalide";"millésime/année impossible: 2032 | marque non détectée";"/images/terminal-3/spirits/whisky/F9C87EB5-9D17-4BA6-BAC8-2869E97581F7.PNG";"";"115.00";""
"70000000-0000-0000-0000-000070000137";"Macallan Classic";"macallan-macallan-classic-311";"Macallan";"Spiritueux";"REAL_REVIEW";"seed-to-supabase";"image non spiritueux | sous-catégorie incohérente: DB=ARAK image=Autres vins";"seed-to-supabase";"Probable";"image non spiritueux | sous-catégorie incohérente: DB=ARAK image=Autres vins";"/images/terminal-3/wines/other-brands/wine-other-brand-22.webp";"";"100.00";""
"70000000-0000-0000-0000-000070000138";"Syrah 2030";"recanati-syrah-2030-312";"";"Vins";"DUPLICATE_OR_INVALID";"seed-to-supabase";"millésime/année impossible: 2030 | marque non détectée";"seed-to-supabase";"Invalide";"millésime/année impossible: 2030 | marque non détectée";"/images/terminal-3/wines/other-brands/wine-other-brand-23.webp";"";"91.00";""
"70000000-0000-0000-0000-000070000205";"Ouzo Floral";"ouzo-ouzo-floral-517";"Ouzo";"Spiritueux";"REAL_REVIEW";"seed-to-supabase";"sous-catégorie incohérente: DB=GIN image=Whisky";"seed-to-supabase";"Probable";"sous-catégorie incohérente: DB=GIN image=Whisky";"/images/terminal-3/spirits/whisky/FAA756F1-F7D8-40EC-804A-D6BB5EEBAFF4.PNG";"";"156.00";""
"70000000-0000-0000-0000-000070000206";"Arak Elite Coffee";"arak-elite-arak-elite-coffee-518";"";"Spiritueux";"DEMO_GENERATED";"seed-to-supabase";"marque non détectée | sous-catégorie incohérente: DB=LIQUEUR image=Whisky";"seed-to-supabase";"Généré";"marque non détectée | sous-catégorie incohérente: DB=LIQUEUR image=Whisky";"/images/terminal-3/spirits/whisky/FBE6F6AB-0489-4B34-B893-001C9936164D.PNG";"";"157.00";""
"70000000-0000-0000-0000-000070000139";"Lagavulin V.S.O.P";"lagavulin-lagavulin-v-s-o-p-313";"Lagavulin";"Spiritueux";"REAL_REVIEW";"seed-to-supabase";"image non spiritueux | sous-catégorie incohérente: DB=COGNAC image=Autres vins";"seed-to-supabase";"Probable";"image non spiritueux | sous-catégorie incohérente: DB=COGNAC image=Autres vins";"/images/terminal-3/wines/other-brands/wine-other-brand-24.webp";"";"102.00";""
"70000000-0000-0000-0000-00007000013a";"Laphroaig";"laphroaig-laphroaig-314";"Laphroaig";"Spiritueux";"REAL_REVIEW";"seed-to-supabase";"image non spiritueux | sous-catégorie incohérente: DB=RHUM image=Autres vins";"seed-to-supabase";"Probable";"image non spiritueux | sous-catégorie incohérente: DB=RHUM image=Autres vins";"/images/terminal-3/wines/other-brands/wine-other-brand-25.webp";"";"103.00";""
"70000000-0000-0000-0000-00007000013b";"Rouge de Galilée 2033";"domaine-du-castel-rouge-de-galilee-2033-315";"";"Vins";"DUPLICATE_OR_INVALID";"seed-to-supabase";"millésime/année impossible: 2033 | marque non détectée";"seed-to-supabase";"Invalide";"millésime/année impossible: 2033 | marque non détectée";"/images/terminal-3/wines/other-brands/wine-other-brand-26.webp";"";"94.00";""
"70000000-0000-0000-0000-00007000013c";"Yamazaki Citrus";"yamazaki-yamazaki-citrus-316";"Yamazaki";"Spiritueux";"REAL_REVIEW";"seed-to-supabase";"image non spiritueux | sous-catégorie incohérente: DB=VODKA image=Autres vins";"seed-to-supabase";"Probable";"image non spiritueux | sous-catégorie incohérente: DB=VODKA image=Autres vins";"/images/terminal-3/wines/other-brands/wine-other-brand-27.webp";"";"105.00";""
"70000000-0000-0000-0000-00007000013d";"Hibiki Floral";"hibiki-hibiki-floral-317";"Hibiki";"Spiritueux";"REAL_REVIEW";"seed-to-supabase";"image non spiritueux | sous-catégorie incohérente: DB=GIN image=Autres vins";"seed-to-supabase";"Probable";"image non spiritueux | sous-catégorie incohérente: DB=GIN image=Autres vins";"/images/terminal-3/wines/other-brands/wine-other-brand-28.webp";"";"106.00";""
"70000000-0000-0000-0000-00007000013e";"Rosé 2036";"carmel-rose-2036-318";"";"Vins";"DUPLICATE_OR_INVALID";"seed-to-supabase";"millésime/année impossible: 2036 | marque non détectée";"seed-to-supabase";"Invalide";"millésime/année impossible: 2036 | marque non détectée";"/images/terminal-3/wines/other-brands/wine-other-brand-29.webp";"";"97.00";""
"70000000-0000-0000-0000-00007000013f";"Crown Royal";"crown-royal-crown-royal-319";"Crown Royal";"Spiritueux";"REAL_REVIEW";"seed-to-supabase";"image non spiritueux | sous-catégorie incohérente: DB=ARAK image=Autres vins";"seed-to-supabase";"Probable";"image non spiritueux | sous-catégorie incohérente: DB=ARAK image=Autres vins";"/images/terminal-3/wines/other-brands/wine-other-brand-30.webp";"";"108.00";""
"70000000-0000-0000-0000-000070000140";"Canadian Club Distiller's Edition";"canadian-club-canadian-club-distiller-s-edition-320";"Canadian Club";"Spiritueux";"REAL_REVIEW";"seed-to-supabase";"image non spiritueux | sous-catégorie incohérente: DB=WHISKY image=Autres vins";"seed-to-supabase";"Probable";"image non spiritueux | sous-catégorie incohérente: DB=WHISKY image=Autres vins";"/images/terminal-3/wines/other-brands/wine-other-brand-31.webp";"";"109.00";""
"70000000-0000-0000-0000-000070000141";"Viognier 2019";"galil-mountain-viognier-2019-321";"";"Vins";"DEMO_GENERATED";"seed-to-supabase";"marque non détectée";"seed-to-supabase";"Généré";"marque non détectée";"/images/terminal-3/wines/other-brands/wine-other-brand-32.webp";"";"100.00";""
"70000000-0000-0000-0000-000070000142";"Famous Grouse 7 ans";"famous-grouse-famous-grouse-7-ans-322";"";"Spiritueux";"DEMO_GENERATED";"seed-to-supabase";"marque non détectée | image non spiritueux | sous-catégorie incohérente: DB=RHUM image=Autres vins";"seed-to-supabase";"Généré";"marque non détectée | image non spiritueux";"/images/terminal-3/wines/other-brands/wine-other-brand-33.webp";"";"111.00";""
"70000000-0000-0000-0000-000070000143";"Teacher's Extra Añejo";"teacher-s-teacher-s-extra-anejo-323";"Teacher's";"Spiritueux";"REAL_REVIEW";"seed-to-supabase";"image non spiritueux | sous-catégorie incohérente: DB=TEQUILA image=Autres vins";"seed-to-supabase";"Probable";"image non spiritueux | sous-catégorie incohérente: DB=TEQUILA image=Autres vins";"/images/terminal-3/wines/other-brands/wine-other-brand-34.webp";"";"112.00";""
"70000000-0000-0000-0000-000070000144";"Petit Castel 2022";"shiloh-petit-castel-2022-324";"Castel";"Vins";"REAL_CONFIRMED";"seed-to-supabase";"données cohérentes";"seed-to-supabase";"Certain";"";"/images/terminal-3/wines/other-brands/wine-other-brand-35.webp";"";"103.00";""
"70000000-0000-0000-0000-000070000149";"Ketel One";"ketel-one-ketel-one-329";"";"Spiritueux";"DEMO_GENERATED";"seed-to-supabase";"marque non détectée | image non spiritueux | sous-catégorie incohérente: DB=COGNAC image=Autres vins";"seed-to-supabase";"Généré";"marque non détectée | image non spiritueux";"/images/terminal-3/wines/other-brands/wine-other-brand-40.webp";"";"118.00";""
"70000000-0000-0000-0000-00007000014a";"Syrah 2028";"domaine-du-castel-syrah-2028-330";"";"Vins";"DUPLICATE_OR_INVALID";"seed-to-supabase";"millésime/année impossible: 2028 | marque non détectée";"seed-to-supabase";"Invalide";"millésime/année impossible: 2028 | marque non détectée";"/images/terminal-3/wines/other-brands/wine-other-brand-41.webp";"";"109.00";""
"70000000-0000-0000-0000-00007000014b";"Beluga Reposado";"beluga-beluga-reposado-331";"Beluga";"Spiritueux";"REAL_REVIEW";"seed-to-supabase";"image non spiritueux | sous-catégorie incohérente: DB=TEQUILA image=Autres vins";"seed-to-supabase";"Probable";"image non spiritueux | sous-catégorie incohérente: DB=TEQUILA image=Autres vins";"/images/terminal-3/wines/other-brands/wine-other-brand-42.webp";"";"120.00";""
"70000000-0000-0000-0000-00007000014c";"Stolichnaya Vanilla";"stolichnaya-stolichnaya-vanilla-332";"";"Spiritueux";"DEMO_GENERATED";"seed-to-supabase";"marque non détectée | image non spiritueux | sous-catégorie incohérente: DB=VODKA image=Autres vins";"seed-to-supabase";"Généré";"marque non détectée | image non spiritueux";"/images/terminal-3/wines/other-brands/wine-other-brand-43.webp";"";"121.00";""
"70000000-0000-0000-0000-00007000014d";"Rouge de Galilée 2031";"carmel-rouge-de-galilee-2031-333";"";"Vins";"DUPLICATE_OR_INVALID";"seed-to-supabase";"millésime/année impossible: 2031 | marque non détectée";"seed-to-supabase";"Invalide";"millésime/année impossible: 2031 | marque non détectée";"/images/terminal-3/wines/other-brands/wine-other-brand-44.webp";"";"112.00";""
"70000000-0000-0000-0000-00007000014e";"Baileys";"baileys-baileys-334";"Baileys";"Spiritueux";"REAL_REVIEW";"seed-to-supabase";"image non spiritueux | sous-catégorie incohérente: DB=LIQUEUR image=Autres vins";"seed-to-supabase";"Probable";"image non spiritueux | sous-catégorie incohérente: DB=LIQUEUR image=Autres vins";"/images/terminal-3/wines/other-brands/wine-other-brand-45.webp";"";"123.00";""
"70000000-0000-0000-0000-00007000014f";"Kahlúa Elite";"kahlua-kahlua-elite-335";"Kahlúa";"Spiritueux";"REAL_REVIEW";"seed-to-supabase";"image non spiritueux | sous-catégorie incohérente: DB=ARAK image=Autres vins";"seed-to-supabase";"Probable";"image non spiritueux | sous-catégorie incohérente: DB=ARAK image=Autres vins";"/images/terminal-3/wines/other-brands/wine-other-brand-46.webp";"";"124.00";""
"70000000-0000-0000-0000-000070000150";"Rosé 2034";"galil-mountain-rose-2034-336";"";"Vins";"DUPLICATE_OR_INVALID";"seed-to-supabase";"millésime/année impossible: 2034 | marque non détectée";"seed-to-supabase";"Invalide";"millésime/année impossible: 2034 | marque non détectée";"/images/terminal-3/wines/other-brands/wine-other-brand-47.webp";"";"115.00";""
"70000000-0000-0000-0000-000070000151";"Cointreau V.S.O.P";"cointreau-cointreau-v-s-o-p-337";"Cointreau";"Spiritueux";"REAL_REVIEW";"seed-to-supabase";"image non spiritueux | sous-catégorie incohérente: DB=COGNAC image=Autres vins";"seed-to-supabase";"Probable";"image non spiritueux | sous-catégorie incohérente: DB=COGNAC image=Autres vins";"/images/terminal-3/wines/other-brands/wine-other-brand-48.webp";"";"126.00";""
"70000000-0000-0000-0000-000070000152";"Grand Marnier 15 ans";"grand-marnier-grand-marnier-15-ans-338";"Grand Marnier";"Spiritueux";"REAL_REVIEW";"seed-to-supabase";"image non spiritueux | sous-catégorie incohérente: DB=RHUM image=Autres vins";"seed-to-supabase";"Probable";"image non spiritueux | sous-catégorie incohérente: DB=RHUM image=Autres vins";"/images/terminal-3/wines/other-brands/wine-other-brand-49.webp";"";"127.00";""
"70000000-0000-0000-0000-000070000153";"Viognier 2037";"shiloh-viognier-2037-339";"";"Vins";"DUPLICATE_OR_INVALID";"seed-to-supabase";"millésime/année impossible: 2037 | marque non détectée";"seed-to-supabase";"Invalide";"millésime/année impossible: 2037 | marque non détectée";"/images/terminal-3/wines/other-brands/wine-other-brand-50.webp";"";"118.00";""
"70000000-0000-0000-0000-000070000154";"Aperol Original";"aperol-aperol-original-340";"Aperol";"Spiritueux";"REAL_REVIEW";"seed-to-supabase";"image non spiritueux | sous-catégorie incohérente: DB=VODKA image=Autres vins";"seed-to-supabase";"Probable";"image non spiritueux | sous-catégorie incohérente: DB=VODKA image=Autres vins";"/images/terminal-3/wines/other-brands/wine-other-brand-51.webp";"";"129.00";""
"70000000-0000-0000-0000-000070000155";"Ricard Navy Strength";"ricard-ricard-navy-strength-341";"Ricard";"Spiritueux";"REAL_REVIEW";"seed-to-supabase";"image non spiritueux | sous-catégorie incohérente: DB=GIN image=Autres vins";"seed-to-supabase";"Probable";"image non spiritueux | sous-catégorie incohérente: DB=GIN image=Autres vins";"/images/terminal-3/wines/other-brands/wine-other-brand-52.webp";"";"130.00";""
"70000000-0000-0000-0000-000070000156";"Petit Castel 2020";"recanati-petit-castel-2020-342";"Castel";"Vins";"REAL_CONFIRMED";"seed-to-supabase";"données cohérentes";"seed-to-supabase";"Certain";"";"/images/terminal-3/wines/other-brands/wine-other-brand-53.webp";"";"121.00";""
"70000000-0000-0000-0000-000070000157";"Ouzo Anisé";"ouzo-ouzo-anise-343";"Ouzo";"Spiritueux";"REAL_REVIEW";"seed-to-supabase";"image non spiritueux | sous-catégorie incohérente: DB=ARAK image=Autres vins";"seed-to-supabase";"Probable";"image non spiritueux | sous-catégorie incohérente: DB=ARAK image=Autres vins";"/images/terminal-3/wines/other-brands/wine-other-brand-54.webp";"";"132.00";""
"70000000-0000-0000-0000-000070000158";"Arak Elite 15 ans";"arak-elite-arak-elite-15-ans-344";"";"Spiritueux";"DEMO_GENERATED";"seed-to-supabase";"marque non détectée | image non spiritueux | sous-catégorie incohérente: DB=WHISKY image=Autres vins";"seed-to-supabase";"Généré";"marque non détectée | image non spiritueux";"/images/terminal-3/wines/other-brands/wine-other-brand-55.webp";"";"133.00";""
"70000000-0000-0000-0000-000070000159";"Merlot 2023";"domaine-du-castel-merlot-2023-345";"";"Vins";"DEMO_GENERATED";"seed-to-supabase";"marque non détectée";"seed-to-supabase";"Généré";"marque non détectée";"/images/terminal-3/wines/other-brands/wine-other-brand-56.webp";"";"124.00";""
"70000000-0000-0000-0000-00007000015a";"Tubi 60 Blanc";"tubi-60-tubi-60-blanc-346";"";"Spiritueux";"DEMO_GENERATED";"seed-to-supabase";"marque non détectée | image non spiritueux | sous-catégorie incohérente: DB=RHUM image=Autres vins";"seed-to-supabase";"Généré";"marque non détectée | image non spiritueux";"/images/terminal-3/wines/other-brands/wine-other-brand-57.webp";"";"135.00";""
"70000000-0000-0000-0000-00007000015b";"Jägermeister Añejo";"jagermeister-jagermeister-anejo-347";"Jägermeister";"Spiritueux";"REAL_REVIEW";"seed-to-supabase";"image non spiritueux | sous-catégorie incohérente: DB=TEQUILA image=Autres vins";"seed-to-supabase";"Probable";"image non spiritueux | sous-catégorie incohérente: DB=TEQUILA image=Autres vins";"/images/terminal-3/wines/other-brands/wine-other-brand-58.webp";"";"136.00";""
"70000000-0000-0000-0000-00007000015c";"Syrah 2026";"carmel-syrah-2026-348";"";"Vins";"DEMO_GENERATED";"seed-to-supabase";"marque non détectée";"seed-to-supabase";"Généré";"marque non détectée";"/images/terminal-3/wines/other-brands/wine-other-brand-59.webp";"";"127.00";""
"70000000-0000-0000-0000-000070000207";"Viognier 2035";"shiloh-viognier-2035-519";"";"Vins";"DUPLICATE_OR_INVALID";"seed-to-supabase";"millésime/année impossible: 2035 | marque non détectée | image non vin";"seed-to-supabase";"Invalide";"millésime/année impossible: 2035 | marque non détectée";"/images/terminal-3/spirits/whisky/FF4470BB-1DAF-41CD-80D8-F9F4CC2BF579.PNG";"";"118.00";""
"70000000-0000-0000-0000-000070000208";"Tubi 60 18 ans";"tubi-60-tubi-60-18-ans-520";"";"Spiritueux";"DEMO_GENERATED";"seed-to-supabase";"marque non détectée | sous-catégorie incohérente: DB=WHISKY image=Whisky";"seed-to-supabase";"Généré";"marque non détectée | sous-catégorie incohérente: DB=WHISKY image=Whisky";"/images/terminal-3/spirits/whisky/chivas-regal-12.png";"";"159.00";""
"70000000-0000-0000-0000-000070000209";"Jägermeister";"jagermeister-jagermeister-521";"Jägermeister";"Spiritueux";"REAL_REVIEW";"seed-to-supabase";"sous-catégorie incohérente: DB=COGNAC image=Whisky";"seed-to-supabase";"Probable";"sous-catégorie incohérente: DB=COGNAC image=Whisky";"/images/terminal-3/spirits/whisky/glenfiddich-12.png";"";"160.00";""
"70000000-0000-0000-0000-00007000020a";"Petit Castel 2018";"recanati-petit-castel-2018-522";"Castel";"Vins";"REAL_REVIEW";"seed-to-supabase";"image non vin";"seed-to-supabase";"Probable";"image non vin";"/images/terminal-3/spirits/whisky/spirit-whisky-01.webp";"";"121.00";""
"70000000-0000-0000-0000-00007000020b";"Glenfiddich Extra Añejo";"glenfiddich-glenfiddich-extra-anejo-523";"Glenfiddich";"Spiritueux";"REAL_REVIEW";"seed-to-supabase";"sous-catégorie incohérente: DB=TEQUILA image=Whisky";"seed-to-supabase";"Probable";"sous-catégorie incohérente: DB=TEQUILA image=Whisky";"/images/terminal-3/spirits/whisky/spirit-whisky-02.webp";"";"162.00";""
"70000000-0000-0000-0000-00007000020c";"Glenlivet";"glenlivet-glenlivet-524";"";"Spiritueux";"DEMO_GENERATED";"seed-to-supabase";"marque non détectée | sous-catégorie incohérente: DB=VODKA image=Whisky";"seed-to-supabase";"Généré";"marque non détectée | sous-catégorie incohérente: DB=VODKA image=Whisky";"/images/terminal-3/spirits/whisky/spirit-whisky-03.webp";"";"163.00";""
"70000000-0000-0000-0000-00007000020d";"Merlot 2021";"domaine-du-castel-merlot-2021-525";"";"Vins";"DEMO_GENERATED";"seed-to-supabase";"marque non détectée | image non vin";"seed-to-supabase";"Généré";"marque non détectée | image non vin";"/images/terminal-3/spirits/whisky/spirit-whisky-04.webp";"";"124.00";""
"70000000-0000-0000-0000-00007000020e";"Jack Daniel's Cream";"jack-daniel-s-jack-daniel-s-cream-526";"Jack Daniel's";"Spiritueux";"REAL_REVIEW";"seed-to-supabase";"sous-catégorie incohérente: DB=LIQUEUR image=Whisky";"seed-to-supabase";"Probable";"sous-catégorie incohérente: DB=LIQUEUR image=Whisky";"/images/terminal-3/spirits/whisky/spirit-whisky-05.webp";"";"165.00";""
"70000000-0000-0000-0000-000070000016";"Talisker Orange";"talisker-talisker-orange-22";"Talisker";"Spiritueux";"REAL_REVIEW";"seed-to-supabase";"image non spiritueux | sous-catégorie incohérente: DB=LIQUEUR image=Yarden";"seed-to-supabase";"Probable";"image non spiritueux | sous-catégorie incohérente: DB=LIQUEUR image=Yarden";"/images/terminal-3/wines/yarden/wines-yarden-13.webp";"";"111.00";""
"70000000-0000-0000-0000-00007000020f";"Jameson Gold";"jameson-jameson-gold-527";"Jameson";"Spiritueux";"REAL_REVIEW";"seed-to-supabase";"sous-catégorie incohérente: DB=ARAK image=Whisky";"seed-to-supabase";"Probable";"sous-catégorie incohérente: DB=ARAK image=Whisky";"/images/terminal-3/spirits/whisky/spirit-whisky-06.webp";"";"166.00";""
"70000000-0000-0000-0000-000070000210";"Syrah 2024";"carmel-syrah-2024-528";"";"Vins";"DEMO_GENERATED";"seed-to-supabase";"marque non détectée | image non vin";"seed-to-supabase";"Généré";"marque non détectée | image non vin";"/images/terminal-3/spirits/whisky/spirit-whisky-07.webp";"";"127.00";""
"70000000-0000-0000-0000-000070000211";"Remy Martin V.S.O.P";"remy-martin-remy-martin-v-s-o-p-529";"Remy Martin";"Spiritueux";"REAL_REVIEW";"seed-to-supabase";"sous-catégorie incohérente: DB=COGNAC image=Whisky";"seed-to-supabase";"Probable";"sous-catégorie incohérente: DB=COGNAC image=Whisky";"/images/terminal-3/spirits/whisky/spirit-whisky-08.webp";"";"168.00";""
"70000000-0000-0000-0000-000070000212";"Courvoisier Black";"courvoisier-courvoisier-black-530";"";"Spiritueux";"DEMO_GENERATED";"seed-to-supabase";"marque non détectée | sous-catégorie incohérente: DB=RHUM image=Whisky";"seed-to-supabase";"Généré";"marque non détectée | sous-catégorie incohérente: DB=RHUM image=Whisky";"/images/terminal-3/spirits/whisky/spirit-whisky-09.webp";"";"169.00";""
"70000000-0000-0000-0000-000070000017";"Lagavulin Anisé";"lagavulin-lagavulin-anise-23";"Lagavulin";"Spiritueux";"REAL_REVIEW";"seed-to-supabase";"image non spiritueux | sous-catégorie incohérente: DB=ARAK image=Yarden";"seed-to-supabase";"Probable";"image non spiritueux | sous-catégorie incohérente: DB=ARAK image=Yarden";"/images/terminal-3/wines/yarden/wines-yarden-14.webp";"";"112.00";""
"70000000-0000-0000-0000-000070000018";"Syrah 2022";"shiloh-syrah-2022-24";"";"Vins";"DEMO_GENERATED";"seed-to-supabase";"marque non détectée";"seed-to-supabase";"Généré";"marque non détectée";"/images/terminal-3/wines/yarden/wines-yarden-15.webp";"";"103.00";""
"70000000-0000-0000-0000-000070000019";"Ardbeg V.S.O.P";"ardbeg-ardbeg-v-s-o-p-25";"Ardbeg";"Spiritueux";"REAL_REVIEW";"seed-to-supabase";"image non spiritueux | sous-catégorie incohérente: DB=COGNAC image=Yarden";"seed-to-supabase";"Probable";"image non spiritueux | sous-catégorie incohérente: DB=COGNAC image=Yarden";"/images/terminal-3/wines/yarden/wines-yarden-16.webp";"";"114.00";""
"70000000-0000-0000-0000-00007000001a";"Yamazaki Black";"yamazaki-yamazaki-black-26";"Yamazaki";"Spiritueux";"REAL_REVIEW";"seed-to-supabase";"image non spiritueux | sous-catégorie incohérente: DB=RHUM image=Yarden";"seed-to-supabase";"Probable";"image non spiritueux | sous-catégorie incohérente: DB=RHUM image=Yarden";"/images/terminal-3/wines/yarden/wines-yarden-17.webp";"";"115.00";""
"70000000-0000-0000-0000-00007000001b";"Rouge de Galilée 2025";"recanati-rouge-de-galilee-2025-27";"";"Vins";"DEMO_GENERATED";"seed-to-supabase";"marque non détectée";"seed-to-supabase";"Généré";"marque non détectée";"/images/terminal-3/wines/yarden/wines-yarden-18.webp";"";"106.00";""
"70000000-0000-0000-0000-00007000001c";"Nikka Berry";"nikka-nikka-berry-28";"Nikka";"Spiritueux";"REAL_REVIEW";"seed-to-supabase";"image non spiritueux | sous-catégorie incohérente: DB=VODKA image=Autres vins";"seed-to-supabase";"Probable";"image non spiritueux | sous-catégorie incohérente: DB=VODKA image=Autres vins";"/images/terminal-3/wines/other-brands/wine-other-brand-01.webp";"";"117.00";""
"70000000-0000-0000-0000-00007000001d";"Crown Royal";"crown-royal-crown-royal-29";"Crown Royal";"Spiritueux";"REAL_REVIEW";"seed-to-supabase";"image non spiritueux | sous-catégorie incohérente: DB=GIN image=Autres vins";"seed-to-supabase";"Probable";"image non spiritueux | sous-catégorie incohérente: DB=GIN image=Autres vins";"/images/terminal-3/wines/other-brands/wine-other-brand-02.webp";"";"118.00";""
"70000000-0000-0000-0000-000070000164";"Courvoisier Citrus";"courvoisier-courvoisier-citrus-356";"";"Spiritueux";"DEMO_GENERATED";"seed-to-supabase";"marque non détectée | sous-catégorie incohérente: DB=VODKA image=Whisky";"seed-to-supabase";"Généré";"marque non détectée | sous-catégorie incohérente: DB=VODKA image=Whisky";"/images/terminal-3/spirits/whisky/045E0455-01F9-4B08-A914-F8CA77936AC4.PNG";"";"145.00";""
"70000000-0000-0000-0000-00007000016c";"Belvedere";"belvedere-belvedere-364";"";"Spiritueux";"DEMO_GENERATED";"seed-to-supabase";"marque non détectée | sous-catégorie incohérente: DB=VODKA image=Whisky";"seed-to-supabase";"Généré";"marque non détectée | sous-catégorie incohérente: DB=VODKA image=Whisky";"/images/terminal-3/spirits/whisky/13F84910-6365-4B15-96A5-3799C041EF3B.PNG";"";"153.00";""
"70000000-0000-0000-0000-00007000016d";"Absolut London Dry";"absolut-absolut-london-dry-365";"Absolut";"Spiritueux";"REAL_REVIEW";"seed-to-supabase";"sous-catégorie incohérente: DB=GIN image=Whisky";"seed-to-supabase";"Probable";"sous-catégorie incohérente: DB=GIN image=Whisky";"/images/terminal-3/spirits/whisky/162CE014-C62A-408C-AF3F-711BD4E5D7A2.PNG";"";"154.00";""
"70000000-0000-0000-0000-00007000016e";"Syrah 2024";"galil-mountain-syrah-2024-366";"";"Vins";"DEMO_GENERATED";"seed-to-supabase";"marque non détectée | image non vin";"seed-to-supabase";"Généré";"marque non détectée | image non vin";"/images/terminal-3/spirits/whisky/189C477C-FCB7-4C4D-9ED7-FA6E100B51AA.PNG";"";"85.00";""
"70000000-0000-0000-0000-00007000016f";"Tanqueray Gold";"tanqueray-tanqueray-gold-367";"";"Spiritueux";"DEMO_GENERATED";"seed-to-supabase";"marque non détectée | sous-catégorie incohérente: DB=ARAK image=Whisky";"seed-to-supabase";"Généré";"marque non détectée | sous-catégorie incohérente: DB=ARAK image=Whisky";"/images/terminal-3/spirits/whisky/189D6506-2FAB-4091-8442-67603A0794E7.PNG";"";"156.00";""
"70000000-0000-0000-0000-000070000213";"Rouge de Galilée 2027";"galil-mountain-rouge-de-galilee-2027-531";"";"Vins";"DUPLICATE_OR_INVALID";"seed-to-supabase";"millésime/année impossible: 2027 | marque non détectée | image non vin";"seed-to-supabase";"Invalide";"millésime/année impossible: 2027 | marque non détectée";"/images/terminal-3/spirits/whisky/spirit-whisky-10.webp";"";"130.00";""
"70000000-0000-0000-0000-000070000214";"Bacardi Vanilla";"bacardi-bacardi-vanilla-532";"";"Spiritueux";"DEMO_GENERATED";"seed-to-supabase";"marque non détectée | sous-catégorie incohérente: DB=VODKA image=Whisky";"seed-to-supabase";"Généré";"marque non détectée | sous-catégorie incohérente: DB=VODKA image=Whisky";"/images/terminal-3/spirits/whisky/spirit-whisky-11.webp";"";"171.00";""
"70000000-0000-0000-0000-000070000215";"Mount Gay Mediterranean";"mount-gay-mount-gay-mediterranean-533";"";"Spiritueux";"DEMO_GENERATED";"seed-to-supabase";"marque non détectée | image non spiritueux | sous-catégorie incohérente: DB=GIN image=Castel";"seed-to-supabase";"Généré";"marque non détectée | image non spiritueux";"/images/terminal-3/wines/castel/petit-castel-2020.png";"";"172.00";""
"70000000-0000-0000-0000-00007000001e";"Rosé 2028";"domaine-du-castel-rose-2028-30";"";"Vins";"DUPLICATE_OR_INVALID";"seed-to-supabase";"millésime/année impossible: 2028 | marque non détectée";"seed-to-supabase";"Invalide";"millésime/année impossible: 2028 | marque non détectée";"/images/terminal-3/wines/other-brands/wine-other-brand-03.webp";"";"109.00";""
"70000000-0000-0000-0000-00007000001f";"Ballantine's Classic";"ballantine-s-ballantine-s-classic-31";"Ballantine's";"Spiritueux";"REAL_REVIEW";"seed-to-supabase";"image non spiritueux | sous-catégorie incohérente: DB=ARAK image=Autres vins";"seed-to-supabase";"Probable";"image non spiritueux | sous-catégorie incohérente: DB=ARAK image=Autres vins";"/images/terminal-3/wines/other-brands/wine-other-brand-04.webp";"";"120.00";""
"70000000-0000-0000-0000-000070000020";"Famous Grouse Double Wood";"famous-grouse-famous-grouse-double-wood-32";"";"Spiritueux";"DEMO_GENERATED";"seed-to-supabase";"marque non détectée | image non spiritueux | sous-catégorie incohérente: DB=WHISKY image=Autres vins";"seed-to-supabase";"Généré";"marque non détectée | image non spiritueux";"/images/terminal-3/wines/other-brands/wine-other-brand-05.webp";"";"121.00";""
"70000000-0000-0000-0000-000070000021";"Viognier 2031";"carmel-viognier-2031-33";"";"Vins";"DUPLICATE_OR_INVALID";"seed-to-supabase";"millésime/année impossible: 2031 | marque non détectée";"seed-to-supabase";"Invalide";"millésime/année impossible: 2031 | marque non détectée";"/images/terminal-3/wines/other-brands/wine-other-brand-06.webp";"";"112.00";""
"70000000-0000-0000-0000-000070000216";"Rosé 2030";"shiloh-rose-2030-534";"";"Vins";"DUPLICATE_OR_INVALID";"seed-to-supabase";"millésime/année impossible: 2030 | marque non détectée";"seed-to-supabase";"Invalide";"millésime/année impossible: 2030 | marque non détectée";"/images/terminal-3/wines/yarden/wines-yarden-01.webp";"";"133.00";""
"70000000-0000-0000-0000-000070000217";"Patrón Elite";"patron-patron-elite-535";"";"Spiritueux";"DEMO_GENERATED";"seed-to-supabase";"marque non détectée | image non spiritueux | sous-catégorie incohérente: DB=ARAK image=Yarden";"seed-to-supabase";"Généré";"marque non détectée | image non spiritueux";"/images/terminal-3/wines/yarden/wines-yarden-02.webp";"";"174.00";""
"70000000-0000-0000-0000-000070000218";"Jose Cuervo Double Wood";"jose-cuervo-jose-cuervo-double-wood-536";"";"Spiritueux";"DEMO_GENERATED";"seed-to-supabase";"marque non détectée | image non spiritueux | sous-catégorie incohérente: DB=WHISKY image=Yarden";"seed-to-supabase";"Généré";"marque non détectée | image non spiritueux";"/images/terminal-3/wines/yarden/wines-yarden-03.webp";"";"175.00";""
"70000000-0000-0000-0000-000070000219";"Viognier 2033";"recanati-viognier-2033-537";"";"Vins";"DUPLICATE_OR_INVALID";"seed-to-supabase";"millésime/année impossible: 2033 | marque non détectée";"seed-to-supabase";"Invalide";"millésime/année impossible: 2033 | marque non détectée";"/images/terminal-3/wines/yarden/wines-yarden-04.webp";"";"136.00";""
"70000000-0000-0000-0000-00007000021a";"Belvedere";"belvedere-belvedere-538";"";"Spiritueux";"DEMO_GENERATED";"seed-to-supabase";"marque non détectée | image non spiritueux | sous-catégorie incohérente: DB=RHUM image=Yarden";"seed-to-supabase";"Généré";"marque non détectée | image non spiritueux";"/images/terminal-3/wines/yarden/wines-yarden-05.webp";"";"177.00";""
"70000000-0000-0000-0000-00007000021b";"Absolut";"absolut-absolut-539";"Absolut";"Spiritueux";"REAL_REVIEW";"seed-to-supabase";"image non spiritueux | sous-catégorie incohérente: DB=TEQUILA image=Yarden";"seed-to-supabase";"Probable";"image non spiritueux | sous-catégorie incohérente: DB=TEQUILA image=Yarden";"/images/terminal-3/wines/yarden/wines-yarden-06.webp";"";"178.00";""
"70000000-0000-0000-0000-00007000021c";"Petit Castel 2036";"domaine-du-castel-petit-castel-2036-540";"Castel";"Vins";"DUPLICATE_OR_INVALID";"seed-to-supabase";"millésime/année impossible: 2036";"seed-to-supabase";"Invalide";"millésime/année impossible: 2036";"/images/terminal-3/wines/yarden/wines-yarden-07.webp";"";"79.00";""
"70000000-0000-0000-0000-00007000021d";"Tanqueray Navy Strength";"tanqueray-tanqueray-navy-strength-541";"";"Spiritueux";"DEMO_GENERATED";"seed-to-supabase";"marque non détectée | image non spiritueux | sous-catégorie incohérente: DB=GIN image=Yarden";"seed-to-supabase";"Généré";"marque non détectée | image non spiritueux";"/images/terminal-3/wines/yarden/wines-yarden-08.webp";"";"180.00";""
"70000000-0000-0000-0000-00007000021e";"Hendrick's Orange";"hendrick-s-hendrick-s-orange-542";"";"Spiritueux";"DEMO_GENERATED";"seed-to-supabase";"marque non détectée | image non spiritueux | sous-catégorie incohérente: DB=LIQUEUR image=Yarden";"seed-to-supabase";"Généré";"marque non détectée | image non spiritueux";"/images/terminal-3/wines/yarden/wines-yarden-09.webp";"";"181.00";""
"70000000-0000-0000-0000-00007000021f";"Merlot 2019";"carmel-merlot-2019-543";"";"Vins";"DEMO_GENERATED";"seed-to-supabase";"marque non détectée";"seed-to-supabase";"Généré";"marque non détectée";"/images/terminal-3/wines/yarden/wines-yarden-10.webp";"";"82.00";""
"70000000-0000-0000-0000-000070000220";"Talisker Distiller's Edition";"talisker-talisker-distiller-s-edition-544";"Talisker";"Spiritueux";"REAL_REVIEW";"seed-to-supabase";"image non spiritueux | sous-catégorie incohérente: DB=WHISKY image=Yarden";"seed-to-supabase";"Probable";"image non spiritueux | sous-catégorie incohérente: DB=WHISKY image=Yarden";"/images/terminal-3/wines/yarden/wines-yarden-11.webp";"";"183.00";""
"70000000-0000-0000-0000-000070000221";"Lagavulin";"lagavulin-lagavulin-545";"Lagavulin";"Spiritueux";"REAL_REVIEW";"seed-to-supabase";"image non spiritueux | sous-catégorie incohérente: DB=COGNAC image=Yarden";"seed-to-supabase";"Probable";"image non spiritueux | sous-catégorie incohérente: DB=COGNAC image=Yarden";"/images/terminal-3/wines/yarden/wines-yarden-12.webp";"";"184.00";""
"70000000-0000-0000-0000-000070000222";"Syrah 2022";"galil-mountain-syrah-2022-546";"";"Vins";"DEMO_GENERATED";"seed-to-supabase";"marque non détectée";"seed-to-supabase";"Généré";"marque non détectée";"/images/terminal-3/wines/yarden/wines-yarden-13.webp";"";"85.00";""
"70000000-0000-0000-0000-000070000223";"Ardbeg Añejo";"ardbeg-ardbeg-anejo-547";"Ardbeg";"Spiritueux";"REAL_REVIEW";"seed-to-supabase";"image non spiritueux | sous-catégorie incohérente: DB=TEQUILA image=Yarden";"seed-to-supabase";"Probable";"image non spiritueux | sous-catégorie incohérente: DB=TEQUILA image=Yarden";"/images/terminal-3/wines/yarden/wines-yarden-14.webp";"";"186.00";""
"70000000-0000-0000-0000-000070000224";"Yamazaki Berry";"yamazaki-yamazaki-berry-548";"Yamazaki";"Spiritueux";"REAL_REVIEW";"seed-to-supabase";"image non spiritueux | sous-catégorie incohérente: DB=VODKA image=Yarden";"seed-to-supabase";"Probable";"image non spiritueux | sous-catégorie incohérente: DB=VODKA image=Yarden";"/images/terminal-3/wines/yarden/wines-yarden-15.webp";"";"187.00";""
"70000000-0000-0000-0000-000070000225";"Rouge de Galilée 2025";"shiloh-rouge-de-galilee-2025-549";"";"Vins";"DEMO_GENERATED";"seed-to-supabase";"marque non détectée";"seed-to-supabase";"Généré";"marque non détectée";"/images/terminal-3/wines/yarden/wines-yarden-16.webp";"";"88.00";""
"70000000-0000-0000-0000-00007000002e";"Amarula Cream";"amarula-amarula-cream-46";"";"Spiritueux";"DEMO_GENERATED";"seed-to-supabase";"marque non détectée | image non spiritueux | sous-catégorie incohérente: DB=LIQUEUR image=Autres vins";"seed-to-supabase";"Généré";"marque non détectée | image non spiritueux";"/images/terminal-3/wines/other-brands/wine-other-brand-19.webp";"";"135.00";""
"70000000-0000-0000-0000-00007000002f";"Cointreau Gold";"cointreau-cointreau-gold-47";"Cointreau";"Spiritueux";"REAL_REVIEW";"seed-to-supabase";"image non spiritueux | sous-catégorie incohérente: DB=ARAK image=Autres vins";"seed-to-supabase";"Probable";"image non spiritueux | sous-catégorie incohérente: DB=ARAK image=Autres vins";"/images/terminal-3/wines/other-brands/wine-other-brand-20.webp";"";"136.00";""
"70000000-0000-0000-0000-000070000226";"Nikka Original";"nikka-nikka-original-550";"Nikka";"Spiritueux";"REAL_REVIEW";"seed-to-supabase";"image non spiritueux | sous-catégorie incohérente: DB=LIQUEUR image=Yarden";"seed-to-supabase";"Probable";"image non spiritueux | sous-catégorie incohérente: DB=LIQUEUR image=Yarden";"/images/terminal-3/wines/yarden/wines-yarden-17.webp";"";"189.00";""
"70000000-0000-0000-0000-000070000227";"Crown Royal Classic";"crown-royal-crown-royal-classic-551";"Crown Royal";"Spiritueux";"REAL_REVIEW";"seed-to-supabase";"image non spiritueux | sous-catégorie incohérente: DB=ARAK image=Yarden";"seed-to-supabase";"Probable";"image non spiritueux | sous-catégorie incohérente: DB=ARAK image=Yarden";"/images/terminal-3/wines/yarden/wines-yarden-18.webp";"";"190.00";""
"70000000-0000-0000-0000-000070000030";"Rosé 2026";"carmel-rose-2026-48";"";"Vins";"DEMO_GENERATED";"seed-to-supabase";"marque non détectée";"seed-to-supabase";"Généré";"marque non détectée";"/images/terminal-3/wines/other-brands/wine-other-brand-21.webp";"";"127.00";""
"70000000-0000-0000-0000-000070000032";"Aperol 12 ans";"aperol-aperol-12-ans-50";"Aperol";"Spiritueux";"REAL_REVIEW";"seed-to-supabase";"image non spiritueux | sous-catégorie incohérente: DB=RHUM image=Autres vins";"seed-to-supabase";"Probable";"image non spiritueux | sous-catégorie incohérente: DB=RHUM image=Autres vins";"/images/terminal-3/wines/other-brands/wine-other-brand-23.webp";"";"139.00";""
"70000000-0000-0000-0000-000070000047";"Patrón Classic";"patron-patron-classic-71";"";"Spiritueux";"DEMO_GENERATED";"seed-to-supabase";"marque non détectée | image non spiritueux | sous-catégorie incohérente: DB=ARAK image=Autres vins";"seed-to-supabase";"Généré";"marque non détectée | image non spiritueux";"/images/terminal-3/wines/other-brands/wine-other-brand-44.webp";"";"160.00";""
"70000000-0000-0000-0000-000070000048";"Petit Castel 2030";"recanati-petit-castel-2030-72";"Castel";"Vins";"DUPLICATE_OR_INVALID";"seed-to-supabase";"millésime/année impossible: 2030";"seed-to-supabase";"Invalide";"millésime/année impossible: 2030";"/images/terminal-3/wines/other-brands/wine-other-brand-45.webp";"";"91.00";""
"70000000-0000-0000-0000-00007000004f";"Macallan";"macallan-macallan-79";"Macallan";"Spiritueux";"REAL_REVIEW";"seed-to-supabase";"image non spiritueux | sous-catégorie incohérente: DB=ARAK image=Autres vins";"seed-to-supabase";"Probable";"image non spiritueux | sous-catégorie incohérente: DB=ARAK image=Autres vins";"/images/terminal-3/wines/other-brands/wine-other-brand-52.webp";"";"168.00";""
"70000000-0000-0000-0000-000070000054";"Rosé 2022";"shiloh-rose-2022-84";"";"Vins";"DEMO_GENERATED";"seed-to-supabase";"marque non détectée";"seed-to-supabase";"Généré";"marque non détectée";"/images/terminal-3/wines/other-brands/wine-other-brand-57.webp";"";"103.00";""
"70000000-0000-0000-0000-000070000064";"Stolichnaya Original";"stolichnaya-stolichnaya-original-100";"";"Spiritueux";"DEMO_GENERATED";"seed-to-supabase";"marque non détectée | sous-catégorie incohérente: DB=VODKA image=Whisky";"seed-to-supabase";"Généré";"marque non détectée | sous-catégorie incohérente: DB=VODKA image=Whisky";"/images/terminal-3/spirits/whisky/0FE2D514-C25E-46C8-8237-12F2AE6886A9.PNG";"";"189.00";""
"e10e10d5-9c80-40de-a913-b9cb93a595b2";"Terrine de campagne coup de cœur 0";"terrine-de-campagne-coup-de-c-ur-0";"";"Charcuterie";"DEMO_GENERATED";"seed-to-supabase";"nom séquentiel | marque non détectée | image non charcuterie";"seed-to-supabase";"Généré";"nom séquentiel | marque non détectée";"/images/terminal-3/platters/charcuterie/source/13061506-D5BF-4F53-97AD-965114D7B4BD.PNG";"";"29.00";""
"aea7c41d-a27d-4ef0-b95b-8ba757010e41";"Rillettes tradition 1";"rillettes-tradition-1";"";"Charcuterie";"DEMO_GENERATED";"seed-food-products";"nom séquentiel | marque non détectée | image non charcuterie";"seed-food-products";"Généré";"nom séquentiel | marque non détectée";"/images/terminal-3/platters/charcuterie/source/4F7E2465-86D8-4241-8DC1-4CA947FCF77E.PNG";"";"30.00";""
"d052fdae-8337-490b-ae43-7c9276daee19";"Pâté en croûte sélection 2";"pate-en-croute-selection-2";"";"Charcuterie";"DEMO_GENERATED";"seed-to-supabase";"nom séquentiel | marque non détectée | image non charcuterie";"seed-to-supabase";"Généré";"nom séquentiel | marque non détectée";"/images/terminal-3/platters/charcuterie/platter-charcuterie-01.webp";"";"31.00";""
"70000000-0000-0000-0000-000070000065";"Smirnoff Navy Strength";"smirnoff-smirnoff-navy-strength-101";"Smirnoff";"Spiritueux";"REAL_REVIEW";"seed-to-supabase";"sous-catégorie incohérente: DB=GIN image=Whisky";"seed-to-supabase";"Probable";"sous-catégorie incohérente: DB=GIN image=Whisky";"/images/terminal-3/spirits/whisky/11187404-4E17-46A1-A2F8-EFF8808A0994.PNG";"";"190.00";""
"70000000-0000-0000-0000-000070000066";"Rosé 2020";"recanati-rose-2020-102";"";"Vins";"DEMO_GENERATED";"seed-to-supabase";"marque non détectée | image non vin";"seed-to-supabase";"Généré";"marque non détectée | image non vin";"/images/terminal-3/spirits/whisky/13F84910-6365-4B15-96A5-3799C041EF3B.PNG";"";"121.00";""
"70000000-0000-0000-0000-000070000165";"Viognier 2035";"recanati-viognier-2035-357";"";"Vins";"DUPLICATE_OR_INVALID";"seed-to-supabase";"millésime/année impossible: 2035 | marque non détectée | image non vin";"seed-to-supabase";"Invalide";"millésime/année impossible: 2035 | marque non détectée";"/images/terminal-3/spirits/whisky/06EE596B-600F-46AB-B4E7-A7F65BFAAC64.PNG";"";"136.00";""
"70000000-0000-0000-0000-000070000166";"Bacardi Coffee";"bacardi-bacardi-coffee-358";"";"Spiritueux";"DEMO_GENERATED";"seed-to-supabase";"marque non détectée | sous-catégorie incohérente: DB=LIQUEUR image=Whisky";"seed-to-supabase";"Généré";"marque non détectée | sous-catégorie incohérente: DB=LIQUEUR image=Whisky";"/images/terminal-3/spirits/whisky/0AD0493E-3635-43A4-B063-5615D9D0AD13.PNG";"";"147.00";""
"70000000-0000-0000-0000-000070000167";"Mount Gay";"mount-gay-mount-gay-359";"";"Spiritueux";"DEMO_GENERATED";"seed-to-supabase";"marque non détectée | sous-catégorie incohérente: DB=ARAK image=Whisky";"seed-to-supabase";"Généré";"marque non détectée | sous-catégorie incohérente: DB=ARAK image=Whisky";"/images/terminal-3/spirits/whisky/0B5C2BCC-9FD1-4B9F-B620-A83774C63CF6.PNG";"";"148.00";""
"70000000-0000-0000-0000-000070000168";"Petit Castel 2018";"domaine-du-castel-petit-castel-2018-360";"Castel";"Vins";"REAL_REVIEW";"seed-to-supabase";"image non vin";"seed-to-supabase";"Probable";"image non vin";"/images/terminal-3/spirits/whisky/0BA32B72-9931-45B2-97C4-4BFA3AB4AEA4.PNG";"";"79.00";""
"70000000-0000-0000-0000-000070000169";"Patrón V.S.O.P";"patron-patron-v-s-o-p-361";"";"Spiritueux";"DEMO_GENERATED";"seed-to-supabase";"marque non détectée | sous-catégorie incohérente: DB=COGNAC image=Whisky";"seed-to-supabase";"Généré";"marque non détectée | sous-catégorie incohérente: DB=COGNAC image=Whisky";"/images/terminal-3/spirits/whisky/0CF6C389-B1D2-48E8-AC37-B343896B8BC4.PNG";"";"150.00";""
"70000000-0000-0000-0000-00007000016a";"Jose Cuervo Black";"jose-cuervo-jose-cuervo-black-362";"";"Spiritueux";"DEMO_GENERATED";"seed-to-supabase";"marque non détectée | sous-catégorie incohérente: DB=RHUM image=Whisky";"seed-to-supabase";"Généré";"marque non détectée | sous-catégorie incohérente: DB=RHUM image=Whisky";"/images/terminal-3/spirits/whisky/0FE2D514-C25E-46C8-8237-12F2AE6886A9.PNG";"";"151.00";""
"70000000-0000-0000-0000-00007000016b";"Merlot 2021";"carmel-merlot-2021-363";"";"Vins";"DEMO_GENERATED";"seed-to-supabase";"marque non détectée | image non vin";"seed-to-supabase";"Généré";"marque non détectée | image non vin";"/images/terminal-3/spirits/whisky/11187404-4E17-46A1-A2F8-EFF8808A0994.PNG";"";"82.00";""
"70000000-0000-0000-0000-000070000174";"Rosé 2030";"recanati-rose-2030-372";"";"Vins";"DUPLICATE_OR_INVALID";"seed-to-supabase";"millésime/année impossible: 2030 | marque non détectée | image non vin";"seed-to-supabase";"Invalide";"millésime/année impossible: 2030 | marque non détectée";"/images/terminal-3/spirits/whisky/1C27ACDC-F18A-4156-A7C4-1460BB3B3FAA.PNG";"";"91.00";""
"70000000-0000-0000-0000-000070000175";"Ardbeg Mediterranean";"ardbeg-ardbeg-mediterranean-373";"Ardbeg";"Spiritueux";"REAL_REVIEW";"seed-to-supabase";"sous-catégorie incohérente: DB=GIN image=Whisky";"seed-to-supabase";"Probable";"sous-catégorie incohérente: DB=GIN image=Whisky";"/images/terminal-3/spirits/whisky/1C450DC7-98DC-4809-A89E-C51B15C49E46.PNG";"";"162.00";""
"70000000-0000-0000-0000-000070000176";"Yamazaki";"yamazaki-yamazaki-374";"Yamazaki";"Spiritueux";"REAL_REVIEW";"seed-to-supabase";"sous-catégorie incohérente: DB=LIQUEUR image=Whisky";"seed-to-supabase";"Probable";"sous-catégorie incohérente: DB=LIQUEUR image=Whisky";"/images/terminal-3/spirits/whisky/1F24D28C-50A5-44CB-AD98-09F8605C7FEC.PNG";"";"163.00";""
"70000000-0000-0000-0000-000070000177";"Viognier 2033";"domaine-du-castel-viognier-2033-375";"";"Vins";"DUPLICATE_OR_INVALID";"seed-to-supabase";"millésime/année impossible: 2033 | marque non détectée | image non vin";"seed-to-supabase";"Invalide";"millésime/année impossible: 2033 | marque non détectée";"/images/terminal-3/spirits/whisky/1F842163-3DA9-4BA9-8D27-62B92B623F4A.PNG";"";"94.00";""
"70000000-0000-0000-0000-000070000178";"Nikka Distiller's Edition";"nikka-nikka-distiller-s-edition-376";"Nikka";"Spiritueux";"REAL_REVIEW";"seed-to-supabase";"sous-catégorie incohérente: DB=WHISKY image=Whisky";"seed-to-supabase";"Probable";"sous-catégorie incohérente: DB=WHISKY image=Whisky";"/images/terminal-3/spirits/whisky/20008C8B-579A-40D2-83AB-C6C8101B1EDC.PNG";"";"165.00";""
"70000000-0000-0000-0000-000070000179";"Crown Royal";"crown-royal-crown-royal-377";"Crown Royal";"Spiritueux";"REAL_REVIEW";"seed-to-supabase";"sous-catégorie incohérente: DB=COGNAC image=Whisky";"seed-to-supabase";"Probable";"sous-catégorie incohérente: DB=COGNAC image=Whisky";"/images/terminal-3/spirits/whisky/22B16518-4E9E-4C0D-8B00-25643BC80464.PNG";"";"166.00";""
"9d228b99-ec21-485f-9dfe-963e2f0b03ac";"Mousse de foie artisanal 3";"mousse-de-foie-artisanal-3";"";"Charcuterie";"DEMO_GENERATED";"seed-to-supabase";"nom séquentiel | marque non détectée | image non charcuterie";"seed-to-supabase";"Généré";"nom séquentiel | marque non détectée";"/images/terminal-3/platters/charcuterie/platter-charcuterie-02.webp";"";"32.00";""
"0dedc5d2-7998-40e8-a357-7c80711d8bb1";"Boudin fumé 4";"boudin-fume-4";"";"Charcuterie";"DEMO_GENERATED";"seed-to-supabase";"nom séquentiel | marque non détectée | image non charcuterie";"seed-to-supabase";"Généré";"nom séquentiel | marque non détectée";"/images/terminal-3/platters/charcuterie/platter-charcuterie-03.webp";"";"33.00";""
"72f64139-6462-488d-8776-9382dbe97a18";"Saucisson sec premium 5";"saucisson-sec-premium-5";"";"Charcuterie";"DEMO_GENERATED";"seed-food-products";"nom séquentiel | marque non détectée | image non charcuterie";"seed-food-products";"Généré";"nom séquentiel | marque non détectée";"/images/terminal-3/platters/charcuterie/source/0C224C39-FAC8-4D79-93AC-3CE2976D80EF.PNG";"";"34.00";""
"e565d4fc-d1b6-4728-983f-5e38af512397";"Rosette de Lyon maison 6";"rosette-de-lyon-maison-6";"";"Charcuterie";"DEMO_GENERATED";"seed-to-supabase";"nom séquentiel | marque non détectée | image non charcuterie";"seed-to-supabase";"Généré";"nom séquentiel | marque non détectée";"/images/terminal-3/platters/charcuterie/source/13061506-D5BF-4F53-97AD-965114D7B4BD.PNG";"";"35.00";""
"d850fd00-d523-4514-9870-bb95654580b7";"Chorizo doux coup de cœur 7";"chorizo-doux-coup-de-c-ur-7";"";"Charcuterie";"DEMO_GENERATED";"seed-to-supabase";"nom séquentiel | marque non détectée | image non charcuterie";"seed-to-supabase";"Généré";"nom séquentiel | marque non détectée";"/images/terminal-3/platters/charcuterie/source/4F7E2465-86D8-4241-8DC1-4CA947FCF77E.PNG";"";"36.00";""
"512d24ab-545d-4dac-8df6-609b748ff75f";"Chorizo fort tradition 8";"chorizo-fort-tradition-8";"";"Charcuterie";"DEMO_GENERATED";"seed-food-products";"nom séquentiel | marque non détectée | image non charcuterie";"seed-food-products";"Généré";"nom séquentiel | marque non détectée";"/images/terminal-3/platters/charcuterie/platter-charcuterie-01.webp";"";"37.00";""
"2ef3c37c-e6e2-4c23-900a-86f8ed69a013";"Saucisse sèche sélection 9";"saucisse-seche-selection-9";"";"Charcuterie";"DEMO_GENERATED";"seed-to-supabase";"nom séquentiel | marque non détectée | image non charcuterie";"seed-to-supabase";"Généré";"nom séquentiel | marque non détectée";"/images/terminal-3/platters/charcuterie/platter-charcuterie-02.webp";"";"38.00";""
"d393ff51-fb27-48c0-8498-73d8af0c577c";"Jambon de Parme artisanal 10";"jambon-de-parme-artisanal-10";"";"Charcuterie";"DEMO_GENERATED";"seed-to-supabase";"nom séquentiel | marque non détectée | image non charcuterie";"seed-to-supabase";"Généré";"nom séquentiel | marque non détectée";"/images/terminal-3/platters/charcuterie/platter-charcuterie-03.webp";"";"39.00";""
"84b7c23d-84cf-45aa-8551-c92845c66890";"Jambon Serrano fumé 11";"jambon-serrano-fume-11";"";"Charcuterie";"DEMO_GENERATED";"seed-to-supabase";"nom séquentiel | marque non détectée | image non charcuterie";"seed-to-supabase";"Généré";"nom séquentiel | marque non détectée";"/images/terminal-3/platters/charcuterie/source/0C224C39-FAC8-4D79-93AC-3CE2976D80EF.PNG";"";"40.00";""
"44cdf4c0-8b39-4b3c-a11c-3a55735fc2d3";"Jambon fumé premium 12";"jambon-fume-premium-12";"";"Charcuterie";"DEMO_GENERATED";"seed-food-products";"nom séquentiel | marque non détectée | image non charcuterie";"seed-food-products";"Généré";"nom séquentiel | marque non détectée";"/images/terminal-3/platters/charcuterie/source/13061506-D5BF-4F53-97AD-965114D7B4BD.PNG";"";"41.00";""
"9ae485c5-d3e0-4400-a43a-2f54d3c3d0bf";"Jambon de dinde maison 13";"jambon-de-dinde-maison-13";"";"Charcuterie";"DEMO_GENERATED";"seed-to-supabase";"nom séquentiel | marque non détectée | image non charcuterie";"seed-to-supabase";"Généré";"nom séquentiel | marque non détectée";"/images/terminal-3/platters/charcuterie/source/4F7E2465-86D8-4241-8DC1-4CA947FCF77E.PNG";"";"42.00";""
"3ad359e3-ac0c-4a4b-9ede-fd5f13a06522";"Filet mignon coup de cœur 14";"filet-mignon-coup-de-c-ur-14";"";"Charcuterie";"DEMO_GENERATED";"seed-to-supabase";"nom séquentiel | marque non détectée | image non charcuterie";"seed-to-supabase";"Généré";"nom séquentiel | marque non détectée";"/images/terminal-3/platters/charcuterie/platter-charcuterie-01.webp";"";"43.00";""
"44bf7457-4c2e-4592-b8c0-b4a34a6fced9";"Terrine de campagne tradition 15";"terrine-de-campagne-tradition-15";"";"Charcuterie";"DEMO_GENERATED";"seed-food-products";"nom séquentiel | marque non détectée | image non charcuterie";"seed-food-products";"Généré";"nom séquentiel | marque non détectée";"/images/terminal-3/platters/charcuterie/platter-charcuterie-02.webp";"";"44.00";""
"4de4d919-ef0e-4375-aed3-72289c13d5bf";"Rillettes sélection 16";"rillettes-selection-16";"";"Charcuterie";"DEMO_GENERATED";"seed-to-supabase";"nom séquentiel | marque non détectée | image non charcuterie";"seed-to-supabase";"Généré";"nom séquentiel | marque non détectée";"/images/terminal-3/platters/charcuterie/platter-charcuterie-03.webp";"";"45.00";""
"494cb12c-78c1-4c97-8b03-da19aabd1ae6";"Pâté en croûte artisanal 17";"pate-en-croute-artisanal-17";"";"Charcuterie";"DEMO_GENERATED";"seed-to-supabase";"nom séquentiel | marque non détectée | image non charcuterie";"seed-to-supabase";"Généré";"nom séquentiel | marque non détectée";"/images/terminal-3/platters/charcuterie/source/0C224C39-FAC8-4D79-93AC-3CE2976D80EF.PNG";"";"46.00";""
"df85c389-d286-4ad9-bc56-49c5e24ff317";"Mousse de foie fumé 18";"mousse-de-foie-fume-18";"";"Charcuterie";"DEMO_GENERATED";"seed-to-supabase";"nom séquentiel | marque non détectée | image non charcuterie";"seed-to-supabase";"Généré";"nom séquentiel | marque non détectée";"/images/terminal-3/platters/charcuterie/source/13061506-D5BF-4F53-97AD-965114D7B4BD.PNG";"";"47.00";""
"233c93e5-9a5f-4801-983b-dd41680439fe";"Boudin premium 19";"boudin-premium-19";"";"Charcuterie";"DEMO_GENERATED";"seed-food-products";"nom séquentiel | marque non détectée | image non charcuterie";"seed-food-products";"Généré";"nom séquentiel | marque non détectée";"/images/terminal-3/platters/charcuterie/source/4F7E2465-86D8-4241-8DC1-4CA947FCF77E.PNG";"";"48.00";""
"8d0d688b-701e-4659-bcc0-7736ab3f8fec";"Saucisson sec maison 20";"saucisson-sec-maison-20";"";"Charcuterie";"DEMO_GENERATED";"seed-food-products";"nom séquentiel | marque non détectée | image non charcuterie";"seed-food-products";"Généré";"nom séquentiel | marque non détectée";"/images/terminal-3/platters/charcuterie/platter-charcuterie-01.webp";"";"49.00";""
"1793bfb6-c3a2-45f9-8d2e-46917a3e5b11";"Rosette de Lyon coup de cœur 21";"rosette-de-lyon-coup-de-c-ur-21";"";"Charcuterie";"DEMO_GENERATED";"seed-to-supabase";"nom séquentiel | marque non détectée | image non charcuterie";"seed-to-supabase";"Généré";"nom séquentiel | marque non détectée";"/images/terminal-3/platters/charcuterie/platter-charcuterie-02.webp";"";"50.00";""
"70000000-0000-0000-0000-00007000006d";"Ricard";"ricard-ricard-109";"Ricard";"Spiritueux";"REAL_REVIEW";"seed-to-supabase";"sous-catégorie incohérente: DB=GIN image=Whisky";"seed-to-supabase";"Probable";"sous-catégorie incohérente: DB=GIN image=Whisky";"/images/terminal-3/spirits/whisky/1C2245A8-3B8D-4BB1-A708-F031112DC9E2.PNG";"";"198.00";""
"57a5c1d9-24c0-48d3-8811-c47e6dbd0442";"Chorizo doux tradition 22";"chorizo-doux-tradition-22";"";"Charcuterie";"DEMO_GENERATED";"seed-food-products";"nom séquentiel | marque non détectée | image non charcuterie";"seed-food-products";"Généré";"nom séquentiel | marque non détectée";"/images/terminal-3/platters/charcuterie/platter-charcuterie-03.webp";"";"51.00";""
"0d827e80-5a2f-4d5f-ae1a-c9aa801a3ca7";"Chorizo fort sélection 23";"chorizo-fort-selection-23";"";"Charcuterie";"DEMO_GENERATED";"seed-to-supabase";"nom séquentiel | marque non détectée | image non charcuterie";"seed-to-supabase";"Généré";"nom séquentiel | marque non détectée";"/images/terminal-3/platters/charcuterie/source/0C224C39-FAC8-4D79-93AC-3CE2976D80EF.PNG";"";"52.00";""
"0003d114-7598-423a-9adf-18764ce49ec9";"Saucisse sèche artisanal 24";"saucisse-seche-artisanal-24";"";"Charcuterie";"DEMO_GENERATED";"seed-to-supabase";"nom séquentiel | marque non détectée | image non charcuterie";"seed-to-supabase";"Généré";"nom séquentiel | marque non détectée";"/images/terminal-3/platters/charcuterie/source/13061506-D5BF-4F53-97AD-965114D7B4BD.PNG";"";"53.00";""
"128180a0-1872-4e80-b2ad-6fc7dd68908f";"Jambon de Parme fumé 25";"jambon-de-parme-fume-25";"";"Charcuterie";"DEMO_GENERATED";"seed-to-supabase";"nom séquentiel | marque non détectée | image non charcuterie";"seed-to-supabase";"Généré";"nom séquentiel | marque non détectée";"/images/terminal-3/platters/charcuterie/source/4F7E2465-86D8-4241-8DC1-4CA947FCF77E.PNG";"";"54.00";""
"79ac70b4-7903-4e73-a71d-416fb0253d59";"Jambon Serrano premium 26";"jambon-serrano-premium-26";"";"Charcuterie";"DEMO_GENERATED";"seed-food-products";"nom séquentiel | marque non détectée | image non charcuterie";"seed-food-products";"Généré";"nom séquentiel | marque non détectée";"/images/terminal-3/platters/charcuterie/platter-charcuterie-01.webp";"";"55.00";""
"e9b20e01-1fc0-426e-a9c1-38ac257b769c";"Jambon fumé maison 27";"jambon-fume-maison-27";"";"Charcuterie";"DEMO_GENERATED";"seed-to-supabase";"nom séquentiel | marque non détectée | image non charcuterie";"seed-to-supabase";"Généré";"nom séquentiel | marque non détectée";"/images/terminal-3/platters/charcuterie/platter-charcuterie-02.webp";"";"56.00";""
"b7717296-7285-4adf-a007-223b5f548d8f";"Jambon de dinde coup de cœur 28";"jambon-de-dinde-coup-de-c-ur-28";"";"Charcuterie";"DEMO_GENERATED";"seed-to-supabase";"nom séquentiel | marque non détectée | image non charcuterie";"seed-to-supabase";"Généré";"nom séquentiel | marque non détectée";"/images/terminal-3/platters/charcuterie/platter-charcuterie-03.webp";"";"57.00";""
"6f058784-1a64-43a8-9bf5-57867f19edeb";"Filet mignon tradition 29";"filet-mignon-tradition-29";"";"Charcuterie";"DEMO_GENERATED";"seed-food-products";"nom séquentiel | marque non détectée | image non charcuterie";"seed-food-products";"Généré";"nom séquentiel | marque non détectée";"/images/terminal-3/platters/charcuterie/source/0C224C39-FAC8-4D79-93AC-3CE2976D80EF.PNG";"";"58.00";""
"c66bb260-402a-42a6-a411-673d291982b0";"Terrine de campagne sélection 30";"terrine-de-campagne-selection-30";"";"Charcuterie";"DEMO_GENERATED";"seed-to-supabase";"nom séquentiel | marque non détectée | image non charcuterie";"seed-to-supabase";"Généré";"nom séquentiel | marque non détectée";"/images/terminal-3/platters/charcuterie/source/13061506-D5BF-4F53-97AD-965114D7B4BD.PNG";"";"59.00";""
"df279be3-67cc-43df-9bf5-655553728829";"Rillettes artisanal 31";"rillettes-artisanal-31";"";"Charcuterie";"DEMO_GENERATED";"seed-to-supabase";"nom séquentiel | marque non détectée | image non charcuterie";"seed-to-supabase";"Généré";"nom séquentiel | marque non détectée";"/images/terminal-3/platters/charcuterie/source/4F7E2465-86D8-4241-8DC1-4CA947FCF77E.PNG";"";"60.00";""
"4683c5bf-2d3f-4f6e-8464-c8d243139539";"Pâté en croûte fumé 32";"pate-en-croute-fume-32";"";"Charcuterie";"DEMO_GENERATED";"seed-to-supabase";"nom séquentiel | marque non détectée | image non charcuterie";"seed-to-supabase";"Généré";"nom séquentiel | marque non détectée";"/images/terminal-3/platters/charcuterie/platter-charcuterie-01.webp";"";"61.00";""
"90d640c1-391f-460e-9721-3eb061ee5743";"Mousse de foie premium 33";"mousse-de-foie-premium-33";"";"Charcuterie";"DEMO_GENERATED";"seed-food-products";"nom séquentiel | marque non détectée | image non charcuterie";"seed-food-products";"Généré";"nom séquentiel | marque non détectée";"/images/terminal-3/platters/charcuterie/platter-charcuterie-02.webp";"";"62.00";""
"20121649-89f0-4ac1-b10b-aa2a8ea085c8";"Boudin maison 34";"boudin-maison-34";"";"Charcuterie";"DEMO_GENERATED";"seed-to-supabase";"nom séquentiel | marque non détectée | image non charcuterie";"seed-to-supabase";"Généré";"nom séquentiel | marque non détectée";"/images/terminal-3/platters/charcuterie/platter-charcuterie-03.webp";"";"63.00";""
"b2a01ce8-6783-4d22-93f0-dd4b12ec6619";"Saucisson sec coup de cœur 35";"saucisson-sec-coup-de-c-ur-35";"";"Charcuterie";"DEMO_GENERATED";"seed-food-products";"nom séquentiel | marque non détectée | image non charcuterie";"seed-food-products";"Généré";"nom séquentiel | marque non détectée";"/images/terminal-3/platters/charcuterie/source/0C224C39-FAC8-4D79-93AC-3CE2976D80EF.PNG";"";"64.00";""
"e16c379a-182e-4e24-9561-fb96c81935d0";"Rosette de Lyon tradition 36";"rosette-de-lyon-tradition-36";"";"Charcuterie";"DEMO_GENERATED";"seed-food-products";"nom séquentiel | marque non détectée | image non charcuterie";"seed-food-products";"Généré";"nom séquentiel | marque non détectée";"/images/terminal-3/platters/charcuterie/source/13061506-D5BF-4F53-97AD-965114D7B4BD.PNG";"";"65.00";""
"5c838929-f51e-43cf-bfc2-06c7d33c4b6a";"Chorizo doux sélection 37";"chorizo-doux-selection-37";"";"Charcuterie";"DEMO_GENERATED";"seed-to-supabase";"nom séquentiel | marque non détectée | image non charcuterie";"seed-to-supabase";"Généré";"nom séquentiel | marque non détectée";"/images/terminal-3/platters/charcuterie/source/4F7E2465-86D8-4241-8DC1-4CA947FCF77E.PNG";"";"66.00";""
"6dba5fdf-b8db-46c0-afd6-ccb54f6a7d57";"Chorizo fort artisanal 38";"chorizo-fort-artisanal-38";"";"Charcuterie";"DEMO_GENERATED";"seed-to-supabase";"nom séquentiel | marque non détectée | image non charcuterie";"seed-to-supabase";"Généré";"nom séquentiel | marque non détectée";"/images/terminal-3/platters/charcuterie/platter-charcuterie-01.webp";"";"67.00";""
"f876f164-0ccd-4431-8a25-b662c9f7dd45";"Saucisse sèche fumé 39";"saucisse-seche-fume-39";"";"Charcuterie";"DEMO_GENERATED";"seed-to-supabase";"nom séquentiel | marque non détectée | image non charcuterie";"seed-to-supabase";"Généré";"nom séquentiel | marque non détectée";"/images/terminal-3/platters/charcuterie/platter-charcuterie-02.webp";"";"68.00";""
"9c62fded-4d78-4b40-953c-932e38c8e5cc";"Jambon de Parme premium 40";"jambon-de-parme-premium-40";"";"Charcuterie";"DEMO_GENERATED";"seed-food-products";"nom séquentiel | marque non détectée | image non charcuterie";"seed-food-products";"Généré";"nom séquentiel | marque non détectée";"/images/terminal-3/platters/charcuterie/platter-charcuterie-03.webp";"";"29.00";""
"8c3b0433-4236-4433-8a37-fd4a0fe3361a";"Jambon Serrano maison 41";"jambon-serrano-maison-41";"";"Charcuterie";"DEMO_GENERATED";"seed-to-supabase";"nom séquentiel | marque non détectée | image non charcuterie";"seed-to-supabase";"Généré";"nom séquentiel | marque non détectée";"/images/terminal-3/platters/charcuterie/source/0C224C39-FAC8-4D79-93AC-3CE2976D80EF.PNG";"";"30.00";""
"70000000-0000-0000-0000-000070000096";"Syrah 2028";"domaine-du-castel-syrah-2028-150";"";"Vins";"DUPLICATE_OR_INVALID";"seed-to-supabase";"millésime/année impossible: 2028 | marque non détectée | image non vin";"seed-to-supabase";"Invalide";"millésime/année impossible: 2028 | marque non détectée";"/images/terminal-3/spirits/whisky/59001DFD-18ED-4E6A-8081-4CB4C5AC7CF9.PNG";"";"109.00";""
"70000000-0000-0000-0000-0000700000a2";"Petit Castel 2020";"recanati-petit-castel-2020-162";"Castel";"Vins";"REAL_REVIEW";"seed-to-supabase";"image non vin";"seed-to-supabase";"Probable";"image non vin";"/images/terminal-3/spirits/whisky/63A683B5-CAEB-44EB-866F-DDCFF8E5E37B.PNG";"";"121.00";""
"70000000-0000-0000-0000-0000700000a3";"Cointreau Extra Añejo";"cointreau-cointreau-extra-anejo-163";"Cointreau";"Spiritueux";"REAL_REVIEW";"seed-to-supabase";"sous-catégorie incohérente: DB=TEQUILA image=Whisky";"seed-to-supabase";"Probable";"sous-catégorie incohérente: DB=TEQUILA image=Whisky";"/images/terminal-3/spirits/whisky/63B5A750-89FC-472F-8FFE-08B5DA5B4BAF.PNG";"";"102.00";""
"af66da51-23f7-4b2a-ad9e-67ead35fdef8";"Jambon fumé coup de cœur 42";"jambon-fume-coup-de-c-ur-42";"";"Charcuterie";"DEMO_GENERATED";"seed-to-supabase";"nom séquentiel | marque non détectée | image non charcuterie";"seed-to-supabase";"Généré";"nom séquentiel | marque non détectée";"/images/terminal-3/platters/charcuterie/source/13061506-D5BF-4F53-97AD-965114D7B4BD.PNG";"";"31.00";""
"5b435ffc-0c58-42cf-a158-3b670d01740f";"Jambon de dinde tradition 43";"jambon-de-dinde-tradition-43";"";"Charcuterie";"DEMO_GENERATED";"seed-food-products";"nom séquentiel | marque non détectée | image non charcuterie";"seed-food-products";"Généré";"nom séquentiel | marque non détectée";"/images/terminal-3/platters/charcuterie/source/4F7E2465-86D8-4241-8DC1-4CA947FCF77E.PNG";"";"32.00";""
"fc419431-e8a1-4729-812c-046e01ed3fcc";"Filet mignon sélection 44";"filet-mignon-selection-44";"";"Charcuterie";"DEMO_GENERATED";"seed-to-supabase";"nom séquentiel | marque non détectée | image non charcuterie";"seed-to-supabase";"Généré";"nom séquentiel | marque non détectée";"/images/terminal-3/platters/charcuterie/platter-charcuterie-01.webp";"";"33.00";""
"e7780734-884b-4530-b200-61fb061d01c5";"Terrine de campagne artisanal 45";"terrine-de-campagne-artisanal-45";"";"Charcuterie";"DEMO_GENERATED";"seed-to-supabase";"nom séquentiel | marque non détectée | image non charcuterie";"seed-to-supabase";"Généré";"nom séquentiel | marque non détectée";"/images/terminal-3/platters/charcuterie/platter-charcuterie-02.webp";"";"34.00";""
"36a1c00c-6c7c-4c35-9093-83b9d39fa889";"Rillettes fumé 46";"rillettes-fume-46";"";"Charcuterie";"DEMO_GENERATED";"seed-to-supabase";"nom séquentiel | marque non détectée | image non charcuterie";"seed-to-supabase";"Généré";"nom séquentiel | marque non détectée";"/images/terminal-3/platters/charcuterie/platter-charcuterie-03.webp";"";"35.00";""
"261e409e-6cb2-45bf-83cb-d20f78304f1b";"Pâté en croûte premium 47";"pate-en-croute-premium-47";"";"Charcuterie";"DEMO_GENERATED";"seed-food-products";"nom séquentiel | marque non détectée | image non charcuterie";"seed-food-products";"Généré";"nom séquentiel | marque non détectée";"/images/terminal-3/platters/charcuterie/source/0C224C39-FAC8-4D79-93AC-3CE2976D80EF.PNG";"";"36.00";""
"beb14e23-e0a0-4961-8852-b10f485a99f8";"Mousse de foie maison 48";"mousse-de-foie-maison-48";"";"Charcuterie";"DEMO_GENERATED";"seed-to-supabase";"nom séquentiel | marque non détectée | image non charcuterie";"seed-to-supabase";"Généré";"nom séquentiel | marque non détectée";"/images/terminal-3/platters/charcuterie/source/13061506-D5BF-4F53-97AD-965114D7B4BD.PNG";"";"37.00";""
"15431e31-8f14-415a-b081-5954aba52299";"Boudin coup de cœur 49";"boudin-coup-de-c-ur-49";"";"Charcuterie";"DEMO_GENERATED";"seed-to-supabase";"nom séquentiel | marque non détectée | image non charcuterie";"seed-to-supabase";"Généré";"nom séquentiel | marque non détectée";"/images/terminal-3/platters/charcuterie/source/4F7E2465-86D8-4241-8DC1-4CA947FCF77E.PNG";"";"38.00";""
"70000000-0000-0000-0000-000070000033";"Viognier 2029";"galil-mountain-viognier-2029-51";"";"Vins";"DUPLICATE_OR_INVALID";"seed-to-supabase";"millésime/année impossible: 2029 | marque non détectée";"seed-to-supabase";"Invalide";"millésime/année impossible: 2029 | marque non détectée";"/images/terminal-3/wines/other-brands/wine-other-brand-24.webp";"";"130.00";""
"70000000-0000-0000-0000-000070000034";"Pernod Vanilla";"pernod-pernod-vanilla-52";"Pernod";"Spiritueux";"REAL_REVIEW";"seed-to-supabase";"image non spiritueux | sous-catégorie incohérente: DB=VODKA image=Autres vins";"seed-to-supabase";"Probable";"image non spiritueux | sous-catégorie incohérente: DB=VODKA image=Autres vins";"/images/terminal-3/wines/other-brands/wine-other-brand-25.webp";"";"141.00";""
"70000000-0000-0000-0000-000070000035";"Ouzo Mediterranean";"ouzo-ouzo-mediterranean-53";"Ouzo";"Spiritueux";"REAL_REVIEW";"seed-to-supabase";"image non spiritueux | sous-catégorie incohérente: DB=GIN image=Autres vins";"seed-to-supabase";"Probable";"image non spiritueux | sous-catégorie incohérente: DB=GIN image=Autres vins";"/images/terminal-3/wines/other-brands/wine-other-brand-26.webp";"";"142.00";""
"70000000-0000-0000-0000-000070000036";"Petit Castel 2032";"shiloh-petit-castel-2032-54";"Castel";"Vins";"DUPLICATE_OR_INVALID";"seed-to-supabase";"millésime/année impossible: 2032";"seed-to-supabase";"Invalide";"millésime/année impossible: 2032";"/images/terminal-3/wines/other-brands/wine-other-brand-27.webp";"";"133.00";""
"70000000-0000-0000-0000-000070000037";"Askalon Elite";"askalon-askalon-elite-55";"";"Spiritueux";"DEMO_GENERATED";"seed-to-supabase";"marque non détectée | image non spiritueux | sous-catégorie incohérente: DB=ARAK image=Autres vins";"seed-to-supabase";"Généré";"marque non détectée | image non spiritueux";"/images/terminal-3/wines/other-brands/wine-other-brand-28.webp";"";"144.00";""
"70000000-0000-0000-0000-000070000038";"Tubi 60 12 ans";"tubi-60-tubi-60-12-ans-56";"";"Spiritueux";"DEMO_GENERATED";"seed-to-supabase";"marque non détectée | image non spiritueux | sous-catégorie incohérente: DB=WHISKY image=Autres vins";"seed-to-supabase";"Généré";"marque non détectée | image non spiritueux";"/images/terminal-3/wines/other-brands/wine-other-brand-29.webp";"";"145.00";""
"70000000-0000-0000-0000-000070000039";"Merlot 2035";"recanati-merlot-2035-57";"";"Vins";"DUPLICATE_OR_INVALID";"seed-to-supabase";"millésime/année impossible: 2035 | marque non détectée";"seed-to-supabase";"Invalide";"millésime/année impossible: 2035 | marque non détectée";"/images/terminal-3/wines/other-brands/wine-other-brand-30.webp";"";"136.00";""
"70000000-0000-0000-0000-00007000003a";"Chivas Regal 15 ans";"chivas-regal-chivas-regal-15-ans-58";"Chivas Regal";"Spiritueux";"REAL_REVIEW";"seed-to-supabase";"image non spiritueux | sous-catégorie incohérente: DB=RHUM image=Autres vins";"seed-to-supabase";"Probable";"image non spiritueux | sous-catégorie incohérente: DB=RHUM image=Autres vins";"/images/terminal-3/wines/other-brands/wine-other-brand-31.webp";"";"147.00";""
"70000000-0000-0000-0000-00007000003b";"Glenfiddich";"glenfiddich-glenfiddich-59";"Glenfiddich";"Spiritueux";"REAL_REVIEW";"seed-to-supabase";"image non spiritueux | sous-catégorie incohérente: DB=TEQUILA image=Autres vins";"seed-to-supabase";"Probable";"image non spiritueux | sous-catégorie incohérente: DB=TEQUILA image=Autres vins";"/images/terminal-3/wines/other-brands/wine-other-brand-32.webp";"";"148.00";""
"70000000-0000-0000-0000-00007000003c";"Syrah 2018";"domaine-du-castel-syrah-2018-60";"";"Vins";"DEMO_GENERATED";"seed-to-supabase";"marque non détectée";"seed-to-supabase";"Généré";"marque non détectée";"/images/terminal-3/wines/other-brands/wine-other-brand-33.webp";"";"79.00";""
"661f2e26-92a2-44f1-8be1-ee41f36f5119";"Saumon fumé d'Écosse tradition 0";"saumon-fume-d-ecosse-tradition-0";"";"Poissons fumés";"DEMO_GENERATED";"seed-food-products";"nom séquentiel | marque non détectée";"seed-food-products";"Généré";"nom séquentiel | marque non détectée";"/images/terminal-3/fish/salmon/fish-salmon-11.webp";"";"39.00";""
"3af7773c-2778-4c4a-a48a-2a3321d70af9";"Saumon gravlax sélection 1";"saumon-gravlax-selection-1";"";"Poissons fumés";"DEMO_GENERATED";"seed-to-supabase";"nom séquentiel | marque non détectée";"seed-to-supabase";"Généré";"nom séquentiel | marque non détectée";"/images/terminal-3/fish/salmon/fish-salmon-12.webp";"";"40.00";""
"73d78be2-3752-4f1a-a674-46f4171869e6";"Saumon fumé norvégien artisanal 2";"saumon-fume-norvegien-artisanal-2";"";"Poissons fumés";"DEMO_GENERATED";"seed-food-products";"nom séquentiel | marque non détectée";"seed-food-products";"Généré";"nom séquentiel | marque non détectée";"/images/terminal-3/fish/salmon/fish-salmon-13.webp";"";"41.00";""
"caa2db9f-5513-4825-a044-c1fadc2a9d11";"Truite fumée fumé 3";"truite-fumee-fume-3";"";"Poissons fumés";"DEMO_GENERATED";"seed-to-supabase";"nom séquentiel | marque non détectée";"seed-to-supabase";"Généré";"nom séquentiel | marque non détectée";"/images/terminal-3/fish/salmon/fish-salmon-14.webp";"";"42.00";""
"08e77c6b-a5f5-4db6-a42a-d91d87e203bc";"Maquereau fumé premium 4";"maquereau-fume-premium-4";"";"Poissons fumés";"DEMO_GENERATED";"seed-food-products";"nom séquentiel | marque non détectée";"seed-food-products";"Généré";"nom séquentiel | marque non détectée";"/images/terminal-3/fish/salmon/fish-salmon-15.webp";"";"43.00";""
"d04ce16f-cbf2-4f2c-892b-0bcb7933814a";"Hareng fumé maison 5";"hareng-fume-maison-5";"";"Poissons fumés";"DEMO_GENERATED";"seed-to-supabase";"nom séquentiel | marque non détectée";"seed-to-supabase";"Généré";"nom séquentiel | marque non détectée";"/images/terminal-3/fish/salmon/fish-salmon-16.webp";"";"44.00";""
"b37074e9-c03f-41f0-8467-faaaf3d691a0";"Sardine fumée coup de cœur 6";"sardine-fumee-coup-de-c-ur-6";"";"Poissons fumés";"DEMO_GENERATED";"seed-to-supabase";"nom séquentiel | marque non détectée";"seed-to-supabase";"Généré";"nom séquentiel | marque non détectée";"/images/terminal-3/fish/salmon/fish-salmon-17.webp";"";"45.00";""
"784dfeff-3c1f-4059-8b13-6e557480095a";"Filet de saumon tradition 7";"filet-de-saumon-tradition-7";"";"Poissons fumés";"DEMO_GENERATED";"seed-food-products";"nom séquentiel | marque non détectée";"seed-food-products";"Généré";"nom séquentiel | marque non détectée";"/images/terminal-3/fish/salmon/fish-salmon-18.webp";"";"46.00";""
"e48f176d-6d41-46eb-bf64-8c8554e73d66";"Roses de saumon sélection 8";"roses-de-saumon-selection-8";"";"Poissons fumés";"DEMO_GENERATED";"seed-to-supabase";"nom séquentiel | marque non détectée";"seed-to-supabase";"Généré";"nom séquentiel | marque non détectée";"/images/terminal-3/fish/salmon/fish-salmon-19.webp";"";"47.00";""
"d7a1ece6-fe0d-48e5-88cc-be1372ff70a1";"Toast de saumon artisanal 9";"toast-de-saumon-artisanal-9";"";"Poissons fumés";"DEMO_GENERATED";"seed-to-supabase";"nom séquentiel | marque non détectée";"seed-to-supabase";"Généré";"nom séquentiel | marque non détectée";"/images/terminal-3/fish/salmon/fish-salmon-sarfati-01.webp";"";"48.00";""
"323871bd-c243-4d21-960a-58aa26214f93";"Saumon fumé d'Écosse fumé 10";"saumon-fume-d-ecosse-fume-10";"";"Poissons fumés";"DEMO_GENERATED";"seed-food-products";"nom séquentiel | marque non détectée";"seed-food-products";"Généré";"nom séquentiel | marque non détectée";"/images/terminal-3/fish/salmon/fish-salmon-sarfati-02.webp";"";"49.00";""
"27abd248-1d6f-40b0-8cc5-d58dde418861";"Saumon gravlax premium 11";"saumon-gravlax-premium-11";"";"Poissons fumés";"DEMO_GENERATED";"seed-food-products";"nom séquentiel | marque non détectée";"seed-food-products";"Généré";"nom séquentiel | marque non détectée";"/images/terminal-3/fish/salmon/fish-salmon-sarfati-03.webp";"";"50.00";""
"f27afad9-6577-407c-980b-25639bf74feb";"Saumon fumé norvégien maison 12";"saumon-fume-norvegien-maison-12";"";"Poissons fumés";"DEMO_GENERATED";"seed-food-products";"nom séquentiel | marque non détectée";"seed-food-products";"Généré";"nom séquentiel | marque non détectée";"/images/terminal-3/fish/salmon/fish-salmon-sarfati-04.webp";"";"51.00";""
"d6745ee9-5a71-49d8-8e9c-3c1b2220a82e";"Truite fumée coup de cœur 13";"truite-fumee-coup-de-c-ur-13";"";"Poissons fumés";"DEMO_GENERATED";"seed-to-supabase";"nom séquentiel | marque non détectée";"seed-to-supabase";"Généré";"nom séquentiel | marque non détectée";"/images/terminal-3/fish/salmon/fish-salmon-sarfati-05.webp";"";"52.00";""
"1e0ddcc0-3709-4efd-b1e4-88748bcb1ff7";"Maquereau fumé tradition 14";"maquereau-fume-tradition-14";"";"Poissons fumés";"DEMO_GENERATED";"seed-food-products";"nom séquentiel | marque non détectée";"seed-food-products";"Généré";"nom séquentiel | marque non détectée";"/images/terminal-3/fish/salmon/fish-salmon-sarfati-06.webp";"";"53.00";""
"a3e66834-885b-46e1-8ad1-0c9447ce6aec";"Hareng fumé sélection 15";"hareng-fume-selection-15";"";"Poissons fumés";"DEMO_GENERATED";"seed-to-supabase";"nom séquentiel | marque non détectée";"seed-to-supabase";"Généré";"nom séquentiel | marque non détectée";"/images/terminal-3/fish/salmon/fish-salmon-sarfati-07.webp";"";"54.00";""
"8f388549-0bf5-4022-9713-b1b47a3a7d3e";"Sardine fumée artisanal 16";"sardine-fumee-artisanal-16";"";"Poissons fumés";"DEMO_GENERATED";"seed-to-supabase";"nom séquentiel | marque non détectée";"seed-to-supabase";"Généré";"nom séquentiel | marque non détectée";"/images/terminal-3/fish/salmon/fish-salmon-sarfati-08.webp";"";"55.00";""
"8f8b57d2-2165-4a6c-b688-b23592160007";"Filet de saumon fumé 17";"filet-de-saumon-fume-17";"";"Poissons fumés";"DEMO_GENERATED";"seed-food-products";"nom séquentiel | marque non détectée";"seed-food-products";"Généré";"nom séquentiel | marque non détectée";"/images/terminal-3/fish/salmon/source/1250CF29-FB26-43A8-9382-B83E5FEF0D83 3.PNG";"";"56.00";""
"699cd697-b86b-4386-b45f-002d76f8f71f";"Roses de saumon premium 18";"roses-de-saumon-premium-18";"";"Poissons fumés";"DEMO_GENERATED";"seed-food-products";"nom séquentiel | marque non détectée";"seed-food-products";"Généré";"nom séquentiel | marque non détectée";"/images/terminal-3/fish/salmon/source/1250CF29-FB26-43A8-9382-B83E5FEF0D83.PNG";"";"57.00";""
"f51c7ffa-d73c-4470-a617-8a7dc05000c5";"Toast de saumon maison 19";"toast-de-saumon-maison-19";"";"Poissons fumés";"DEMO_GENERATED";"seed-to-supabase";"nom séquentiel | marque non détectée";"seed-to-supabase";"Généré";"nom séquentiel | marque non détectée";"/images/terminal-3/fish/salmon/source/1F0CF3D9-84A2-4B72-B354-7437D09B7A84 3.PNG";"";"58.00";""
"fa6e934c-9105-4acd-84ed-68a3ab05b1f2";"Saumon fumé d'Écosse coup de cœur 20";"saumon-fume-d-ecosse-coup-de-c-ur-20";"";"Poissons fumés";"DEMO_GENERATED";"seed-food-products";"nom séquentiel | marque non détectée";"seed-food-products";"Généré";"nom séquentiel | marque non détectée";"/images/terminal-3/fish/salmon/source/1F0CF3D9-84A2-4B72-B354-7437D09B7A84.PNG";"";"59.00";""
"e89b0361-0a94-4e39-9cf4-9d9402d64e92";"Saumon gravlax tradition 21";"saumon-gravlax-tradition-21";"";"Poissons fumés";"DEMO_GENERATED";"seed-food-products";"nom séquentiel | marque non détectée";"seed-food-products";"Généré";"nom séquentiel | marque non détectée";"/images/terminal-3/fish/salmon/source/3BA6E8D1-2572-46D3-8DD9-463E2A0E137E.PNG";"";"60.00";""
"70000000-0000-0000-0000-0000700000b8";"Bacardi 18 ans";"bacardi-bacardi-18-ans-184";"";"Spiritueux";"DEMO_GENERATED";"seed-to-supabase";"marque non détectée | sous-catégorie incohérente: DB=WHISKY image=Whisky";"seed-to-supabase";"Généré";"marque non détectée | sous-catégorie incohérente: DB=WHISKY image=Whisky";"/images/terminal-3/spirits/whisky/887DF729-18BD-48B7-AEB6-6A7FDC3894CB.PNG";"";"123.00";""
"e34ea8a5-7f01-4994-91e9-8a3468eda0f9";"Saumon fumé norvégien sélection 22";"saumon-fume-norvegien-selection-22";"";"Poissons fumés";"DEMO_GENERATED";"seed-food-products";"nom séquentiel | marque non détectée";"seed-food-products";"Généré";"nom séquentiel | marque non détectée";"/images/terminal-3/fish/salmon/source/673CDBC2-BE2E-45C3-8DF0-E2C289095255 3.PNG";"";"61.00";""
"633ba065-5a6d-4475-b001-a83cbd5c66b5";"Truite fumée artisanal 23";"truite-fumee-artisanal-23";"";"Poissons fumés";"DEMO_GENERATED";"seed-to-supabase";"nom séquentiel | marque non détectée";"seed-to-supabase";"Généré";"nom séquentiel | marque non détectée";"/images/terminal-3/fish/salmon/source/673CDBC2-BE2E-45C3-8DF0-E2C289095255.PNG";"";"62.00";""
"41d3acdd-eecd-43ab-8cee-9ee2275f8049";"Maquereau fumé fumé 24";"maquereau-fume-fume-24";"";"Poissons fumés";"DEMO_GENERATED";"seed-to-supabase";"nom séquentiel | marque non détectée";"seed-to-supabase";"Généré";"nom séquentiel | marque non détectée";"/images/terminal-3/fish/salmon/source/8E247F31-CC39-418A-B6D0-75F2795FABE2 3.PNG";"";"63.00";""
"70000000-0000-0000-0000-00007000006c";"Petit Castel 2026";"carmel-petit-castel-2026-108";"Castel";"Vins";"REAL_REVIEW";"seed-to-supabase";"image non vin";"seed-to-supabase";"Probable";"image non vin";"/images/terminal-3/spirits/whisky/1AF6FD35-54F9-4B6F-8347-DFE09D5E1347.PNG";"";"127.00";""
"70000000-0000-0000-0000-0000700000c8";"Yamazaki Double Wood";"yamazaki-yamazaki-double-wood-200";"Yamazaki";"Spiritueux";"REAL_REVIEW";"seed-to-supabase";"sous-catégorie incohérente: DB=WHISKY image=Whisky";"seed-to-supabase";"Probable";"sous-catégorie incohérente: DB=WHISKY image=Whisky";"/images/terminal-3/spirits/whisky/9E904A9F-64E3-4ED1-852F-95C799539067.PNG";"";"139.00";""
"70000000-0000-0000-0000-0000700000c9";"Merlot 2019";"galil-mountain-merlot-2019-201";"";"Vins";"DEMO_GENERATED";"seed-to-supabase";"marque non détectée | image non vin";"seed-to-supabase";"Généré";"marque non détectée | image non vin";"/images/terminal-3/spirits/whisky/9F77F0EB-4EC5-46EC-9DD8-78168CAB153E.PNG";"";"100.00";""
"70000000-0000-0000-0000-0000700000ca";"Nikka";"nikka-nikka-202";"Nikka";"Spiritueux";"REAL_REVIEW";"seed-to-supabase";"sous-catégorie incohérente: DB=RHUM image=Whisky";"seed-to-supabase";"Probable";"sous-catégorie incohérente: DB=RHUM image=Whisky";"/images/terminal-3/spirits/whisky/A1BE37C8-7AEB-4A4F-961F-E275B3DE5406.PNG";"";"141.00";""
"70000000-0000-0000-0000-00007000017a";"Petit Castel 2036";"carmel-petit-castel-2036-378";"Castel";"Vins";"DUPLICATE_OR_INVALID";"seed-to-supabase";"millésime/année impossible: 2036 | image non vin";"seed-to-supabase";"Invalide";"millésime/année impossible: 2036 | image non vin";"/images/terminal-3/spirits/whisky/26C24598-77B0-41E0-A70A-6D8C7D4DA96E.PNG";"";"97.00";""
"70000000-0000-0000-0000-00007000017b";"Ballantine's";"ballantine-s-ballantine-s-379";"Ballantine's";"Spiritueux";"REAL_REVIEW";"seed-to-supabase";"sous-catégorie incohérente: DB=TEQUILA image=Whisky";"seed-to-supabase";"Probable";"sous-catégorie incohérente: DB=TEQUILA image=Whisky";"/images/terminal-3/spirits/whisky/27788521-6BBB-4116-A76A-F5BBAAB30795.PNG";"";"168.00";""
"70000000-0000-0000-0000-00007000017c";"Famous Grouse Original";"famous-grouse-famous-grouse-original-380";"";"Spiritueux";"DEMO_GENERATED";"seed-to-supabase";"marque non détectée | sous-catégorie incohérente: DB=VODKA image=Whisky";"seed-to-supabase";"Généré";"marque non détectée | sous-catégorie incohérente: DB=VODKA image=Whisky";"/images/terminal-3/spirits/whisky/27B402D3-6999-4F4C-9932-79F7BE56D255.PNG";"";"169.00";""
"70000000-0000-0000-0000-00007000017d";"Merlot 2019";"galil-mountain-merlot-2019-381";"";"Vins";"DEMO_GENERATED";"seed-to-supabase";"marque non détectée | image non vin";"seed-to-supabase";"Généré";"marque non détectée | image non vin";"/images/terminal-3/spirits/whisky/287E003F-9118-4332-B5CF-C63DA4A6DE8A.PNG";"";"100.00";""
"70000000-0000-0000-0000-00007000017e";"Dewar's Orange";"dewar-s-dewar-s-orange-382";"Dewar's";"Spiritueux";"REAL_REVIEW";"seed-to-supabase";"sous-catégorie incohérente: DB=LIQUEUR image=Whisky";"seed-to-supabase";"Probable";"sous-catégorie incohérente: DB=LIQUEUR image=Whisky";"/images/terminal-3/spirits/whisky/29678DC5-B774-45F4-A4D7-3E421C71DC4D.PNG";"";"171.00";""
"70000000-0000-0000-0000-00007000017f";"Bushmills Anisé";"bushmills-bushmills-anise-383";"Bushmills";"Spiritueux";"REAL_REVIEW";"seed-to-supabase";"sous-catégorie incohérente: DB=ARAK image=Whisky";"seed-to-supabase";"Probable";"sous-catégorie incohérente: DB=ARAK image=Whisky";"/images/terminal-3/spirits/whisky/2ABCD09A-27EC-40AB-89F6-F5ACFDCE40B1.PNG";"";"172.00";""
"70000000-0000-0000-0000-000070000180";"Syrah 2022";"shiloh-syrah-2022-384";"";"Vins";"DEMO_GENERATED";"seed-to-supabase";"marque non détectée | image non vin";"seed-to-supabase";"Généré";"marque non détectée | image non vin";"/images/terminal-3/spirits/whisky/2B055468-CF51-45B8-9E17-988239EA8AC2.PNG";"";"103.00";""
"70000000-0000-0000-0000-000070000181";"Ararat V.S.O.P";"ararat-ararat-v-s-o-p-385";"Ararat";"Spiritueux";"REAL_REVIEW";"seed-to-supabase";"sous-catégorie incohérente: DB=COGNAC image=Whisky";"seed-to-supabase";"Probable";"sous-catégorie incohérente: DB=COGNAC image=Whisky";"/images/terminal-3/spirits/whisky/2B4D298F-8878-42F2-88DB-6903277515CE.PNG";"";"174.00";""
"70000000-0000-0000-0000-000070000182";"Khvanchkara 12 ans";"khvanchkara-khvanchkara-12-ans-386";"Khvanchkara";"Spiritueux";"REAL_REVIEW";"seed-to-supabase";"sous-catégorie incohérente: DB=RHUM image=Whisky";"seed-to-supabase";"Probable";"sous-catégorie incohérente: DB=RHUM image=Whisky";"/images/terminal-3/spirits/whisky/2C0F3DAF-A217-43A7-B97F-0549DBDB0957.PNG";"";"175.00";""
"70000000-0000-0000-0000-000070000183";"Rouge de Galilée 2025";"recanati-rouge-de-galilee-2025-387";"";"Vins";"DEMO_GENERATED";"seed-to-supabase";"marque non détectée | image non vin";"seed-to-supabase";"Généré";"marque non détectée | image non vin";"/images/terminal-3/spirits/whisky/2DEDFB66-21FE-43A9-B52C-7D05138CC490.PNG";"";"106.00";""
"70000000-0000-0000-0000-000070000184";"Cîroc Berry";"ciroc-ciroc-berry-388";"Cîroc";"Spiritueux";"REAL_REVIEW";"seed-to-supabase";"sous-catégorie incohérente: DB=VODKA image=Whisky";"seed-to-supabase";"Probable";"sous-catégorie incohérente: DB=VODKA image=Whisky";"/images/terminal-3/spirits/whisky/2F699C34-9F32-4727-BA58-0A5242A53131.PNG";"";"177.00";""
"70000000-0000-0000-0000-000070000185";"Beluga";"beluga-beluga-389";"Beluga";"Spiritueux";"REAL_REVIEW";"seed-to-supabase";"sous-catégorie incohérente: DB=GIN image=Whisky";"seed-to-supabase";"Probable";"sous-catégorie incohérente: DB=GIN image=Whisky";"/images/terminal-3/spirits/whisky/314198A4-0C3A-4572-A8B1-1D830FA3DC84.PNG";"";"178.00";""
"72c7708a-dcc1-4ea1-a519-d6e067ec1bd3";"Hareng fumé premium 25";"hareng-fume-premium-25";"";"Poissons fumés";"DEMO_GENERATED";"seed-food-products";"nom séquentiel | marque non détectée";"seed-food-products";"Généré";"nom séquentiel | marque non détectée";"/images/terminal-3/fish/salmon/source/8E247F31-CC39-418A-B6D0-75F2795FABE2.PNG";"";"64.00";""
"33704906-234e-4e79-9921-9c16f0d5afbd";"Sardine fumée maison 26";"sardine-fumee-maison-26";"";"Poissons fumés";"DEMO_GENERATED";"seed-to-supabase";"nom séquentiel | marque non détectée";"seed-to-supabase";"Généré";"nom séquentiel | marque non détectée";"/images/terminal-3/fish/salmon/source/949E2F7A-2DCD-4D7D-BD1D-846B67944652 3.PNG";"";"65.00";""
"920f0186-dac1-44c1-be2b-c7d0c42731d9";"Filet de saumon coup de cœur 27";"filet-de-saumon-coup-de-c-ur-27";"";"Poissons fumés";"DEMO_GENERATED";"seed-to-supabase";"nom séquentiel | marque non détectée";"seed-to-supabase";"Généré";"nom séquentiel | marque non détectée";"/images/terminal-3/fish/salmon/source/949E2F7A-2DCD-4D7D-BD1D-846B67944652.PNG";"";"66.00";""
"7a66d353-58be-4f4b-a0fa-80ff7c2f96c9";"Roses de saumon tradition 28";"roses-de-saumon-tradition-28";"";"Poissons fumés";"DEMO_GENERATED";"seed-food-products";"nom séquentiel | marque non détectée";"seed-food-products";"Généré";"nom séquentiel | marque non détectée";"/images/terminal-3/fish/salmon/source/C5C183C9-832B-4F68-A13D-2165B46B3D88 3.PNG";"";"67.00";""
"5dc5c175-fd6a-405a-8d7a-5f96f373543c";"Toast de saumon sélection 29";"toast-de-saumon-selection-29";"";"Poissons fumés";"DEMO_GENERATED";"seed-to-supabase";"nom séquentiel | marque non détectée";"seed-to-supabase";"Généré";"nom séquentiel | marque non détectée";"/images/terminal-3/fish/salmon/source/C5C183C9-832B-4F68-A13D-2165B46B3D88.PNG";"";"68.00";""
"72e5ac72-0a90-4c89-86d0-64fe4163d965";"Saumon fumé d'Écosse artisanal 30";"saumon-fume-d-ecosse-artisanal-30";"";"Poissons fumés";"DEMO_GENERATED";"seed-food-products";"nom séquentiel | marque non détectée";"seed-food-products";"Généré";"nom séquentiel | marque non détectée";"/images/terminal-3/fish/salmon/source/CC647D86-6227-4DEE-894B-5FD36C6A0AC4 3.PNG";"";"29.00";""
"f7ac5545-8781-4649-9d7d-d7a5b01c2a6e";"Saumon gravlax fumé 31";"saumon-gravlax-fume-31";"";"Poissons fumés";"DEMO_GENERATED";"seed-to-supabase";"nom séquentiel | marque non détectée";"seed-to-supabase";"Généré";"nom séquentiel | marque non détectée";"/images/terminal-3/fish/salmon/source/CC647D86-6227-4DEE-894B-5FD36C6A0AC4.PNG";"";"30.00";""
"c6e24b3c-b31b-4cdc-8e61-d4626fb27665";"Saumon fumé norvégien premium 32";"saumon-fume-norvegien-premium-32";"";"Poissons fumés";"DEMO_GENERATED";"seed-food-products";"nom séquentiel | marque non détectée";"seed-food-products";"Généré";"nom séquentiel | marque non détectée";"/images/terminal-3/fish/salmon/source/E0920E77-C6CA-4328-9DFF-36411455B7C3 3.PNG";"";"31.00";""
"8a36da60-7766-40e4-b729-595f8c06a828";"Truite fumée maison 33";"truite-fumee-maison-33";"";"Poissons fumés";"DEMO_GENERATED";"seed-to-supabase";"nom séquentiel | marque non détectée";"seed-to-supabase";"Généré";"nom séquentiel | marque non détectée";"/images/terminal-3/fish/salmon/source/E0920E77-C6CA-4328-9DFF-36411455B7C3.PNG";"";"32.00";""
"3cdeae5b-a962-4267-b414-386f44a1c5b4";"Maquereau fumé coup de cœur 34";"maquereau-fume-coup-de-c-ur-34";"";"Poissons fumés";"DEMO_GENERATED";"seed-to-supabase";"nom séquentiel | marque non détectée";"seed-to-supabase";"Généré";"nom séquentiel | marque non détectée";"/images/terminal-3/fish/salmon/source/ED10A42B-CAD4-4943-BE4A-D020CE2900AF 3.PNG";"";"33.00";""
"188faf37-5c45-4b6e-90be-1ead80a0fa08";"Hareng fumé tradition 35";"hareng-fume-tradition-35";"";"Poissons fumés";"DEMO_GENERATED";"seed-food-products";"nom séquentiel | marque non détectée";"seed-food-products";"Généré";"nom séquentiel | marque non détectée";"/images/terminal-3/fish/salmon/source/ED10A42B-CAD4-4943-BE4A-D020CE2900AF.PNG";"";"34.00";""
"ef684ca6-d089-4f15-a7ba-56fcec2d54d5";"Sardine fumée sélection 36";"sardine-fumee-selection-36";"";"Poissons fumés";"DEMO_GENERATED";"seed-to-supabase";"nom séquentiel | marque non détectée";"seed-to-supabase";"Généré";"nom séquentiel | marque non détectée";"/images/terminal-3/fish/salmon/source/1250CF29-FB26-43A8-9382-B83E5FEF0D83 3.PNG";"";"35.00";""
"a03a5916-2aff-4f92-9874-2fe7878c2997";"Filet de saumon artisanal 37";"filet-de-saumon-artisanal-37";"";"Poissons fumés";"DEMO_GENERATED";"seed-to-supabase";"nom séquentiel | marque non détectée";"seed-to-supabase";"Généré";"nom séquentiel | marque non détectée";"/images/terminal-3/fish/salmon/source/1250CF29-FB26-43A8-9382-B83E5FEF0D83.PNG";"";"36.00";""
"08a5a292-60fd-4e5e-a3c6-7d7660a26471";"Roses de saumon fumé 38";"roses-de-saumon-fume-38";"";"Poissons fumés";"DEMO_GENERATED";"seed-food-products";"nom séquentiel | marque non détectée";"seed-food-products";"Généré";"nom séquentiel | marque non détectée";"/images/terminal-3/fish/salmon/source/1F0CF3D9-84A2-4B72-B354-7437D09B7A84 3.PNG";"";"37.00";""
"4f5fa2d7-a7a8-4fe9-bd52-0e1a97c75f32";"Toast de saumon premium 39";"toast-de-saumon-premium-39";"";"Poissons fumés";"DEMO_GENERATED";"seed-food-products";"nom séquentiel | marque non détectée";"seed-food-products";"Généré";"nom séquentiel | marque non détectée";"/images/terminal-3/fish/salmon/source/1F0CF3D9-84A2-4B72-B354-7437D09B7A84.PNG";"";"38.00";""
"1b5ec132-1e09-415d-bbae-1e63ada68f29";"Saumon fumé d'Écosse maison 40";"saumon-fume-d-ecosse-maison-40";"";"Poissons fumés";"DEMO_GENERATED";"seed-food-products";"nom séquentiel | marque non détectée";"seed-food-products";"Généré";"nom séquentiel | marque non détectée";"/images/terminal-3/fish/salmon/source/3BA6E8D1-2572-46D3-8DD9-463E2A0E137E.PNG";"";"39.00";""
"90d42ae9-a93f-499c-b27f-a6eaf04180b1";"Saumon gravlax coup de cœur 41";"saumon-gravlax-coup-de-c-ur-41";"";"Poissons fumés";"DEMO_GENERATED";"seed-to-supabase";"nom séquentiel | marque non détectée";"seed-to-supabase";"Généré";"nom séquentiel | marque non détectée";"/images/terminal-3/fish/salmon/source/673CDBC2-BE2E-45C3-8DF0-E2C289095255 3.PNG";"";"40.00";""
"2eff4f0e-5875-40e8-971d-c598c4a33388";"Saumon fumé norvégien tradition 42";"saumon-fume-norvegien-tradition-42";"";"Poissons fumés";"DEMO_GENERATED";"seed-food-products";"nom séquentiel | marque non détectée";"seed-food-products";"Généré";"nom séquentiel | marque non détectée";"/images/terminal-3/fish/salmon/source/673CDBC2-BE2E-45C3-8DF0-E2C289095255.PNG";"";"41.00";""
"ab406104-4629-4a45-8ec5-a78ba26dc625";"Truite fumée sélection 43";"truite-fumee-selection-43";"";"Poissons fumés";"DEMO_GENERATED";"seed-to-supabase";"nom séquentiel | marque non détectée";"seed-to-supabase";"Généré";"nom séquentiel | marque non détectée";"/images/terminal-3/fish/salmon/source/8E247F31-CC39-418A-B6D0-75F2795FABE2 3.PNG";"";"42.00";""
"238870cb-8d78-453f-bba2-766f7f2f5c72";"Maquereau fumé artisanal 44";"maquereau-fume-artisanal-44";"";"Poissons fumés";"DEMO_GENERATED";"seed-to-supabase";"nom séquentiel | marque non détectée";"seed-to-supabase";"Généré";"nom séquentiel | marque non détectée";"/images/terminal-3/fish/salmon/source/8E247F31-CC39-418A-B6D0-75F2795FABE2.PNG";"";"43.00";""
"aceff398-0a38-46a8-ab95-ffd1cfd7cc32";"Hareng fumé fumé 45";"hareng-fume-fume-45";"";"Poissons fumés";"DEMO_GENERATED";"seed-to-supabase";"nom séquentiel | marque non détectée";"seed-to-supabase";"Généré";"nom séquentiel | marque non détectée";"/images/terminal-3/fish/salmon/source/949E2F7A-2DCD-4D7D-BD1D-846B67944652 3.PNG";"";"44.00";""
"af288b16-e11c-4440-a328-ea6ebcc11227";"Sardine fumée premium 46";"sardine-fumee-premium-46";"";"Poissons fumés";"DEMO_GENERATED";"seed-food-products";"nom séquentiel | marque non détectée";"seed-food-products";"Généré";"nom séquentiel | marque non détectée";"/images/terminal-3/fish/salmon/source/949E2F7A-2DCD-4D7D-BD1D-846B67944652.PNG";"";"45.00";""
"f67c7fc0-d165-492e-a65d-196a327292da";"Filet de saumon maison 47";"filet-de-saumon-maison-47";"";"Poissons fumés";"DEMO_GENERATED";"seed-to-supabase";"nom séquentiel | marque non détectée";"seed-to-supabase";"Généré";"nom séquentiel | marque non détectée";"/images/terminal-3/fish/salmon/source/C5C183C9-832B-4F68-A13D-2165B46B3D88 3.PNG";"";"46.00";""
"8228a4fc-caa2-452a-92d3-52c74598298f";"Roses de saumon coup de cœur 48";"roses-de-saumon-coup-de-c-ur-48";"";"Poissons fumés";"DEMO_GENERATED";"seed-to-supabase";"nom séquentiel | marque non détectée";"seed-to-supabase";"Généré";"nom séquentiel | marque non détectée";"/images/terminal-3/fish/salmon/source/C5C183C9-832B-4F68-A13D-2165B46B3D88.PNG";"";"47.00";""
"c3d7c21a-2e40-4025-b082-cabf6768444e";"Toast de saumon tradition 49";"toast-de-saumon-tradition-49";"";"Poissons fumés";"DEMO_GENERATED";"seed-food-products";"nom séquentiel | marque non détectée";"seed-food-products";"Généré";"nom séquentiel | marque non détectée";"/images/terminal-3/fish/salmon/source/CC647D86-6227-4DEE-894B-5FD36C6A0AC4 3.PNG";"";"48.00";""
"70000000-0000-0000-0000-0000700000fa";"Bombay Sapphire Black";"bombay-sapphire-bombay-sapphire-black-250";"";"Spiritueux";"DEMO_GENERATED";"seed-to-supabase";"marque non détectée | sous-catégorie incohérente: DB=RHUM image=Whisky";"seed-to-supabase";"Généré";"marque non détectée | sous-catégorie incohérente: DB=RHUM image=Whisky";"/images/terminal-3/spirits/whisky/F214B2C1-82C2-46C7-897E-78090749AE74.PNG";"";"189.00";""
"70000000-0000-0000-0000-0000700000fb";"Tanqueray Reposado";"tanqueray-tanqueray-reposado-251";"";"Spiritueux";"DEMO_GENERATED";"seed-to-supabase";"marque non détectée | sous-catégorie incohérente: DB=TEQUILA image=Whisky";"seed-to-supabase";"Généré";"marque non détectée | sous-catégorie incohérente: DB=TEQUILA image=Whisky";"/images/terminal-3/spirits/whisky/F72C340F-02AB-4880-B4F6-ED42BD8DD5F2.PNG";"";"190.00";""
"70000000-0000-0000-0000-000070000111";"Merlot 2031";"carmel-merlot-2031-273";"";"Vins";"DUPLICATE_OR_INVALID";"seed-to-supabase";"millésime/année impossible: 2031 | marque non détectée";"seed-to-supabase";"Invalide";"millésime/année impossible: 2031 | marque non détectée";"/images/terminal-3/wines/yarden/wines-yarden-02.webp";"";"112.00";""
"0c20db41-f00f-449a-800a-9fda23931b0e";"Plateau mixte saumon & charcuterie artisanal 22";"plateau-mixte-saumon-charcuterie-artisanal-22";"";"Plateaux";"DEMO_GENERATED";"seed-to-supabase";"nom séquentiel | marque non détectée";"seed-to-supabase";"Généré";"nom séquentiel | marque non détectée";"/images/terminal-3/platters/charcuterie/source/0C224C39-FAC8-4D79-93AC-3CE2976D80EF.PNG";"";"259.00";""
"2c59564a-a9bf-468c-8246-87ec9b092c1e";"Plateau réception 12 personnes sélection 21";"plateau-reception-12-personnes-selection-21";"";"Plateaux";"DEMO_GENERATED";"seed-to-supabase";"nom séquentiel | marque non détectée";"seed-to-supabase";"Généré";"nom séquentiel | marque non détectée";"/images/terminal-3/platters/charcuterie/platter-charcuterie-03.webp";"";"254.00";""
"990fdb53-8812-4cd2-bc78-7c8c15ec7d43";"Plateau charcuterie tradition premium 24";"plateau-charcuterie-tradition-premium-24";"";"Plateaux";"DEMO_GENERATED";"seed-food-products";"nom séquentiel | marque non détectée";"seed-food-products";"Généré";"nom séquentiel | marque non détectée";"/images/terminal-3/platters/charcuterie/source/4F7E2465-86D8-4241-8DC1-4CA947FCF77E.PNG";"";"269.00";""
"9ec6a2b9-8b7e-4a0c-9cb6-6e3b10d0a276";"Plateau saumon prestige fumé 23";"plateau-saumon-prestige-fume-23";"";"Plateaux";"DEMO_GENERATED";"seed-to-supabase";"nom séquentiel | marque non détectée";"seed-to-supabase";"Généré";"nom séquentiel | marque non détectée";"/images/terminal-3/platters/charcuterie/source/13061506-D5BF-4F53-97AD-965114D7B4BD.PNG";"";"264.00";""
"70000000-0000-0000-0000-00007000012c";"Rosé 2018";"domaine-du-castel-rose-2018-300";"";"Vins";"DEMO_GENERATED";"seed-to-supabase";"marque non détectée";"seed-to-supabase";"Généré";"marque non détectée";"/images/terminal-3/wines/other-brands/wine-other-brand-11.webp";"";"79.00";""
"70000000-0000-0000-0000-00007000012d";"Mount Gay Navy Strength";"mount-gay-mount-gay-navy-strength-301";"";"Spiritueux";"DEMO_GENERATED";"seed-to-supabase";"marque non détectée | image non spiritueux | sous-catégorie incohérente: DB=GIN image=Autres vins";"seed-to-supabase";"Généré";"marque non détectée | image non spiritueux";"/images/terminal-3/wines/other-brands/wine-other-brand-12.webp";"";"90.00";""
"70000000-0000-0000-0000-00007000012e";"Don Julio Orange";"don-julio-don-julio-orange-302";"Don Julio";"Spiritueux";"REAL_REVIEW";"seed-to-supabase";"image non spiritueux | sous-catégorie incohérente: DB=LIQUEUR image=Autres vins";"seed-to-supabase";"Probable";"image non spiritueux | sous-catégorie incohérente: DB=LIQUEUR image=Autres vins";"/images/terminal-3/wines/other-brands/wine-other-brand-13.webp";"";"91.00";""
"70000000-0000-0000-0000-00007000012f";"Viognier 2021";"carmel-viognier-2021-303";"";"Vins";"DEMO_GENERATED";"seed-to-supabase";"marque non détectée";"seed-to-supabase";"Généré";"marque non détectée";"/images/terminal-3/wines/other-brands/wine-other-brand-14.webp";"";"82.00";""
"70000000-0000-0000-0000-000070000145";"Bushmills London Dry";"bushmills-bushmills-london-dry-325";"Bushmills";"Spiritueux";"REAL_REVIEW";"seed-to-supabase";"image non spiritueux | sous-catégorie incohérente: DB=GIN image=Autres vins";"seed-to-supabase";"Probable";"image non spiritueux | sous-catégorie incohérente: DB=GIN image=Autres vins";"/images/terminal-3/wines/other-brands/wine-other-brand-36.webp";"";"114.00";""
"70000000-0000-0000-0000-000070000146";"Tullamore Dew Cream";"tullamore-dew-tullamore-dew-cream-326";"";"Spiritueux";"DEMO_GENERATED";"seed-to-supabase";"marque non détectée | image non spiritueux | sous-catégorie incohérente: DB=LIQUEUR image=Autres vins";"seed-to-supabase";"Généré";"marque non détectée | image non spiritueux";"/images/terminal-3/wines/other-brands/wine-other-brand-37.webp";"";"115.00";""
"70000000-0000-0000-0000-000070000147";"Merlot 2025";"recanati-merlot-2025-327";"";"Vins";"DEMO_GENERATED";"seed-to-supabase";"marque non détectée";"seed-to-supabase";"Généré";"marque non détectée";"/images/terminal-3/wines/other-brands/wine-other-brand-38.webp";"";"106.00";""
"70000000-0000-0000-0000-000070000148";"Khvanchkara";"khvanchkara-khvanchkara-328";"Khvanchkara";"Spiritueux";"REAL_REVIEW";"seed-to-supabase";"image non spiritueux | sous-catégorie incohérente: DB=WHISKY image=Autres vins";"seed-to-supabase";"Probable";"image non spiritueux | sous-catégorie incohérente: DB=WHISKY image=Autres vins";"/images/terminal-3/wines/other-brands/wine-other-brand-39.webp";"";"117.00";""
"70000000-0000-0000-0000-000070000186";"Rosé 2028";"domaine-du-castel-rose-2028-390";"";"Vins";"DUPLICATE_OR_INVALID";"seed-to-supabase";"millésime/année impossible: 2028 | marque non détectée | image non vin";"seed-to-supabase";"Invalide";"millésime/année impossible: 2028 | marque non détectée";"/images/terminal-3/spirits/whisky/36F8E306-D187-49CF-97E1-B2EF8D8BCF2A.PNG";"";"109.00";""
"70000000-0000-0000-0000-000070000187";"Smirnoff Classic";"smirnoff-smirnoff-classic-391";"Smirnoff";"Spiritueux";"REAL_REVIEW";"seed-to-supabase";"sous-catégorie incohérente: DB=ARAK image=Whisky";"seed-to-supabase";"Probable";"sous-catégorie incohérente: DB=ARAK image=Whisky";"/images/terminal-3/spirits/whisky/3B610CB6-E859-429E-87B1-6DD707A2B709.PNG";"";"180.00";""
"70000000-0000-0000-0000-000070000188";"Baileys 12 ans";"baileys-baileys-12-ans-392";"Baileys";"Spiritueux";"REAL_REVIEW";"seed-to-supabase";"sous-catégorie incohérente: DB=WHISKY image=Whisky";"seed-to-supabase";"Probable";"sous-catégorie incohérente: DB=WHISKY image=Whisky";"/images/terminal-3/spirits/whisky/3C338160-3FA4-4022-BBBD-9A16D6D23CA7.PNG";"";"181.00";""
"70000000-0000-0000-0000-000070000189";"Viognier 2031";"carmel-viognier-2031-393";"";"Vins";"DUPLICATE_OR_INVALID";"seed-to-supabase";"millésime/année impossible: 2031 | marque non détectée | image non vin";"seed-to-supabase";"Invalide";"millésime/année impossible: 2031 | marque non détectée";"/images/terminal-3/spirits/whisky/41F1221A-26BE-4C52-868F-9F3C9A806FA2.PNG";"";"112.00";""
"70000000-0000-0000-0000-0000700000d0";"Dewar's Distiller's Edition";"dewar-s-dewar-s-distiller-s-edition-208";"Dewar's";"Spiritueux";"REAL_REVIEW";"seed-to-supabase";"sous-catégorie incohérente: DB=WHISKY image=Whisky";"seed-to-supabase";"Probable";"sous-catégorie incohérente: DB=WHISKY image=Whisky";"/images/terminal-3/spirits/whisky/B6831122-11DE-4879-9E9A-B6CAD0E68C3C.PNG";"";"147.00";""
"70000000-0000-0000-0000-0000700000d1";"Bushmills";"bushmills-bushmills-209";"Bushmills";"Spiritueux";"REAL_REVIEW";"seed-to-supabase";"sous-catégorie incohérente: DB=COGNAC image=Whisky";"seed-to-supabase";"Probable";"sous-catégorie incohérente: DB=COGNAC image=Whisky";"/images/terminal-3/spirits/whisky/B7497B7E-9EA2-4210-A1F1-9AFF4E6EC573.PNG";"";"148.00";""
"70000000-0000-0000-0000-0000700000d2";"Rosé 2028";"domaine-du-castel-rose-2028-210";"";"Vins";"DUPLICATE_OR_INVALID";"seed-to-supabase";"millésime/année impossible: 2028 | marque non détectée | image non vin";"seed-to-supabase";"Invalide";"millésime/année impossible: 2028 | marque non détectée";"/images/terminal-3/spirits/whisky/BD3D92B3-CC9B-47BA-92D8-9A447560924E.PNG";"";"109.00";""
"70000000-0000-0000-0000-0000700000d3";"Ararat Reposado";"ararat-ararat-reposado-211";"Ararat";"Spiritueux";"REAL_REVIEW";"seed-to-supabase";"sous-catégorie incohérente: DB=TEQUILA image=Whisky";"seed-to-supabase";"Probable";"sous-catégorie incohérente: DB=TEQUILA image=Whisky";"/images/terminal-3/spirits/whisky/BDA8241A-E448-4F82-9AD9-D202E58CC1B5.PNG";"";"150.00";""
"70000000-0000-0000-0000-0000700000d4";"Khvanchkara Vanilla";"khvanchkara-khvanchkara-vanilla-212";"Khvanchkara";"Spiritueux";"REAL_REVIEW";"seed-to-supabase";"sous-catégorie incohérente: DB=VODKA image=Whisky";"seed-to-supabase";"Probable";"sous-catégorie incohérente: DB=VODKA image=Whisky";"/images/terminal-3/spirits/whisky/C03B2B1D-8C93-4380-A57F-30CD4F801F2C.PNG";"";"151.00";""
"70000000-0000-0000-0000-0000700000d5";"Viognier 2031";"carmel-viognier-2031-213";"";"Vins";"DUPLICATE_OR_INVALID";"seed-to-supabase";"millésime/année impossible: 2031 | marque non détectée | image non vin";"seed-to-supabase";"Invalide";"millésime/année impossible: 2031 | marque non détectée";"/images/terminal-3/spirits/whisky/C2590F49-6A25-4D94-9259-5398A199F7AF.PNG";"";"112.00";""
"70000000-0000-0000-0000-0000700000d7";"Beluga Elite";"beluga-beluga-elite-215";"Beluga";"Spiritueux";"REAL_REVIEW";"seed-to-supabase";"sous-catégorie incohérente: DB=ARAK image=Whisky";"seed-to-supabase";"Probable";"sous-catégorie incohérente: DB=ARAK image=Whisky";"/images/terminal-3/spirits/whisky/C3F3B0B6-AB8C-4C75-AF2B-6DC5A9C910FA.PNG";"";"154.00";""
"70000000-0000-0000-0000-0000700000d8";"Petit Castel 2034";"galil-mountain-petit-castel-2034-216";"Castel";"Vins";"DUPLICATE_OR_INVALID";"seed-to-supabase";"millésime/année impossible: 2034 | image non vin";"seed-to-supabase";"Invalide";"millésime/année impossible: 2034 | image non vin";"/images/terminal-3/spirits/whisky/C51B1188-6ABF-4134-8865-BB631D06C6F8.PNG";"";"115.00";""
"05151d92-279b-41b7-90ad-3fb905278f4e";"Plateau mixte saumon & charcuterie maison 4";"plateau-mixte-saumon-charcuterie-maison-4";"";"Plateaux";"DEMO_GENERATED";"seed-to-supabase";"nom séquentiel | marque non détectée";"seed-to-supabase";"Généré";"nom séquentiel | marque non détectée";"/images/terminal-3/platters/charcuterie/source/0C224C39-FAC8-4D79-93AC-3CE2976D80EF.PNG";"";"169.00";""
"12bf2a43-ed1f-49a8-bd62-c7f118858fb0";"Plateau charcuterie tradition sélection 0";"plateau-charcuterie-tradition-selection-0";"";"Plateaux";"DEMO_GENERATED";"seed-to-supabase";"nom séquentiel | marque non détectée";"seed-to-supabase";"Généré";"nom séquentiel | marque non détectée";"/images/terminal-3/platters/mixed/source/ChatGPT_Image_15_août_2026_00_57_27_(6).png";"";"149.00";""
"23c970fa-3cf4-480b-8e6b-4265c0196a3c";"Plateau mixte saumon & charcuterie fumé 16";"plateau-mixte-saumon-charcuterie-fume-16";"";"Plateaux";"DEMO_GENERATED";"seed-to-supabase";"nom séquentiel | marque non détectée";"seed-to-supabase";"Généré";"nom séquentiel | marque non détectée";"/images/terminal-3/platters/mixed/platters-mixed-02.webp";"";"229.00";""
"2d40fc2a-30ee-4b85-a622-faa218854972";"Plateau végétarien sélection 7";"plateau-vegetarien-selection-7";"";"Plateaux";"DEMO_GENERATED";"seed-to-supabase";"nom séquentiel | marque non détectée";"seed-to-supabase";"Généré";"nom séquentiel | marque non détectée";"/images/terminal-3/platters/mixed/platters-mixed-02.webp";"";"184.00";""
"3f36d093-dfc5-4660-b1bc-4acbe6d081cd";"Plateau charcuterie tradition coup de cœur 12";"plateau-charcuterie-tradition-coup-de-c-ur-12";"";"Plateaux";"DEMO_GENERATED";"seed-to-supabase";"nom séquentiel | marque non détectée";"seed-to-supabase";"Généré";"nom séquentiel | marque non détectée";"/images/terminal-3/platters/charcuterie/platter-charcuterie-03.webp";"";"209.00";""
"41e162f7-e26d-40df-adcf-aae0ca701da1";"Plateau végétarien coup de cœur 19";"plateau-vegetarien-coup-de-c-ur-19";"";"Plateaux";"DEMO_GENERATED";"seed-to-supabase";"nom séquentiel | marque non détectée";"seed-to-supabase";"Généré";"nom séquentiel | marque non détectée";"/images/terminal-3/platters/charcuterie/platter-charcuterie-01.webp";"";"244.00";""
"55a9954c-257c-456f-8b5a-694a962f79bc";"Plateau végétarien artisanal 1";"plateau-vegetarien-artisanal-1";"";"Plateaux";"DEMO_GENERATED";"seed-to-supabase";"nom séquentiel | marque non détectée";"seed-to-supabase";"Généré";"nom séquentiel | marque non détectée";"/images/terminal-3/platters/charcuterie/platter-charcuterie-01.webp";"";"154.00";""
"5739a0b7-424b-4f50-af75-17ff776dfbeb";"Plateau réception 12 personnes fumé 9";"plateau-reception-12-personnes-fume-9";"";"Plateaux";"DEMO_GENERATED";"seed-to-supabase";"nom séquentiel | marque non détectée";"seed-to-supabase";"Généré";"nom séquentiel | marque non détectée";"/images/terminal-3/platters/mixed/source/ChatGPT_Image_15_août_2026_00_57_27_(6).png";"";"194.00";""
"5c63100a-5d3b-427e-af61-fa9d07d1bf56";"Plateau réception 12 personnes premium 3";"plateau-reception-12-personnes-premium-3";"";"Plateaux";"DEMO_GENERATED";"seed-food-products";"nom séquentiel | marque non détectée";"seed-food-products";"Généré";"nom séquentiel | marque non détectée";"/images/terminal-3/platters/charcuterie/platter-charcuterie-03.webp";"";"164.00";""
"664248e3-f8b9-408f-bb36-d9af17829904";"Plateau réception 8 personnes tradition 20";"plateau-reception-8-personnes-tradition-20";"";"Plateaux";"DEMO_GENERATED";"seed-food-products";"nom séquentiel | marque non détectée";"seed-food-products";"Généré";"nom séquentiel | marque non détectée";"/images/terminal-3/platters/charcuterie/platter-charcuterie-02.webp";"";"249.00";""
"68237229-fbbf-4634-b910-ea3625fea5b2";"Plateau charcuterie tradition tradition 6";"plateau-charcuterie-tradition-tradition-6";"";"Plateaux";"DEMO_GENERATED";"seed-food-products";"nom séquentiel | marque non détectée";"seed-food-products";"Généré";"nom séquentiel | marque non détectée";"/images/terminal-3/platters/charcuterie/source/4F7E2465-86D8-4241-8DC1-4CA947FCF77E.PNG";"";"179.00";""
"69afdcb7-b9dd-48a5-af94-0e607611c69c";"Plateau réception 8 personnes sélection 14";"plateau-reception-8-personnes-selection-14";"";"Plateaux";"DEMO_GENERATED";"seed-to-supabase";"nom séquentiel | marque non détectée";"seed-to-supabase";"Généré";"nom séquentiel | marque non détectée";"/images/terminal-3/platters/charcuterie/source/13061506-D5BF-4F53-97AD-965114D7B4BD.PNG";"";"219.00";""
"779b93d9-4022-41bc-9e37-900039a14d77";"Plateau réception 8 personnes artisanal 8";"plateau-reception-8-personnes-artisanal-8";"";"Plateaux";"DEMO_GENERATED";"seed-to-supabase";"nom séquentiel | marque non détectée";"seed-to-supabase";"Généré";"nom séquentiel | marque non détectée";"/images/terminal-3/platters/mixed/source/ChatGPT_Image_15_août_2026_00_57_27_(5).png";"";"189.00";""
"9b968153-7835-4dfe-a511-100d0ad586c6";"Plateau saumon prestige maison 11";"plateau-saumon-prestige-maison-11";"";"Plateaux";"DEMO_GENERATED";"seed-to-supabase";"nom séquentiel | marque non détectée";"seed-to-supabase";"Généré";"nom séquentiel | marque non détectée";"/images/terminal-3/platters/charcuterie/platter-charcuterie-02.webp";"";"204.00";""
"d03e62c2-458f-463b-bde4-d3e5bb722ec4";"Plateau végétarien tradition 13";"plateau-vegetarien-tradition-13";"";"Plateaux";"DEMO_GENERATED";"seed-food-products";"nom séquentiel | marque non détectée";"seed-food-products";"Généré";"nom séquentiel | marque non détectée";"/images/terminal-3/platters/charcuterie/source/0C224C39-FAC8-4D79-93AC-3CE2976D80EF.PNG";"";"214.00";""
"dbcfe3a4-fde9-4933-acf0-25602f8ed67d";"Plateau saumon prestige coup de cœur 5";"plateau-saumon-prestige-coup-de-c-ur-5";"";"Plateaux";"DEMO_GENERATED";"seed-to-supabase";"nom séquentiel | marque non détectée";"seed-to-supabase";"Généré";"nom séquentiel | marque non détectée";"/images/terminal-3/platters/charcuterie/source/13061506-D5BF-4F53-97AD-965114D7B4BD.PNG";"";"174.00";""
"e1e48a18-5a77-4618-8fce-223e2118d41b";"Plateau réception 12 personnes artisanal 15";"plateau-reception-12-personnes-artisanal-15";"";"Plateaux";"DEMO_GENERATED";"seed-to-supabase";"nom séquentiel | marque non détectée";"seed-to-supabase";"Généré";"nom séquentiel | marque non détectée";"/images/terminal-3/platters/charcuterie/source/4F7E2465-86D8-4241-8DC1-4CA947FCF77E.PNG";"";"224.00";""
"e7bd404c-9fed-456f-84f0-81ade05bf951";"Plateau charcuterie tradition maison 18";"plateau-charcuterie-tradition-maison-18";"";"Plateaux";"DEMO_GENERATED";"seed-to-supabase";"nom séquentiel | marque non détectée";"seed-to-supabase";"Généré";"nom séquentiel | marque non détectée";"/images/terminal-3/platters/mixed/source/ChatGPT_Image_15_août_2026_00_57_27_(6).png";"";"239.00";""
"f2cdf686-8bb9-47de-86db-d4ea559edeb6";"Plateau mixte saumon & charcuterie premium 10";"plateau-mixte-saumon-charcuterie-premium-10";"";"Plateaux";"DEMO_GENERATED";"seed-food-products";"nom séquentiel | marque non détectée";"seed-food-products";"Généré";"nom séquentiel | marque non détectée";"/images/terminal-3/platters/charcuterie/platter-charcuterie-01.webp";"";"199.00";""
"ff016aa1-52a7-4fed-a432-43a75c20a2b8";"Plateau saumon prestige premium 17";"plateau-saumon-prestige-premium-17";"";"Plateaux";"DEMO_GENERATED";"seed-food-products";"nom séquentiel | marque non détectée";"seed-food-products";"Généré";"nom séquentiel | marque non détectée";"/images/terminal-3/platters/mixed/source/ChatGPT_Image_15_août_2026_00_57_27_(5).png";"";"234.00";""
"70000000-0000-0000-0000-00007000015d";"Glenfiddich";"glenfiddich-glenfiddich-349";"Glenfiddich";"Spiritueux";"REAL_REVIEW";"seed-to-supabase";"image non spiritueux | sous-catégorie incohérente: DB=GIN image=Autres vins";"seed-to-supabase";"Probable";"image non spiritueux | sous-catégorie incohérente: DB=GIN image=Autres vins";"/images/terminal-3/wines/other-brands/wine-other-brand-60.webp";"";"138.00";""
"70000000-0000-0000-0000-00007000015e";"Glenlivet Original";"glenlivet-glenlivet-original-350";"";"Spiritueux";"DEMO_GENERATED";"seed-to-supabase";"marque non détectée | sous-catégorie incohérente: DB=LIQUEUR image=Whisky";"seed-to-supabase";"Généré";"marque non détectée | sous-catégorie incohérente: DB=LIQUEUR image=Whisky";"/images/terminal-3/spirits/whisky/00214378-8FB5-452E-85CC-013C94F2B50D.PNG";"";"139.00";""
"70000000-0000-0000-0000-00007000018a";"Amarula 15 ans";"amarula-amarula-15-ans-394";"";"Spiritueux";"DEMO_GENERATED";"seed-to-supabase";"marque non détectée | sous-catégorie incohérente: DB=RHUM image=Whisky";"seed-to-supabase";"Généré";"marque non détectée | sous-catégorie incohérente: DB=RHUM image=Whisky";"/images/terminal-3/spirits/whisky/42AECD0F-5F90-4AB0-81C7-B34D327C441B.PNG";"";"183.00";""
"70000000-0000-0000-0000-00007000018b";"Cointreau Blanco";"cointreau-cointreau-blanco-395";"Cointreau";"Spiritueux";"REAL_REVIEW";"seed-to-supabase";"sous-catégorie incohérente: DB=TEQUILA image=Whisky";"seed-to-supabase";"Probable";"sous-catégorie incohérente: DB=TEQUILA image=Whisky";"/images/terminal-3/spirits/whisky/42C382EA-5C07-44B8-933B-A57260FF88AD.PNG";"";"184.00";""
"70000000-0000-0000-0000-00007000018c";"Petit Castel 2034";"galil-mountain-petit-castel-2034-396";"Castel";"Vins";"DUPLICATE_OR_INVALID";"seed-to-supabase";"millésime/année impossible: 2034 | image non vin";"seed-to-supabase";"Invalide";"millésime/année impossible: 2034 | image non vin";"/images/terminal-3/spirits/whisky/431557ED-F03B-41D1-9721-5AAE50548404.PNG";"";"115.00";""
"70000000-0000-0000-0000-00007000018d";"Campari Floral";"campari-campari-floral-397";"Campari";"Spiritueux";"REAL_REVIEW";"seed-to-supabase";"sous-catégorie incohérente: DB=GIN image=Whisky";"seed-to-supabase";"Probable";"sous-catégorie incohérente: DB=GIN image=Whisky";"/images/terminal-3/spirits/whisky/438BF962-D488-41DD-8A58-676AA5563353.PNG";"";"186.00";""
"70000000-0000-0000-0000-00007000018e";"Aperol Coffee";"aperol-aperol-coffee-398";"Aperol";"Spiritueux";"REAL_REVIEW";"seed-to-supabase";"sous-catégorie incohérente: DB=LIQUEUR image=Whisky";"seed-to-supabase";"Probable";"sous-catégorie incohérente: DB=LIQUEUR image=Whisky";"/images/terminal-3/spirits/whisky/49294A9B-7CA6-4362-9456-5734D54F983E.PNG";"";"187.00";""
"70000000-0000-0000-0000-00007000018f";"Merlot 2037";"shiloh-merlot-2037-399";"";"Vins";"DUPLICATE_OR_INVALID";"seed-to-supabase";"millésime/année impossible: 2037 | marque non détectée | image non vin";"seed-to-supabase";"Invalide";"millésime/année impossible: 2037 | marque non détectée";"/images/terminal-3/spirits/whisky/49B9D3B1-426C-425B-897B-2BB6EA53A424.PNG";"";"118.00";""
"70000000-0000-0000-0000-0000700000fc";"Petit Castel 2030";"recanati-petit-castel-2030-252";"Castel";"Vins";"DUPLICATE_OR_INVALID";"seed-to-supabase";"millésime/année impossible: 2030 | image non vin";"seed-to-supabase";"Invalide";"millésime/année impossible: 2030 | image non vin";"/images/terminal-3/spirits/whisky/F8A43CA7-0392-40D0-8FA6-83FDD30EB8DD.PNG";"";"91.00";""
"70000000-0000-0000-0000-0000700000fd";"Macallan Mediterranean";"macallan-macallan-mediterranean-253";"Macallan";"Spiritueux";"REAL_REVIEW";"seed-to-supabase";"sous-catégorie incohérente: DB=GIN image=Whisky";"seed-to-supabase";"Probable";"sous-catégorie incohérente: DB=GIN image=Whisky";"/images/terminal-3/spirits/whisky/F9867067-E97B-407E-A767-175EFC9A3A73.PNG";"";"192.00";""
"70000000-0000-0000-0000-0000700000fe";"Talisker";"talisker-talisker-254";"Talisker";"Spiritueux";"REAL_REVIEW";"seed-to-supabase";"sous-catégorie incohérente: DB=LIQUEUR image=Whisky";"seed-to-supabase";"Probable";"sous-catégorie incohérente: DB=LIQUEUR image=Whisky";"/images/terminal-3/spirits/whisky/F9C87EB5-9D17-4BA6-BAC8-2869E97581F7.PNG";"";"193.00";""
"70000000-0000-0000-0000-0000700000ff";"Merlot 2033";"domaine-du-castel-merlot-2033-255";"";"Vins";"DUPLICATE_OR_INVALID";"seed-to-supabase";"millésime/année impossible: 2033 | marque non détectée | image non vin";"seed-to-supabase";"Invalide";"millésime/année impossible: 2033 | marque non détectée";"/images/terminal-3/spirits/whisky/FAA756F1-F7D8-40EC-804A-D6BB5EEBAFF4.PNG";"";"94.00";""
"70000000-0000-0000-0000-000070000100";"Laphroaig Double Wood";"laphroaig-laphroaig-double-wood-256";"Laphroaig";"Spiritueux";"REAL_REVIEW";"seed-to-supabase";"sous-catégorie incohérente: DB=WHISKY image=Whisky";"seed-to-supabase";"Probable";"sous-catégorie incohérente: DB=WHISKY image=Whisky";"/images/terminal-3/spirits/whisky/FBE6F6AB-0489-4B34-B893-001C9936164D.PNG";"";"195.00";""
"70000000-0000-0000-0000-000070000101";"Ardbeg";"ardbeg-ardbeg-257";"Ardbeg";"Spiritueux";"REAL_REVIEW";"seed-to-supabase";"sous-catégorie incohérente: DB=COGNAC image=Whisky";"seed-to-supabase";"Probable";"sous-catégorie incohérente: DB=COGNAC image=Whisky";"/images/terminal-3/spirits/whisky/FF4470BB-1DAF-41CD-80D8-F9F4CC2BF579.PNG";"";"196.00";""
"70000000-0000-0000-0000-000070000102";"Syrah 2036";"carmel-syrah-2036-258";"";"Vins";"DUPLICATE_OR_INVALID";"seed-to-supabase";"millésime/année impossible: 2036 | marque non détectée | image non vin";"seed-to-supabase";"Invalide";"millésime/année impossible: 2036 | marque non détectée";"/images/terminal-3/spirits/whisky/chivas-regal-12.png";"";"97.00";""
"70000000-0000-0000-0000-000070000103";"Hibiki";"hibiki-hibiki-259";"Hibiki";"Spiritueux";"REAL_REVIEW";"seed-to-supabase";"sous-catégorie incohérente: DB=TEQUILA image=Whisky";"seed-to-supabase";"Probable";"sous-catégorie incohérente: DB=TEQUILA image=Whisky";"/images/terminal-3/spirits/whisky/glenfiddich-12.png";"";"198.00";""
"70000000-0000-0000-0000-000070000104";"Nikka Original";"nikka-nikka-original-260";"Nikka";"Spiritueux";"REAL_REVIEW";"seed-to-supabase";"sous-catégorie incohérente: DB=VODKA image=Whisky";"seed-to-supabase";"Probable";"sous-catégorie incohérente: DB=VODKA image=Whisky";"/images/terminal-3/spirits/whisky/spirit-whisky-01.webp";"";"199.00";""
"70000000-0000-0000-0000-000070000190";"Pernod 15 ans";"pernod-pernod-15-ans-400";"Pernod";"Spiritueux";"REAL_REVIEW";"seed-to-supabase";"sous-catégorie incohérente: DB=WHISKY image=Whisky";"seed-to-supabase";"Probable";"sous-catégorie incohérente: DB=WHISKY image=Whisky";"/images/terminal-3/spirits/whisky/49E142D0-E8A6-493F-98EA-535E15B59E91.PNG";"";"189.00";""
"70000000-0000-0000-0000-000070000191";"Ouzo";"ouzo-ouzo-401";"Ouzo";"Spiritueux";"REAL_REVIEW";"seed-to-supabase";"sous-catégorie incohérente: DB=COGNAC image=Whisky";"seed-to-supabase";"Probable";"sous-catégorie incohérente: DB=COGNAC image=Whisky";"/images/terminal-3/spirits/whisky/4BAC5449-29F0-4125-8DC2-B673A30E9CBA.PNG";"";"190.00";""
"70000000-0000-0000-0000-00007000015f";"Rouge de Galilée 2029";"galil-mountain-rouge-de-galilee-2029-351";"";"Vins";"DUPLICATE_OR_INVALID";"seed-to-supabase";"millésime/année impossible: 2029 | marque non détectée | image non vin";"seed-to-supabase";"Invalide";"millésime/année impossible: 2029 | marque non détectée";"/images/terminal-3/spirits/whisky/008910D1-19DA-4E9D-B589-D05E2EE48CDA.PNG";"";"130.00";""
"70000000-0000-0000-0000-000070000161";"Jameson";"jameson-jameson-353";"Jameson";"Spiritueux";"REAL_REVIEW";"seed-to-supabase";"sous-catégorie incohérente: DB=COGNAC image=Whisky";"seed-to-supabase";"Probable";"sous-catégorie incohérente: DB=COGNAC image=Whisky";"/images/terminal-3/spirits/whisky/0216C248-EBE4-4501-8D8C-983424AECBC8.PNG";"";"142.00";""
"70000000-0000-0000-0000-000070000170";"Hendrick's Double Wood";"hendrick-s-hendrick-s-double-wood-368";"";"Spiritueux";"DEMO_GENERATED";"seed-to-supabase";"marque non détectée | sous-catégorie incohérente: DB=WHISKY image=Whisky";"seed-to-supabase";"Généré";"marque non détectée | sous-catégorie incohérente: DB=WHISKY image=Whisky";"/images/terminal-3/spirits/whisky/19816E7C-9BD9-4FF6-AF62-4476A85BA298.PNG";"";"157.00";""
"70000000-0000-0000-0000-000070000171";"Rouge de Galilée 2027";"shiloh-rouge-de-galilee-2027-369";"";"Vins";"DUPLICATE_OR_INVALID";"seed-to-supabase";"millésime/année impossible: 2027 | marque non détectée | image non vin";"seed-to-supabase";"Invalide";"millésime/année impossible: 2027 | marque non détectée";"/images/terminal-3/spirits/whisky/1A00FB52-B489-47EE-8D19-93CFA8A82563.PNG";"";"88.00";""
"70000000-0000-0000-0000-000070000172";"Talisker";"talisker-talisker-370";"Talisker";"Spiritueux";"REAL_REVIEW";"seed-to-supabase";"sous-catégorie incohérente: DB=RHUM image=Whisky";"seed-to-supabase";"Probable";"sous-catégorie incohérente: DB=RHUM image=Whisky";"/images/terminal-3/spirits/whisky/1AF6FD35-54F9-4B6F-8347-DFE09D5E1347.PNG";"";"159.00";""
"70000000-0000-0000-0000-000070000173";"Lagavulin Reposado";"lagavulin-lagavulin-reposado-371";"Lagavulin";"Spiritueux";"REAL_REVIEW";"seed-to-supabase";"sous-catégorie incohérente: DB=TEQUILA image=Whisky";"seed-to-supabase";"Probable";"sous-catégorie incohérente: DB=TEQUILA image=Whisky";"/images/terminal-3/spirits/whisky/1C2245A8-3B8D-4BB1-A708-F031112DC9E2.PNG";"";"160.00";""
"70000000-0000-0000-0000-000070000192";"Syrah 2020";"recanati-syrah-2020-402";"";"Vins";"DEMO_GENERATED";"seed-to-supabase";"marque non détectée | image non vin";"seed-to-supabase";"Généré";"marque non détectée | image non vin";"/images/terminal-3/spirits/whisky/4CAA5D74-B20D-4AB4-9A48-A6EE52228B6F.PNG";"";"121.00";""
"70000000-0000-0000-0000-000070000193";"Askalon Extra Añejo";"askalon-askalon-extra-anejo-403";"";"Spiritueux";"DEMO_GENERATED";"seed-to-supabase";"marque non détectée | sous-catégorie incohérente: DB=TEQUILA image=Whisky";"seed-to-supabase";"Généré";"marque non détectée | sous-catégorie incohérente: DB=TEQUILA image=Whisky";"/images/terminal-3/spirits/whisky/4E0BC80C-DC34-41B6-A44A-4DF395E10C4E.PNG";"";"192.00";""
"70000000-0000-0000-0000-000070000194";"Tubi 60";"tubi-60-tubi-60-404";"";"Spiritueux";"DEMO_GENERATED";"seed-to-supabase";"nom séquentiel | marque non détectée | sous-catégorie incohérente: DB=VODKA image=Whisky";"seed-to-supabase";"Généré";"nom séquentiel | marque non détectée";"/images/terminal-3/spirits/whisky/4E0C2C6E-10C4-4B6F-87C2-74CF0A5F6BDA.PNG";"";"193.00";""
"70000000-0000-0000-0000-000070000195";"Rouge de Galilée 2023";"domaine-du-castel-rouge-de-galilee-2023-405";"";"Vins";"DEMO_GENERATED";"seed-to-supabase";"marque non détectée | image non vin";"seed-to-supabase";"Généré";"marque non détectée | image non vin";"/images/terminal-3/spirits/whisky/4F25FF1D-5110-4079-8CBF-67986442E249.PNG";"";"124.00";""
"70000000-0000-0000-0000-000070000196";"Chivas Regal Cream";"chivas-regal-chivas-regal-cream-406";"Chivas Regal";"Spiritueux";"REAL_REVIEW";"seed-to-supabase";"sous-catégorie incohérente: DB=LIQUEUR image=Whisky";"seed-to-supabase";"Probable";"sous-catégorie incohérente: DB=LIQUEUR image=Whisky";"/images/terminal-3/spirits/whisky/531D84BD-A8D4-402D-942C-D77F3B61D27D.PNG";"";"195.00";""
"70000000-0000-0000-0000-000070000197";"Glenfiddich Gold";"glenfiddich-glenfiddich-gold-407";"Glenfiddich";"Spiritueux";"REAL_REVIEW";"seed-to-supabase";"sous-catégorie incohérente: DB=ARAK image=Whisky";"seed-to-supabase";"Probable";"sous-catégorie incohérente: DB=ARAK image=Whisky";"/images/terminal-3/spirits/whisky/535531EB-D8DA-40A6-A26E-9AFA42E46076.PNG";"";"196.00";""
"70000000-0000-0000-0000-000070000198";"Rosé 2026";"carmel-rose-2026-408";"";"Vins";"DEMO_GENERATED";"seed-to-supabase";"marque non détectée | image non vin";"seed-to-supabase";"Généré";"marque non détectée | image non vin";"/images/terminal-3/spirits/whisky/55B61082-799F-4791-B17E-CA71F6459C72.PNG";"";"127.00";""
"70000000-0000-0000-0000-000070000199";"Johnnie Walker V.S.O.P";"johnnie-walker-johnnie-walker-v-s-o-p-409";"Johnnie Walker";"Spiritueux";"REAL_REVIEW";"seed-to-supabase";"sous-catégorie incohérente: DB=COGNAC image=Whisky";"seed-to-supabase";"Probable";"sous-catégorie incohérente: DB=COGNAC image=Whisky";"/images/terminal-3/spirits/whisky/575B0200-FCDE-47DB-B31C-CB6C41514548.PNG";"";"198.00";""
"70000000-0000-0000-0000-000070000134";"Bombay Sapphire Berry";"bombay-sapphire-bombay-sapphire-berry-308";"";"Spiritueux";"DEMO_GENERATED";"seed-to-supabase";"marque non détectée | image non spiritueux | sous-catégorie incohérente: DB=VODKA image=Autres vins";"seed-to-supabase";"Généré";"marque non détectée | image non spiritueux";"/images/terminal-3/wines/other-brands/wine-other-brand-19.webp";"";"97.00";""
"70000000-0000-0000-0000-000070000135";"Merlot 2027";"shiloh-merlot-2027-309";"";"Vins";"DUPLICATE_OR_INVALID";"seed-to-supabase";"millésime/année impossible: 2027 | marque non détectée";"seed-to-supabase";"Invalide";"millésime/année impossible: 2027 | marque non détectée";"/images/terminal-3/wines/other-brands/wine-other-brand-20.webp";"";"88.00";""
"70000000-0000-0000-0000-000070000136";"Hendrick's Original";"hendrick-s-hendrick-s-original-310";"";"Spiritueux";"DEMO_GENERATED";"seed-to-supabase";"marque non détectée | image non spiritueux | sous-catégorie incohérente: DB=LIQUEUR image=Autres vins";"seed-to-supabase";"Généré";"marque non détectée | image non spiritueux";"/images/terminal-3/wines/other-brands/wine-other-brand-21.webp";"";"99.00";""
"70000000-0000-0000-0000-00007000019a";"Jack Daniel's Épice";"jack-daniel-s-jack-daniel-s-epice-410";"Jack Daniel's";"Spiritueux";"REAL_REVIEW";"seed-to-supabase";"sous-catégorie incohérente: DB=RHUM image=Whisky";"seed-to-supabase";"Probable";"sous-catégorie incohérente: DB=RHUM image=Whisky";"/images/terminal-3/spirits/whisky/578E7C85-7DB8-4B1B-8E14-193480CAE9BC.PNG";"";"199.00";""
"70000000-0000-0000-0000-00007000019b";"Viognier 2029";"galil-mountain-viognier-2029-411";"";"Vins";"DUPLICATE_OR_INVALID";"seed-to-supabase";"millésime/année impossible: 2029 | marque non détectée | image non vin";"seed-to-supabase";"Invalide";"millésime/année impossible: 2029 | marque non détectée";"/images/terminal-3/spirits/whisky/5807215C-7F03-4DCF-A842-528D59D6F35E.PNG";"";"130.00";""
"70000000-0000-0000-0000-00007000019c";"Hennessy Vanilla";"hennessy-hennessy-vanilla-412";"Hennessy";"Spiritueux";"REAL_REVIEW";"seed-to-supabase";"sous-catégorie incohérente: DB=VODKA image=Whisky";"seed-to-supabase";"Probable";"sous-catégorie incohérente: DB=VODKA image=Whisky";"/images/terminal-3/spirits/whisky/59001DFD-18ED-4E6A-8081-4CB4C5AC7CF9.PNG";"";"201.00";""
"70000000-0000-0000-0000-00007000019d";"Remy Martin Mediterranean";"remy-martin-remy-martin-mediterranean-413";"Remy Martin";"Spiritueux";"REAL_REVIEW";"seed-to-supabase";"sous-catégorie incohérente: DB=GIN image=Whisky";"seed-to-supabase";"Probable";"sous-catégorie incohérente: DB=GIN image=Whisky";"/images/terminal-3/spirits/whisky/59715BE8-570F-4734-9FEA-856EE484BF4A.PNG";"";"202.00";""
"70000000-0000-0000-0000-00007000019e";"Petit Castel 2032";"shiloh-petit-castel-2032-414";"Castel";"Vins";"DUPLICATE_OR_INVALID";"seed-to-supabase";"millésime/année impossible: 2032 | image non vin";"seed-to-supabase";"Invalide";"millésime/année impossible: 2032 | image non vin";"/images/terminal-3/spirits/whisky/5EC225F5-E57A-46F3-B310-CF58601766C5.PNG";"";"133.00";""
"70000000-0000-0000-0000-00007000019f";"Havana Club Elite";"havana-club-havana-club-elite-415";"";"Spiritueux";"DEMO_GENERATED";"seed-to-supabase";"marque non détectée | sous-catégorie incohérente: DB=ARAK image=Whisky";"seed-to-supabase";"Généré";"marque non détectée | sous-catégorie incohérente: DB=ARAK image=Whisky";"/images/terminal-3/spirits/whisky/5F56DA89-A777-4E58-A29E-1D6F36785DB5.PNG";"";"204.00";""
"70000000-0000-0000-0000-0000700001a0";"Bacardi Reserve";"bacardi-bacardi-reserve-416";"";"Spiritueux";"DEMO_GENERATED";"seed-to-supabase";"marque non détectée | sous-catégorie incohérente: DB=WHISKY image=Whisky";"seed-to-supabase";"Généré";"marque non détectée | sous-catégorie incohérente: DB=WHISKY image=Whisky";"/images/terminal-3/spirits/whisky/5F95D383-AF3F-452F-8A8C-0CECF4E4CCAA.PNG";"";"205.00";""
"70000000-0000-0000-0000-0000700001a1";"Merlot 2035";"recanati-merlot-2035-417";"";"Vins";"DUPLICATE_OR_INVALID";"seed-to-supabase";"millésime/année impossible: 2035 | marque non détectée | image non vin";"seed-to-supabase";"Invalide";"millésime/année impossible: 2035 | marque non détectée";"/images/terminal-3/spirits/whisky/5FFD879F-A882-4196-BBDC-A55BC9C9BFAB.PNG";"";"136.00";""
"70000000-0000-0000-0000-0000700001a2";"Don Julio Black";"don-julio-don-julio-black-418";"Don Julio";"Spiritueux";"REAL_REVIEW";"seed-to-supabase";"sous-catégorie incohérente: DB=RHUM image=Whisky";"seed-to-supabase";"Probable";"sous-catégorie incohérente: DB=RHUM image=Whisky";"/images/terminal-3/spirits/whisky/605619A2-1CDE-417C-9AA8-5339206F89C4.PNG";"";"207.00";""
"70000000-0000-0000-0000-0000700001a3";"Patrón";"patron-patron-419";"";"Spiritueux";"DEMO_GENERATED";"seed-to-supabase";"marque non détectée | sous-catégorie incohérente: DB=TEQUILA image=Whisky";"seed-to-supabase";"Généré";"marque non détectée | sous-catégorie incohérente: DB=TEQUILA image=Whisky";"/images/terminal-3/spirits/whisky/60DC1DFD-0E50-42FF-B08B-32DD2AFD7EFD.PNG";"";"208.00";""
"70000000-0000-0000-0000-0000700001a4";"Syrah 2018";"domaine-du-castel-syrah-2018-420";"";"Vins";"DEMO_GENERATED";"seed-to-supabase";"marque non détectée | image non vin";"seed-to-supabase";"Généré";"marque non détectée | image non vin";"/images/terminal-3/spirits/whisky/60EFF1AB-F17C-4BA9-83EC-4E7EC4B9F6F3.PNG";"";"79.00";""
"70000000-0000-0000-0000-0000700001a5";"Grey Goose Navy Strength";"grey-goose-grey-goose-navy-strength-421";"Grey Goose";"Spiritueux";"REAL_REVIEW";"seed-to-supabase";"sous-catégorie incohérente: DB=GIN image=Whisky";"seed-to-supabase";"Probable";"sous-catégorie incohérente: DB=GIN image=Whisky";"/images/terminal-3/spirits/whisky/60FBEA0B-017E-4001-8F20-4ECF472CB238.PNG";"";"210.00";""
"70000000-0000-0000-0000-0000700001a6";"Belvedere Orange";"belvedere-belvedere-orange-422";"";"Spiritueux";"DEMO_GENERATED";"seed-to-supabase";"marque non détectée | sous-catégorie incohérente: DB=LIQUEUR image=Whisky";"seed-to-supabase";"Généré";"marque non détectée | sous-catégorie incohérente: DB=LIQUEUR image=Whisky";"/images/terminal-3/spirits/whisky/6217197E-9F43-4B6E-9B04-112CF4E51C4A.PNG";"";"211.00";""
"70000000-0000-0000-0000-0000700001a7";"Rouge de Galilée 2021";"carmel-rouge-de-galilee-2021-423";"";"Vins";"DEMO_GENERATED";"seed-to-supabase";"marque non détectée | image non vin";"seed-to-supabase";"Généré";"marque non détectée | image non vin";"/images/terminal-3/spirits/whisky/62C0E7FF-2391-4F24-BD5C-C910DDB00F0A.PNG";"";"82.00";""
"70000000-0000-0000-0000-0000700001a8";"Bombay Sapphire Double Wood";"bombay-sapphire-bombay-sapphire-double-wood-424";"";"Spiritueux";"DEMO_GENERATED";"seed-to-supabase";"marque non détectée | sous-catégorie incohérente: DB=WHISKY image=Whisky";"seed-to-supabase";"Généré";"marque non détectée | sous-catégorie incohérente: DB=WHISKY image=Whisky";"/images/terminal-3/spirits/whisky/63A683B5-CAEB-44EB-866F-DDCFF8E5E37B.PNG";"";"213.00";""
"70000000-0000-0000-0000-0000700001a9";"Tanqueray";"tanqueray-tanqueray-425";"";"Spiritueux";"DEMO_GENERATED";"seed-to-supabase";"marque non détectée | sous-catégorie incohérente: DB=COGNAC image=Whisky";"seed-to-supabase";"Généré";"marque non détectée | sous-catégorie incohérente: DB=COGNAC image=Whisky";"/images/terminal-3/spirits/whisky/63B5A750-89FC-472F-8FFE-08B5DA5B4BAF.PNG";"";"214.00";""
"70000000-0000-0000-0000-0000700001aa";"Rosé 2024";"galil-mountain-rose-2024-426";"";"Vins";"DEMO_GENERATED";"seed-to-supabase";"marque non détectée | image non vin";"seed-to-supabase";"Généré";"marque non détectée | image non vin";"/images/terminal-3/spirits/whisky/65467B2A-3665-4B87-BA01-45C84033D082.PNG";"";"85.00";""
"70000000-0000-0000-0000-0000700001ab";"Macallan Añejo";"macallan-macallan-anejo-427";"Macallan";"Spiritueux";"REAL_REVIEW";"seed-to-supabase";"sous-catégorie incohérente: DB=TEQUILA image=Whisky";"seed-to-supabase";"Probable";"sous-catégorie incohérente: DB=TEQUILA image=Whisky";"/images/terminal-3/spirits/whisky/65CEE68A-2DAD-4777-AE5E-6EA5626CEA83.PNG";"";"216.00";""
"70000000-0000-0000-0000-0000700001ac";"Talisker Berry";"talisker-talisker-berry-428";"Talisker";"Spiritueux";"REAL_REVIEW";"seed-to-supabase";"sous-catégorie incohérente: DB=VODKA image=Whisky";"seed-to-supabase";"Probable";"sous-catégorie incohérente: DB=VODKA image=Whisky";"/images/terminal-3/spirits/whisky/6B00DDA2-DA8A-4922-A3A2-7202DD1CE503.PNG";"";"217.00";""
"70000000-0000-0000-0000-0000700001ad";"Viognier 2027";"shiloh-viognier-2027-429";"";"Vins";"DUPLICATE_OR_INVALID";"seed-to-supabase";"millésime/année impossible: 2027 | marque non détectée | image non vin";"seed-to-supabase";"Invalide";"millésime/année impossible: 2027 | marque non détectée";"/images/terminal-3/spirits/whisky/6B30A549-8FC5-4513-BC56-B85CA0DA3199.PNG";"";"88.00";""
"70000000-0000-0000-0000-0000700001ae";"Laphroaig Original";"laphroaig-laphroaig-original-430";"Laphroaig";"Spiritueux";"REAL_REVIEW";"seed-to-supabase";"sous-catégorie incohérente: DB=LIQUEUR image=Whisky";"seed-to-supabase";"Probable";"sous-catégorie incohérente: DB=LIQUEUR image=Whisky";"/images/terminal-3/spirits/whisky/707C963F-FFFB-44EE-82D1-0482E1B47522.PNG";"";"219.00";""
"70000000-0000-0000-0000-0000700001af";"Ardbeg Classic";"ardbeg-ardbeg-classic-431";"Ardbeg";"Spiritueux";"REAL_REVIEW";"seed-to-supabase";"sous-catégorie incohérente: DB=ARAK image=Whisky";"seed-to-supabase";"Probable";"sous-catégorie incohérente: DB=ARAK image=Whisky";"/images/terminal-3/spirits/whisky/731C329D-EF7D-4B68-A64D-BB8713481C76.PNG";"";"220.00";""
"70000000-0000-0000-0000-0000700001b0";"Petit Castel 2030";"recanati-petit-castel-2030-432";"Castel";"Vins";"DUPLICATE_OR_INVALID";"seed-to-supabase";"millésime/année impossible: 2030 | image non vin";"seed-to-supabase";"Invalide";"millésime/année impossible: 2030 | image non vin";"/images/terminal-3/spirits/whisky/73817F22-7CC3-4CB6-AFE3-CA1A82E52BCD.PNG";"";"91.00";""
"70000000-0000-0000-0000-0000700001b1";"Hibiki V.S.O.P";"hibiki-hibiki-v-s-o-p-433";"Hibiki";"Spiritueux";"REAL_REVIEW";"seed-to-supabase";"sous-catégorie incohérente: DB=COGNAC image=Whisky";"seed-to-supabase";"Probable";"sous-catégorie incohérente: DB=COGNAC image=Whisky";"/images/terminal-3/spirits/whisky/73AD132E-1FAA-4792-B342-5434A2A5164D.PNG";"";"222.00";""
"70000000-0000-0000-0000-0000700001b2";"Nikka 7 ans";"nikka-nikka-7-ans-434";"Nikka";"Spiritueux";"REAL_REVIEW";"seed-to-supabase";"sous-catégorie incohérente: DB=RHUM image=Whisky";"seed-to-supabase";"Probable";"sous-catégorie incohérente: DB=RHUM image=Whisky";"/images/terminal-3/spirits/whisky/744D4A59-AFF0-489B-BBDA-55587D68183C.PNG";"";"223.00";""
"70000000-0000-0000-0000-0000700001b3";"Merlot 2033";"domaine-du-castel-merlot-2033-435";"";"Vins";"DUPLICATE_OR_INVALID";"seed-to-supabase";"millésime/année impossible: 2033 | marque non détectée | image non vin";"seed-to-supabase";"Invalide";"millésime/année impossible: 2033 | marque non détectée";"/images/terminal-3/spirits/whisky/74DA2334-57C3-4FD1-B5F9-54C58DA1337F.PNG";"";"94.00";""
"70000000-0000-0000-0000-0000700001b4";"Canadian Club Citrus";"canadian-club-canadian-club-citrus-436";"Canadian Club";"Spiritueux";"REAL_REVIEW";"seed-to-supabase";"sous-catégorie incohérente: DB=VODKA image=Whisky";"seed-to-supabase";"Probable";"sous-catégorie incohérente: DB=VODKA image=Whisky";"/images/terminal-3/spirits/whisky/763CBF1B-765B-44C4-A10C-498997391722.PNG";"";"225.00";""
"70000000-0000-0000-0000-0000700001b5";"Ballantine's Floral";"ballantine-s-ballantine-s-floral-437";"Ballantine's";"Spiritueux";"REAL_REVIEW";"seed-to-supabase";"sous-catégorie incohérente: DB=GIN image=Whisky";"seed-to-supabase";"Probable";"sous-catégorie incohérente: DB=GIN image=Whisky";"/images/terminal-3/spirits/whisky/7998E75E-45E6-4321-BFF3-12046750A96E.PNG";"";"226.00";""
"70000000-0000-0000-0000-0000700001b6";"Syrah 2036";"carmel-syrah-2036-438";"";"Vins";"DUPLICATE_OR_INVALID";"seed-to-supabase";"millésime/année impossible: 2036 | marque non détectée | image non vin";"seed-to-supabase";"Invalide";"millésime/année impossible: 2036 | marque non détectée";"/images/terminal-3/spirits/whisky/7B31356E-469A-417C-B485-A432D7C5C9D3.PNG";"";"97.00";""
"70000000-0000-0000-0000-0000700001b7";"Teacher's";"teacher-s-teacher-s-439";"Teacher's";"Spiritueux";"REAL_REVIEW";"seed-to-supabase";"sous-catégorie incohérente: DB=ARAK image=Whisky";"seed-to-supabase";"Probable";"sous-catégorie incohérente: DB=ARAK image=Whisky";"/images/terminal-3/spirits/whisky/7EECAD02-EA68-4448-97BF-995C7F873D77.PNG";"";"228.00";""
"70000000-0000-0000-0000-0000700001b8";"Dewar's";"dewar-s-dewar-s-440";"Dewar's";"Spiritueux";"REAL_REVIEW";"seed-to-supabase";"sous-catégorie incohérente: DB=WHISKY image=Whisky";"seed-to-supabase";"Probable";"sous-catégorie incohérente: DB=WHISKY image=Whisky";"/images/terminal-3/spirits/whisky/7FD74C28-D3BC-41AE-AFE1-80E87D1F4464.PNG";"";"229.00";""
"70000000-0000-0000-0000-0000700001b9";"Rouge de Galilée 2019";"galil-mountain-rouge-de-galilee-2019-441";"";"Vins";"DEMO_GENERATED";"seed-to-supabase";"marque non détectée | image non vin";"seed-to-supabase";"Généré";"marque non détectée | image non vin";"/images/terminal-3/spirits/whisky/81D26C13-E97B-4152-A85E-1819984A8202.PNG";"";"100.00";""
"70000000-0000-0000-0000-0000700001ba";"Tullamore Dew 12 ans";"tullamore-dew-tullamore-dew-12-ans-442";"";"Spiritueux";"DEMO_GENERATED";"seed-to-supabase";"marque non détectée | sous-catégorie incohérente: DB=RHUM image=Whisky";"seed-to-supabase";"Généré";"marque non détectée | sous-catégorie incohérente: DB=RHUM image=Whisky";"/images/terminal-3/spirits/whisky/84BF830C-8E63-407B-BE4B-A4905547F78A.PNG";"";"231.00";""
"70000000-0000-0000-0000-0000700001bb";"Ararat Extra Añejo";"ararat-ararat-extra-anejo-443";"Ararat";"Spiritueux";"REAL_REVIEW";"seed-to-supabase";"sous-catégorie incohérente: DB=TEQUILA image=Whisky";"seed-to-supabase";"Probable";"sous-catégorie incohérente: DB=TEQUILA image=Whisky";"/images/terminal-3/spirits/whisky/84F84950-BD42-4350-B2AD-A6CA9C278029.PNG";"";"232.00";""
"70000000-0000-0000-0000-000070000160";"Jack Daniel's 18 ans";"jack-daniel-s-jack-daniel-s-18-ans-352";"Jack Daniel's";"Spiritueux";"REAL_REVIEW";"seed-to-supabase";"sous-catégorie incohérente: DB=WHISKY image=Whisky";"seed-to-supabase";"Probable";"sous-catégorie incohérente: DB=WHISKY image=Whisky";"/images/terminal-3/spirits/whisky/01A5E5C6-92D5-4B38-9066-24326ABBEF3E.PNG";"";"141.00";""
"70000000-0000-0000-0000-0000700001bc";"Rosé 2022";"shiloh-rose-2022-444";"";"Vins";"DEMO_GENERATED";"seed-to-supabase";"marque non détectée | image non vin";"seed-to-supabase";"Généré";"marque non détectée | image non vin";"/images/terminal-3/spirits/whisky/863E2BE4-4DB0-44BB-97F2-F01D61B5F2D3.PNG";"";"103.00";""
"70000000-0000-0000-0000-0000700001bd";"Ketel One London Dry";"ketel-one-ketel-one-london-dry-445";"";"Spiritueux";"DEMO_GENERATED";"seed-to-supabase";"marque non détectée | sous-catégorie incohérente: DB=GIN image=Whisky";"seed-to-supabase";"Généré";"marque non détectée | sous-catégorie incohérente: DB=GIN image=Whisky";"/images/terminal-3/spirits/whisky/885D646D-93D1-42D7-89B8-1DC0FEDDBEB2.PNG";"";"234.00";""
"70000000-0000-0000-0000-0000700001be";"Cîroc Cream";"ciroc-ciroc-cream-446";"Cîroc";"Spiritueux";"REAL_REVIEW";"seed-to-supabase";"sous-catégorie incohérente: DB=LIQUEUR image=Whisky";"seed-to-supabase";"Probable";"sous-catégorie incohérente: DB=LIQUEUR image=Whisky";"/images/terminal-3/spirits/whisky/887DF729-18BD-48B7-AEB6-6A7FDC3894CB.PNG";"";"235.00";""
"70000000-0000-0000-0000-0000700001bf";"Viognier 2025";"recanati-viognier-2025-447";"";"Vins";"DEMO_GENERATED";"seed-to-supabase";"marque non détectée | image non vin";"seed-to-supabase";"Généré";"marque non détectée | image non vin";"/images/terminal-3/spirits/whisky/891A20A5-EF42-4D41-871F-07227A7D18B9.PNG";"";"106.00";""
"70000000-0000-0000-0000-0000700001c0";"Stolichnaya 12 ans";"stolichnaya-stolichnaya-12-ans-448";"";"Spiritueux";"DEMO_GENERATED";"seed-to-supabase";"marque non détectée | sous-catégorie incohérente: DB=WHISKY image=Whisky";"seed-to-supabase";"Généré";"marque non détectée | sous-catégorie incohérente: DB=WHISKY image=Whisky";"/images/terminal-3/spirits/whisky/8BDC6378-F8C5-494B-ADA5-5A18ED3AEF23.PNG";"";"237.00";""
"70000000-0000-0000-0000-0000700001c1";"Smirnoff";"smirnoff-smirnoff-449";"Smirnoff";"Spiritueux";"REAL_REVIEW";"seed-to-supabase";"sous-catégorie incohérente: DB=COGNAC image=Whisky";"seed-to-supabase";"Probable";"sous-catégorie incohérente: DB=COGNAC image=Whisky";"/images/terminal-3/spirits/whisky/91357CA6-1FE0-465F-BD51-446ACDC4B121.PNG";"";"238.00";""
"70000000-0000-0000-0000-0000700001c2";"Petit Castel 2028";"domaine-du-castel-petit-castel-2028-450";"Castel";"Vins";"DUPLICATE_OR_INVALID";"seed-to-supabase";"millésime/année impossible: 2028 | image non vin";"seed-to-supabase";"Invalide";"millésime/année impossible: 2028 | image non vin";"/images/terminal-3/spirits/whisky/92003B9A-823A-458C-90E4-C569027F0092.PNG";"";"109.00";""
"70000000-0000-0000-0000-0000700001c3";"Kahlúa Reposado";"kahlua-kahlua-reposado-451";"Kahlúa";"Spiritueux";"REAL_REVIEW";"seed-to-supabase";"sous-catégorie incohérente: DB=TEQUILA image=Whisky";"seed-to-supabase";"Probable";"sous-catégorie incohérente: DB=TEQUILA image=Whisky";"/images/terminal-3/spirits/whisky/92052200-8F02-467D-924C-8A5F0A9DD944.PNG";"";"90.00";""
"70000000-0000-0000-0000-0000700001c4";"Amarula Vanilla";"amarula-amarula-vanilla-452";"";"Spiritueux";"DEMO_GENERATED";"seed-to-supabase";"marque non détectée | sous-catégorie incohérente: DB=VODKA image=Whisky";"seed-to-supabase";"Généré";"marque non détectée | sous-catégorie incohérente: DB=VODKA image=Whisky";"/images/terminal-3/spirits/whisky/932C99A8-0DAF-444F-9361-C1A1C7F30A84.PNG";"";"91.00";""
"70000000-0000-0000-0000-0000700001c5";"Merlot 2031";"carmel-merlot-2031-453";"";"Vins";"DUPLICATE_OR_INVALID";"seed-to-supabase";"millésime/année impossible: 2031 | marque non détectée | image non vin";"seed-to-supabase";"Invalide";"millésime/année impossible: 2031 | marque non détectée";"/images/terminal-3/spirits/whisky/9391CA31-BFF2-4641-9076-764A0085C267.PNG";"";"112.00";""
"70000000-0000-0000-0000-0000700001c6";"Grand Marnier";"grand-marnier-grand-marnier-454";"Grand Marnier";"Spiritueux";"REAL_REVIEW";"seed-to-supabase";"sous-catégorie incohérente: DB=LIQUEUR image=Whisky";"seed-to-supabase";"Probable";"sous-catégorie incohérente: DB=LIQUEUR image=Whisky";"/images/terminal-3/spirits/whisky/94C04090-203C-41D3-8926-A9215EFD657E.PNG";"";"93.00";""
"70000000-0000-0000-0000-0000700001c7";"Campari Elite";"campari-campari-elite-455";"Campari";"Spiritueux";"REAL_REVIEW";"seed-to-supabase";"sous-catégorie incohérente: DB=ARAK image=Whisky";"seed-to-supabase";"Probable";"sous-catégorie incohérente: DB=ARAK image=Whisky";"/images/terminal-3/spirits/whisky/95009844-0AE6-406E-B1F2-5BEA0C729D2E.PNG";"";"94.00";""
"70000000-0000-0000-0000-0000700001c8";"Syrah 2034";"galil-mountain-syrah-2034-456";"";"Vins";"DUPLICATE_OR_INVALID";"seed-to-supabase";"millésime/année impossible: 2034 | marque non détectée | image non vin";"seed-to-supabase";"Invalide";"millésime/année impossible: 2034 | marque non détectée";"/images/terminal-3/spirits/whisky/98F96E98-090C-4CAB-8B51-44D0CF28147B.PNG";"";"115.00";""
"70000000-0000-0000-0000-0000700001c9";"Ricard V.S.O.P";"ricard-ricard-v-s-o-p-457";"Ricard";"Spiritueux";"REAL_REVIEW";"seed-to-supabase";"sous-catégorie incohérente: DB=COGNAC image=Whisky";"seed-to-supabase";"Probable";"sous-catégorie incohérente: DB=COGNAC image=Whisky";"/images/terminal-3/spirits/whisky/9B18948C-45F7-48E8-9AF3-E390878AADA5.PNG";"";"96.00";""
"70000000-0000-0000-0000-0000700001ca";"Pernod Blanc";"pernod-pernod-blanc-458";"Pernod";"Spiritueux";"REAL_REVIEW";"seed-to-supabase";"sous-catégorie incohérente: DB=RHUM image=Whisky";"seed-to-supabase";"Probable";"sous-catégorie incohérente: DB=RHUM image=Whisky";"/images/terminal-3/spirits/whisky/9B3C670B-8317-48CA-90DE-E569B9559545.PNG";"";"97.00";""
"70000000-0000-0000-0000-0000700001cb";"Rouge de Galilée 2037";"shiloh-rouge-de-galilee-2037-459";"";"Vins";"DUPLICATE_OR_INVALID";"seed-to-supabase";"millésime/année impossible: 2037 | marque non détectée | image non vin";"seed-to-supabase";"Invalide";"millésime/année impossible: 2037 | marque non détectée";"/images/terminal-3/spirits/whisky/9B5D5953-44A3-4EBE-A333-12B078C69ADB.PNG";"";"118.00";""
"70000000-0000-0000-0000-0000700001cc";"Arak Elite Original";"arak-elite-arak-elite-original-460";"";"Spiritueux";"DEMO_GENERATED";"seed-to-supabase";"marque non détectée | sous-catégorie incohérente: DB=VODKA image=Whisky";"seed-to-supabase";"Généré";"marque non détectée | sous-catégorie incohérente: DB=VODKA image=Whisky";"/images/terminal-3/spirits/whisky/9C9C00F6-3C60-4E23-A0D7-0377A23C14BF.PNG";"";"99.00";""
"70000000-0000-0000-0000-0000700001cd";"Askalon Navy Strength";"askalon-askalon-navy-strength-461";"";"Spiritueux";"DEMO_GENERATED";"seed-to-supabase";"marque non détectée | sous-catégorie incohérente: DB=GIN image=Whisky";"seed-to-supabase";"Généré";"marque non détectée | sous-catégorie incohérente: DB=GIN image=Whisky";"/images/terminal-3/spirits/whisky/9CE3992A-D05E-4375-BD12-095551B0AB4E.PNG";"";"100.00";""
"70000000-0000-0000-0000-000070000162";"Rosé 2032";"shiloh-rose-2032-354";"";"Vins";"DUPLICATE_OR_INVALID";"seed-to-supabase";"millésime/année impossible: 2032 | marque non détectée | image non vin";"seed-to-supabase";"Invalide";"millésime/année impossible: 2032 | marque non détectée";"/images/terminal-3/spirits/whisky/02D73CCC-2ADF-4298-AF47-06A94ABF6227.PNG";"";"133.00";""
"70000000-0000-0000-0000-000070000163";"Remy Martin Blanco";"remy-martin-remy-martin-blanco-355";"Remy Martin";"Spiritueux";"REAL_REVIEW";"seed-to-supabase";"sous-catégorie incohérente: DB=TEQUILA image=Whisky";"seed-to-supabase";"Probable";"sous-catégorie incohérente: DB=TEQUILA image=Whisky";"/images/terminal-3/spirits/whisky/032D6722-04F1-4E8C-BEB6-913E3B0341CC.PNG";"";"144.00";""