id;ancien_nom;nouveau_nom_propose;marque;categorie;sous_categorie;millesime;age;volume;poids;ancien_slug;nouveau_slug_propose;sku;prix;stock;source;photo_actuelle;nouvelle_photo_proposee;niveau_confiance;problemes
"70000000-0000-0000-0000-000070000009";"Rouge de Galilée 2027";"Rouge de Galilée 2027";"";"Vins";"Castel";"2027";"";"";"";"shiloh-rouge-de-galilee-2027-9";"rouge-de-galilee-2027";"";"88.00";"";"Supabase";"/images/terminal-3/wines/castel/petit-castel-2020.png";"";"Incertain";"marque non détectée"
"70000000-0000-0000-0000-000070000022";"Dewar's";"Dewar's — Dewar's";"Dewar's";"Spiritueux";"Autres vins";"";"";"";"";"dewar-s-dewar-s-34";"dewar-s-dewar-s";"";"123.00";"";"Supabase";"/images/terminal-3/wines/other-brands/wine-other-brand-07.webp";"";"Incertain";"image non spiritueux, sous-catégorie incohérente: DB=RHUM image=Autres vins"
"70000000-0000-0000-0000-000070000023";"Bushmills Blanco";"Bushmills — Bushmills Blanco";"Bushmills";"Spiritueux";"Autres vins";"";"";"";"";"bushmills-bushmills-blanco-35";"bushmills-bushmills-blanco";"";"124.00";"";"Supabase";"/images/terminal-3/wines/other-brands/wine-other-brand-08.webp";"";"Incertain";"image non spiritueux, sous-catégorie incohérente: DB=TEQUILA image=Autres vins"
"70000000-0000-0000-0000-000070000024";"Petit Castel 2034";"Castel — Petit Castel 2034";"Castel";"Vins";"Autres vins";"2034";"";"";"";"galil-mountain-petit-castel-2034-36";"castel-petit-castel-2034";"";"115.00";"";"Supabase";"/images/terminal-3/wines/other-brands/wine-other-brand-09.webp";"";"Certain";""
"70000000-0000-0000-0000-000070000025";"Ararat Floral";"Ararat — Ararat Floral";"Ararat";"Spiritueux";"Autres vins";"";"";"";"";"ararat-ararat-floral-37";"ararat-ararat-floral";"";"126.00";"";"Supabase";"/images/terminal-3/wines/other-brands/wine-other-brand-10.webp";"";"Incertain";"image non spiritueux, sous-catégorie incohérente: DB=GIN image=Autres vins"
"70000000-0000-0000-0000-000070000026";"Khvanchkara Coffee";"Khvanchkara — Khvanchkara Coffee";"Khvanchkara";"Spiritueux";"Autres vins";"";"";"";"";"khvanchkara-khvanchkara-coffee-38";"khvanchkara-khvanchkara-coffee";"";"127.00";"";"Supabase";"/images/terminal-3/wines/other-brands/wine-other-brand-11.webp";"";"Incertain";"image non spiritueux, sous-catégorie incohérente: DB=LIQUEUR image=Autres vins"
"70000000-0000-0000-0000-000070000027";"Merlot 2037";"Merlot 2037";"";"Vins";"Autres vins";"2037";"";"";"";"shiloh-merlot-2037-39";"merlot-2037";"";"118.00";"";"Supabase";"/images/terminal-3/wines/other-brands/wine-other-brand-12.webp";"";"Incertain";"marque non détectée"
"70000000-0000-0000-0000-000070000028";"Cîroc Distiller's Edition";"Cîroc — Cîroc Distiller's Edition";"Cîroc";"Spiritueux";"Autres vins";"";"";"";"";"ciroc-ciroc-distiller-s-edition-40";"ciroc-ciroc-distiller-s-edition";"";"129.00";"";"Supabase";"/images/terminal-3/wines/other-brands/wine-other-brand-13.webp";"";"Incertain";"image non spiritueux, sous-catégorie incohérente: DB=WHISKY image=Autres vins"
"70000000-0000-0000-0000-000070000029";"Beluga";"Beluga — Beluga";"Beluga";"Spiritueux";"Autres vins";"";"";"";"";"beluga-beluga-41";"beluga-beluga";"";"130.00";"";"Supabase";"/images/terminal-3/wines/other-brands/wine-other-brand-14.webp";"";"Incertain";"image non spiritueux, sous-catégorie incohérente: DB=COGNAC image=Autres vins"
"70000000-0000-0000-0000-00007000002a";"Syrah 2020";"Syrah 2020";"";"Vins";"Autres vins";"2020";"";"";"";"recanati-syrah-2020-42";"syrah-2020";"";"121.00";"";"Supabase";"/images/terminal-3/wines/other-brands/wine-other-brand-15.webp";"";"Incertain";"marque non détectée"
"70000000-0000-0000-0000-00007000002b";"Smirnoff Extra Añejo";"Smirnoff — Smirnoff Extra Añejo";"Smirnoff";"Spiritueux";"Autres vins";"";"";"";"";"smirnoff-smirnoff-extra-anejo-43";"smirnoff-smirnoff-extra-anejo";"";"132.00";"";"Supabase";"/images/terminal-3/wines/other-brands/wine-other-brand-16.webp";"";"Incertain";"image non spiritueux, sous-catégorie incohérente: DB=TEQUILA image=Autres vins"
"70000000-0000-0000-0000-00007000002c";"Baileys";"Baileys — Baileys";"Baileys";"Spiritueux";"Autres vins";"";"";"";"";"baileys-baileys-44";"baileys-baileys";"";"133.00";"";"Supabase";"/images/terminal-3/wines/other-brands/wine-other-brand-17.webp";"";"Incertain";"image non spiritueux, sous-catégorie incohérente: DB=VODKA image=Autres vins"
"70000000-0000-0000-0000-00007000002d";"Rouge de Galilée 2023";"Rouge de Galilée 2023";"";"Vins";"Autres vins";"2023";"";"";"";"domaine-du-castel-rouge-de-galilee-2023-45";"rouge-de-galilee-2023";"";"124.00";"";"Supabase";"/images/terminal-3/wines/other-brands/wine-other-brand-18.webp";"";"Incertain";"marque non détectée"
"70000000-0000-0000-0000-000070000031";"Campari V.S.O.P";"Campari — Campari V.S.O.P";"Campari";"Spiritueux";"Autres vins";"";"";"";"";"campari-campari-v-s-o-p-49";"campari-campari-v-s-o-p";"";"138.00";"";"Supabase";"/images/terminal-3/wines/other-brands/wine-other-brand-22.webp";"";"Incertain";"image non spiritueux, sous-catégorie incohérente: DB=COGNAC image=Autres vins"
"70000000-0000-0000-0000-000070000049";"Grey Goose V.S.O.P";"Grey Goose — Grey Goose V.S.O.P";"Grey Goose";"Spiritueux";"Autres vins";"";"";"";"";"grey-goose-grey-goose-v-s-o-p-73";"grey-goose-grey-goose-v-s-o-p";"";"162.00";"";"Supabase";"/images/terminal-3/wines/other-brands/wine-other-brand-46.webp";"";"Incertain";"image non spiritueux, sous-catégorie incohérente: DB=COGNAC image=Autres vins"
"70000000-0000-0000-0000-00007000004a";"Belvedere Épice";"Belvedere — Belvedere Épice";"Belvedere";"Spiritueux";"Autres vins";"";"";"";"";"belvedere-belvedere-epice-74";"belvedere-belvedere-epice";"";"163.00";"";"Supabase";"/images/terminal-3/wines/other-brands/wine-other-brand-47.webp";"";"Incertain";"image non spiritueux, sous-catégorie incohérente: DB=RHUM image=Autres vins"
"70000000-0000-0000-0000-00007000004b";"Merlot 2033";"Merlot 2033";"";"Vins";"Autres vins";"2033";"";"";"";"domaine-du-castel-merlot-2033-75";"merlot-2033";"";"94.00";"";"Supabase";"/images/terminal-3/wines/other-brands/wine-other-brand-48.webp";"";"Incertain";"marque non détectée"
"70000000-0000-0000-0000-00007000004c";"Bombay Sapphire Citrus";"Bombay — Bombay Sapphire Citrus";"Bombay";"Spiritueux";"Autres vins";"";"";"";"";"bombay-sapphire-bombay-sapphire-citrus-76";"bombay-bombay-sapphire-citrus";"";"165.00";"";"Supabase";"/images/terminal-3/wines/other-brands/wine-other-brand-49.webp";"";"Incertain";"image non spiritueux, sous-catégorie incohérente: DB=VODKA image=Autres vins"
"70000000-0000-0000-0000-00007000004d";"Tanqueray Floral";"Tanqueray — Tanqueray Floral";"Tanqueray";"Spiritueux";"Autres vins";"";"";"";"";"tanqueray-tanqueray-floral-77";"tanqueray-tanqueray-floral";"";"166.00";"";"Supabase";"/images/terminal-3/wines/other-brands/wine-other-brand-50.webp";"";"Incertain";"image non spiritueux, sous-catégorie incohérente: DB=GIN image=Autres vins"
"70000000-0000-0000-0000-00007000004e";"Syrah 2036";"Syrah 2036";"";"Vins";"Autres vins";"2036";"";"";"";"carmel-syrah-2036-78";"syrah-2036";"";"97.00";"";"Supabase";"/images/terminal-3/wines/other-brands/wine-other-brand-51.webp";"";"Incertain";"marque non détectée"
"70000000-0000-0000-0000-000070000050";"Talisker Reserve";"Talisker — Talisker Reserve";"Talisker";"Spiritueux";"Autres vins";"";"";"";"";"talisker-talisker-reserve-80";"talisker-talisker-reserve";"";"169.00";"";"Supabase";"/images/terminal-3/wines/other-brands/wine-other-brand-53.webp";"";"Incertain";"image non spiritueux, sous-catégorie incohérente: DB=WHISKY image=Autres vins"
"70000000-0000-0000-0000-000070000051";"Rouge de Galilée 2019";"Rouge de Galilée 2019";"";"Vins";"Autres vins";"2019";"";"";"";"galil-mountain-rouge-de-galilee-2019-81";"rouge-de-galilee-2019";"";"100.00";"";"Supabase";"/images/terminal-3/wines/other-brands/wine-other-brand-54.webp";"";"Incertain";"marque non détectée"
"70000000-0000-0000-0000-000070000052";"Laphroaig Black";"Laphroaig — Laphroaig Black";"Laphroaig";"Spiritueux";"Autres vins";"";"";"";"";"laphroaig-laphroaig-black-82";"laphroaig-laphroaig-black";"";"171.00";"";"Supabase";"/images/terminal-3/wines/other-brands/wine-other-brand-55.webp";"";"Incertain";"image non spiritueux, sous-catégorie incohérente: DB=RHUM image=Autres vins"
"70000000-0000-0000-0000-000070000053";"Ardbeg Extra Añejo";"Ardbeg — Ardbeg Extra Añejo";"Ardbeg";"Spiritueux";"Autres vins";"";"";"";"";"ardbeg-ardbeg-extra-anejo-83";"ardbeg-ardbeg-extra-anejo";"";"172.00";"";"Supabase";"/images/terminal-3/wines/other-brands/wine-other-brand-56.webp";"";"Incertain";"image non spiritueux, sous-catégorie incohérente: DB=TEQUILA image=Autres vins"
"70000000-0000-0000-0000-000070000055";"Hibiki London Dry";"Hibiki — Hibiki London Dry";"Hibiki";"Spiritueux";"Autres vins";"";"";"";"";"hibiki-hibiki-london-dry-85";"hibiki-hibiki-london-dry";"";"174.00";"";"Supabase";"/images/terminal-3/wines/other-brands/wine-other-brand-58.webp";"";"Incertain";"image non spiritueux, sous-catégorie incohérente: DB=GIN image=Autres vins"
"70000000-0000-0000-0000-000070000056";"Nikka Cream";"Nikka — Nikka Cream";"Nikka";"Spiritueux";"Autres vins";"";"";"";"";"nikka-nikka-cream-86";"nikka-nikka-cream";"";"175.00";"";"Supabase";"/images/terminal-3/wines/other-brands/wine-other-brand-59.webp";"";"Incertain";"image non spiritueux, sous-catégorie incohérente: DB=LIQUEUR image=Autres vins"
"70000000-0000-0000-0000-000070000057";"Viognier 2025";"Viognier 2025";"";"Vins";"Autres vins";"2025";"";"";"";"recanati-viognier-2025-87";"viognier-2025";"";"106.00";"";"Supabase";"/images/terminal-3/wines/other-brands/wine-other-brand-60.webp";"";"Incertain";"marque non détectée"
"70000000-0000-0000-0000-000070000058";"Canadian Club Double Wood";"Canadian Club — Canadian Club Double Wood";"Canadian Club";"Spiritueux";"Whisky";"";"";"";"";"canadian-club-canadian-club-double-wood-88";"canadian-club-canadian-club-double-wood";"";"177.00";"";"Supabase";"/images/terminal-3/spirits/whisky/00214378-8FB5-452E-85CC-013C94F2B50D.PNG";"";"Incertain";"sous-catégorie incohérente: DB=WHISKY image=Whisky"
"70000000-0000-0000-0000-000070000059";"Ballantine's";"Ballantine's — Ballantine's";"Ballantine's";"Spiritueux";"Whisky";"";"";"";"";"ballantine-s-ballantine-s-89";"ballantine-s-ballantine-s";"";"178.00";"";"Supabase";"/images/terminal-3/spirits/whisky/008910D1-19DA-4E9D-B589-D05E2EE48CDA.PNG";"";"Incertain";"sous-catégorie incohérente: DB=COGNAC image=Whisky"
"70000000-0000-0000-0000-00007000005a";"Petit Castel 2028";"Castel — Petit Castel 2028";"Castel";"Vins";"Whisky";"2028";"";"750ml";"";"domaine-du-castel-petit-castel-2028-90";"castel-petit-castel-2028";"";"109.00";"";"Supabase";"/images/terminal-3/spirits/whisky/01A5E5C6-92D5-4B38-9066-24326ABBEF3E.PNG";"";"Incertain";"image non vin"
"70000000-0000-0000-0000-00007000005b";"Teacher's Reposado";"Teacher's — Teacher's Reposado";"Teacher's";"Spiritueux";"Whisky";"";"";"700ml";"";"teacher-s-teacher-s-reposado-91";"teacher-s-teacher-s-reposado";"";"180.00";"";"Supabase";"/images/terminal-3/spirits/whisky/0216C248-EBE4-4501-8D8C-983424AECBC8.PNG";"";"Incertain";"sous-catégorie incohérente: DB=TEQUILA image=Whisky"
"70000000-0000-0000-0000-00007000005c";"Dewar's Vanilla";"Dewar's — Dewar's Vanilla";"Dewar's";"Spiritueux";"Whisky";"";"";"700ml";"";"dewar-s-dewar-s-vanilla-92";"dewar-s-dewar-s-vanilla";"";"181.00";"";"Supabase";"/images/terminal-3/spirits/whisky/02D73CCC-2ADF-4298-AF47-06A94ABF6227.PNG";"";"Incertain";"sous-catégorie incohérente: DB=VODKA image=Whisky"
"70000000-0000-0000-0000-00007000005d";"Merlot 2031";"Merlot 2031";"";"Vins";"Whisky";"2031";"";"750ml";"";"carmel-merlot-2031-93";"merlot-2031";"";"112.00";"";"Supabase";"/images/terminal-3/spirits/whisky/032D6722-04F1-4E8C-BEB6-913E3B0341CC.PNG";"";"Incertain";"marque non détectée, image non vin"
"70000000-0000-0000-0000-00007000005e";"Tullamore Dew";"Tullamore — Tullamore Dew";"Tullamore";"Spiritueux";"Whisky";"";"";"700ml";"";"tullamore-dew-tullamore-dew-94";"tullamore-tullamore-dew";"";"183.00";"";"Supabase";"/images/terminal-3/spirits/whisky/045E0455-01F9-4B08-A914-F8CA77936AC4.PNG";"";"Incertain";"sous-catégorie incohérente: DB=LIQUEUR image=Whisky"
"70000000-0000-0000-0000-00007000005f";"Ararat Elite";"Ararat — Ararat Elite";"Ararat";"Spiritueux";"Whisky";"";"";"700ml";"";"ararat-ararat-elite-95";"ararat-ararat-elite";"";"184.00";"";"Supabase";"/images/terminal-3/spirits/whisky/06EE596B-600F-46AB-B4E7-A7F65BFAAC64.PNG";"";"Incertain";"sous-catégorie incohérente: DB=ARAK image=Whisky"
"70000000-0000-0000-0000-000070000060";"Syrah 2034";"Syrah 2034";"";"Vins";"Whisky";"2034";"";"750ml";"";"galil-mountain-syrah-2034-96";"syrah-2034";"";"115.00";"";"Supabase";"/images/terminal-3/spirits/whisky/0AD0493E-3635-43A4-B063-5615D9D0AD13.PNG";"";"Incertain";"marque non détectée, image non vin"
"70000000-0000-0000-0000-000070000061";"Ketel One V.S.O.P";"Ketel — Ketel One V.S.O.P";"Ketel";"Spiritueux";"Whisky";"";"";"700ml";"";"ketel-one-ketel-one-v-s-o-p-97";"ketel-ketel-one-v-s-o-p";"";"186.00";"";"Supabase";"/images/terminal-3/spirits/whisky/0B5C2BCC-9FD1-4B9F-B620-A83774C63CF6.PNG";"";"Incertain";"sous-catégorie incohérente: DB=COGNAC image=Whisky"
"70000000-0000-0000-0000-000070000062";"Cîroc 7 ans";"Cîroc — Cîroc 7 ans";"Cîroc";"Spiritueux";"Whisky";"";"7";"700ml";"";"ciroc-ciroc-7-ans-98";"ciroc-ciroc-7-ans";"";"187.00";"";"Supabase";"/images/terminal-3/spirits/whisky/0BA32B72-9931-45B2-97C4-4BFA3AB4AEA4.PNG";"";"Incertain";"sous-catégorie incohérente: DB=RHUM image=Whisky"
"70000000-0000-0000-0000-000070000063";"Rouge de Galilée 2037";"Rouge de Galilée 2037";"";"Vins";"Whisky";"2037";"";"750ml";"";"shiloh-rouge-de-galilee-2037-99";"rouge-de-galilee-2037";"";"118.00";"";"Supabase";"/images/terminal-3/spirits/whisky/0CF6C389-B1D2-48E8-AC37-B343896B8BC4.PNG";"";"Incertain";"marque non détectée, image non vin"
"70000000-0000-0000-0000-000070000067";"Kahlúa Anisé";"Kahlúa — Kahlúa Anisé";"Kahlúa";"Spiritueux";"Whisky";"";"";"700ml";"";"kahlua-kahlua-anise-103";"kahlua-kahlua-anise";"";"192.00";"";"Supabase";"/images/terminal-3/spirits/whisky/162CE014-C62A-408C-AF3F-711BD4E5D7A2.PNG";"";"Incertain";"sous-catégorie incohérente: DB=ARAK image=Whisky"
"70000000-0000-0000-0000-00007000003d";"Johnnie Walker Navy Strength";"Johnnie Walker — Johnnie Walker Navy Strength";"Johnnie Walker";"Spiritueux";"Autres vins";"";"";"";"";"johnnie-walker-johnnie-walker-navy-strength-61";"johnnie-walker-johnnie-walker-navy-strength";"";"150.00";"";"Supabase";"/images/terminal-3/wines/other-brands/wine-other-brand-34.webp";"";"Incertain";"image non spiritueux, sous-catégorie incohérente: DB=GIN image=Autres vins"
"70000000-0000-0000-0000-00007000003e";"Jack Daniel's Orange";"Jack Daniel's — Jack Daniel's Orange";"Jack Daniel's";"Spiritueux";"Autres vins";"";"";"";"";"jack-daniel-s-jack-daniel-s-orange-62";"jack-daniel-s-jack-daniel-s-orange";"";"151.00";"";"Supabase";"/images/terminal-3/wines/other-brands/wine-other-brand-35.webp";"";"Incertain";"image non spiritueux, sous-catégorie incohérente: DB=LIQUEUR image=Autres vins"
"70000000-0000-0000-0000-00007000003f";"Rouge de Galilée 2021";"Rouge de Galilée 2021";"";"Vins";"Autres vins";"2021";"";"";"";"carmel-rouge-de-galilee-2021-63";"rouge-de-galilee-2021";"";"82.00";"";"Supabase";"/images/terminal-3/wines/other-brands/wine-other-brand-36.webp";"";"Incertain";"marque non détectée"
"70000000-0000-0000-0000-000070000040";"Hennessy 15 ans";"Hennessy — Hennessy 15 ans";"Hennessy";"Spiritueux";"Autres vins";"";"15";"";"";"hennessy-hennessy-15-ans-64";"hennessy-hennessy-15-ans";"";"153.00";"";"Supabase";"/images/terminal-3/wines/other-brands/wine-other-brand-37.webp";"";"Incertain";"image non spiritueux, sous-catégorie incohérente: DB=WHISKY image=Autres vins"
"70000000-0000-0000-0000-000070000041";"Remy Martin";"Remy Martin — Remy Martin";"Remy Martin";"Spiritueux";"Autres vins";"";"";"";"";"remy-martin-remy-martin-65";"remy-martin-remy-martin";"";"154.00";"";"Supabase";"/images/terminal-3/wines/other-brands/wine-other-brand-38.webp";"";"Incertain";"image non spiritueux, sous-catégorie incohérente: DB=COGNAC image=Autres vins"
"70000000-0000-0000-0000-000070000042";"Rosé 2024";"Rosé — Rosé 2024";"Rosé";"Vins";"Autres vins";"2024";"";"";"";"galil-mountain-rose-2024-66";"rose-rose-2024";"";"85.00";"";"Supabase";"/images/terminal-3/wines/other-brands/wine-other-brand-39.webp";"";"Certain";""
"70000000-0000-0000-0000-000070000043";"Havana Club Añejo";"Havana — Havana Club Añejo";"Havana";"Spiritueux";"Autres vins";"";"";"";"";"havana-club-havana-club-anejo-67";"havana-havana-club-anejo";"";"156.00";"";"Supabase";"/images/terminal-3/wines/other-brands/wine-other-brand-40.webp";"";"Incertain";"image non spiritueux, sous-catégorie incohérente: DB=TEQUILA image=Autres vins"
"70000000-0000-0000-0000-000070000044";"Bacardi Berry";"Bacardi — Bacardi Berry";"Bacardi";"Spiritueux";"Autres vins";"";"";"";"";"bacardi-bacardi-berry-68";"bacardi-bacardi-berry";"";"157.00";"";"Supabase";"/images/terminal-3/wines/other-brands/wine-other-brand-41.webp";"";"Incertain";"image non spiritueux, sous-catégorie incohérente: DB=VODKA image=Autres vins"
"70000000-0000-0000-0000-000070000045";"Viognier 2027";"Viognier 2027";"";"Vins";"Autres vins";"2027";"";"";"";"shiloh-viognier-2027-69";"viognier-2027";"";"88.00";"";"Supabase";"/images/terminal-3/wines/other-brands/wine-other-brand-42.webp";"";"Incertain";"marque non détectée"
"70000000-0000-0000-0000-000070000046";"Don Julio Original";"Don Julio — Don Julio Original";"Don Julio";"Spiritueux";"Autres vins";"";"";"";"";"don-julio-don-julio-original-70";"don-julio-don-julio-original";"";"159.00";"";"Supabase";"/images/terminal-3/wines/other-brands/wine-other-brand-43.webp";"";"Incertain";"image non spiritueux, sous-catégorie incohérente: DB=LIQUEUR image=Autres vins"
"70000000-0000-0000-0000-0000700001ce";"Rosé 2018";"Rosé — Rosé 2018";"Rosé";"Vins";"Whisky";"2018";"";"750ml";"";"recanati-rose-2018-462";"rose-rose-2018";"";"121.00";"";"Supabase";"/images/terminal-3/spirits/whisky/9E904A9F-64E3-4ED1-852F-95C799539067.PNG";"";"Incertain";"image non vin"
"70000000-0000-0000-0000-0000700001cf";"Jägermeister Anisé";"Jägermeister — Jägermeister Anisé";"Jägermeister";"Spiritueux";"Whisky";"";"";"700ml";"";"jagermeister-jagermeister-anise-463";"jagermeister-jagermeister-anise";"";"102.00";"";"Supabase";"/images/terminal-3/spirits/whisky/9F77F0EB-4EC5-46EC-9DD8-78168CAB153E.PNG";"";"Incertain";"sous-catégorie incohérente: DB=ARAK image=Whisky"
"70000000-0000-0000-0000-0000700001d0";"Chivas Regal 18 ans";"Chivas Regal — Chivas Regal 18 ans";"Chivas Regal";"Spiritueux";"Whisky";"";"18";"700ml";"";"chivas-regal-chivas-regal-18-ans-464";"chivas-regal-chivas-regal-18-ans";"";"103.00";"";"Supabase";"/images/terminal-3/spirits/whisky/A1BE37C8-7AEB-4A4F-961F-E275B3DE5406.PNG";"";"Incertain";"sous-catégorie incohérente: DB=WHISKY image=Whisky"
"70000000-0000-0000-0000-0000700001d1";"Viognier 2021";"Viognier 2021";"";"Vins";"Whisky";"2021";"";"750ml";"";"domaine-du-castel-viognier-2021-465";"viognier-2021";"";"124.00";"";"Supabase";"/images/terminal-3/spirits/whisky/A63FCAF5-DECE-4566-BCD7-1C496C3F7FF8.PNG";"";"Incertain";"marque non détectée, image non vin"
"70000000-0000-0000-0000-0000700001d2";"Glenlivet Épice";"Glenlivet — Glenlivet Épice";"Glenlivet";"Spiritueux";"Whisky";"";"";"700ml";"";"glenlivet-glenlivet-epice-466";"glenlivet-glenlivet-epice";"";"105.00";"";"Supabase";"/images/terminal-3/spirits/whisky/A86F32E6-6E4F-46D8-83D7-2ABF7EAF587F.PNG";"";"Incertain";"sous-catégorie incohérente: DB=RHUM image=Whisky"
"70000000-0000-0000-0000-0000700001d3";"Johnnie Walker Añejo";"Johnnie Walker — Johnnie Walker Añejo";"Johnnie Walker";"Spiritueux";"Whisky";"";"";"700ml";"";"johnnie-walker-johnnie-walker-anejo-467";"johnnie-walker-johnnie-walker-anejo";"";"106.00";"";"Supabase";"/images/terminal-3/spirits/whisky/AAF9C2CF-8ECC-4F0A-8DED-214761702F6B.PNG";"";"Incertain";"sous-catégorie incohérente: DB=TEQUILA image=Whisky"
"70000000-0000-0000-0000-0000700001d4";"Petit Castel 2024";"Castel — Petit Castel 2024";"Castel";"Vins";"Whisky";"2024";"";"750ml";"";"carmel-petit-castel-2024-468";"castel-petit-castel-2024";"";"127.00";"";"Supabase";"/images/terminal-3/spirits/whisky/AE95F99F-A871-4EF0-8768-9A328E660EF4.PNG";"";"Incertain";"image non vin"
"70000000-0000-0000-0000-0000700001d5";"Jameson";"Jameson — Jameson";"Jameson";"Spiritueux";"Whisky";"";"";"700ml";"";"jameson-jameson-469";"jameson-jameson";"";"108.00";"";"Supabase";"/images/terminal-3/spirits/whisky/B1B375EE-EBA9-459E-AC86-D1F5E1B8AE41.PNG";"";"Incertain";"sous-catégorie incohérente: DB=GIN image=Whisky"
"70000000-0000-0000-0000-0000700001d6";"Hennessy Original";"Hennessy — Hennessy Original";"Hennessy";"Spiritueux";"Whisky";"";"";"700ml";"";"hennessy-hennessy-original-470";"hennessy-hennessy-original";"";"109.00";"";"Supabase";"/images/terminal-3/spirits/whisky/B6831122-11DE-4879-9E9A-B6CAD0E68C3C.PNG";"";"Incertain";"sous-catégorie incohérente: DB=LIQUEUR image=Whisky"
"70000000-0000-0000-0000-0000700001d7";"Merlot 2027";"Merlot 2027";"";"Vins";"Whisky";"2027";"";"750ml";"";"galil-mountain-merlot-2027-471";"merlot-2027";"";"130.00";"";"Supabase";"/images/terminal-3/spirits/whisky/B7497B7E-9EA2-4210-A1F1-9AFF4E6EC573.PNG";"";"Incertain";"marque non détectée, image non vin"
"70000000-0000-0000-0000-000070000000";"Petit Castel 2018";"Castel — Petit Castel 2018";"Castel";"Vins";"Whisky";"2018";"";"";"";"domaine-du-castel-petit-castel-2018-0";"castel-petit-castel-2018";"";"79.00";"";"Supabase";"/images/terminal-3/spirits/whisky/spirit-whisky-03.webp";"";"Incertain";"image non vin"
"70000000-0000-0000-0000-000070000068";"Amarula";"Amarula — Amarula";"Amarula";"Spiritueux";"Whisky";"";"";"700ml";"";"amarula-amarula-104";"amarula-amarula";"";"193.00";"";"Supabase";"/images/terminal-3/spirits/whisky/189C477C-FCB7-4C4D-9ED7-FA6E100B51AA.PNG";"";"Incertain";"sous-catégorie incohérente: DB=WHISKY image=Whisky"
"70000000-0000-0000-0000-000070000069";"Viognier 2023";"Viognier 2023";"";"Vins";"Whisky";"2023";"";"750ml";"";"domaine-du-castel-viognier-2023-105";"viognier-2023";"";"124.00";"";"Supabase";"/images/terminal-3/spirits/whisky/189D6506-2FAB-4091-8442-67603A0794E7.PNG";"";"Incertain";"marque non détectée, image non vin"
"70000000-0000-0000-0000-00007000006a";"Grand Marnier 12 ans";"Grand Marnier — Grand Marnier 12 ans";"Grand Marnier";"Spiritueux";"Whisky";"";"12";"700ml";"";"grand-marnier-grand-marnier-12-ans-106";"grand-marnier-grand-marnier-12-ans";"";"195.00";"";"Supabase";"/images/terminal-3/spirits/whisky/19816E7C-9BD9-4FF6-AF62-4476A85BA298.PNG";"";"Incertain";"sous-catégorie incohérente: DB=RHUM image=Whisky"
"70000000-0000-0000-0000-00007000006b";"Campari Añejo";"Campari — Campari Añejo";"Campari";"Spiritueux";"Whisky";"";"";"700ml";"";"campari-campari-anejo-107";"campari-campari-anejo";"";"196.00";"";"Supabase";"/images/terminal-3/spirits/whisky/1A00FB52-B489-47EE-8D19-93CFA8A82563.PNG";"";"Incertain";"sous-catégorie incohérente: DB=TEQUILA image=Whisky"
"70000000-0000-0000-0000-000070000077";"Johnnie Walker";"Johnnie Walker — Johnnie Walker";"Johnnie Walker";"Spiritueux";"Whisky";"";"";"700ml";"";"johnnie-walker-johnnie-walker-119";"johnnie-walker-johnnie-walker";"";"208.00";"";"Supabase";"/images/terminal-3/spirits/whisky/287E003F-9118-4332-B5CF-C63DA4A6DE8A.PNG";"";"Incertain";"sous-catégorie incohérente: DB=ARAK image=Whisky"
"70000000-0000-0000-0000-000070000078";"Rosé 2018";"Rosé — Rosé 2018";"Rosé";"Vins";"Whisky";"2018";"";"750ml";"";"domaine-du-castel-rose-2018-120";"rose-rose-2018";"";"79.00";"";"Supabase";"/images/terminal-3/spirits/whisky/29678DC5-B774-45F4-A4D7-3E421C71DC4D.PNG";"";"Incertain";"image non vin"
"70000000-0000-0000-0000-000070000079";"Jameson V.S.O.P";"Jameson — Jameson V.S.O.P";"Jameson";"Spiritueux";"Whisky";"";"";"700ml";"";"jameson-jameson-v-s-o-p-121";"jameson-jameson-v-s-o-p";"";"210.00";"";"Supabase";"/images/terminal-3/spirits/whisky/2ABCD09A-27EC-40AB-89F6-F5ACFDCE40B1.PNG";"";"Incertain";"sous-catégorie incohérente: DB=COGNAC image=Whisky"
"70000000-0000-0000-0000-00007000007a";"Hennessy Blanc";"Hennessy — Hennessy Blanc";"Hennessy";"Spiritueux";"Whisky";"";"";"700ml";"";"hennessy-hennessy-blanc-122";"hennessy-hennessy-blanc";"";"211.00";"";"Supabase";"/images/terminal-3/spirits/whisky/2B055468-CF51-45B8-9E17-988239EA8AC2.PNG";"";"Incertain";"sous-catégorie incohérente: DB=RHUM image=Whisky"
"70000000-0000-0000-0000-00007000007b";"Viognier 2021";"Viognier 2021";"";"Vins";"Whisky";"2021";"";"750ml";"";"carmel-viognier-2021-123";"viognier-2021";"";"82.00";"";"Supabase";"/images/terminal-3/spirits/whisky/2B4D298F-8878-42F2-88DB-6903277515CE.PNG";"";"Incertain";"marque non détectée, image non vin"
"70000000-0000-0000-0000-00007000007c";"Courvoisier";"Courvoisier — Courvoisier";"Courvoisier";"Spiritueux";"Whisky";"";"";"700ml";"";"courvoisier-courvoisier-124";"courvoisier-courvoisier";"";"213.00";"";"Supabase";"/images/terminal-3/spirits/whisky/2C0F3DAF-A217-43A7-B97F-0549DBDB0957.PNG";"";"Incertain";"sous-catégorie incohérente: DB=VODKA image=Whisky"
"70000000-0000-0000-0000-00007000007d";"Havana Club London Dry";"Havana — Havana Club London Dry";"Havana";"Spiritueux";"Whisky";"";"";"700ml";"";"havana-club-havana-club-london-dry-125";"havana-havana-club-london-dry";"";"214.00";"";"Supabase";"/images/terminal-3/spirits/whisky/2DEDFB66-21FE-43A9-B52C-7D05138CC490.PNG";"";"Incertain";"sous-catégorie incohérente: DB=GIN image=Whisky"
"70000000-0000-0000-0000-00007000007e";"Petit Castel 2024";"Castel — Petit Castel 2024";"Castel";"Vins";"Whisky";"2024";"";"750ml";"";"galil-mountain-petit-castel-2024-126";"castel-petit-castel-2024";"";"85.00";"";"Supabase";"/images/terminal-3/spirits/whisky/2F699C34-9F32-4727-BA58-0A5242A53131.PNG";"";"Incertain";"image non vin"
"70000000-0000-0000-0000-00007000007f";"Mount Gay Gold";"Mount — Mount Gay Gold";"Mount";"Spiritueux";"Whisky";"";"";"700ml";"";"mount-gay-mount-gay-gold-127";"mount-mount-gay-gold";"";"216.00";"";"Supabase";"/images/terminal-3/spirits/whisky/314198A4-0C3A-4572-A8B1-1D830FA3DC84.PNG";"";"Incertain";"sous-catégorie incohérente: DB=ARAK image=Whisky"
"70000000-0000-0000-0000-000070000080";"Don Julio 18 ans";"Don Julio — Don Julio 18 ans";"Don Julio";"Spiritueux";"Whisky";"";"18";"700ml";"";"don-julio-don-julio-18-ans-128";"don-julio-don-julio-18-ans";"";"217.00";"";"Supabase";"/images/terminal-3/spirits/whisky/36F8E306-D187-49CF-97E1-B2EF8D8BCF2A.PNG";"";"Incertain";"sous-catégorie incohérente: DB=WHISKY image=Whisky"
"70000000-0000-0000-0000-000070000081";"Merlot 2027";"Merlot 2027";"";"Vins";"Whisky";"2027";"";"750ml";"";"shiloh-merlot-2027-129";"merlot-2027";"";"88.00";"";"Supabase";"/images/terminal-3/spirits/whisky/3B610CB6-E859-429E-87B1-6DD707A2B709.PNG";"";"Incertain";"marque non détectée, image non vin"
"70000000-0000-0000-0000-000070000082";"Jose Cuervo Épice";"Jose — Jose Cuervo Épice";"Jose";"Spiritueux";"Whisky";"";"";"700ml";"";"jose-cuervo-jose-cuervo-epice-130";"jose-jose-cuervo-epice";"";"219.00";"";"Supabase";"/images/terminal-3/spirits/whisky/3C338160-3FA4-4022-BBBD-9A16D6D23CA7.PNG";"";"Incertain";"sous-catégorie incohérente: DB=RHUM image=Whisky"
"70000000-0000-0000-0000-000070000083";"Grey Goose Reposado";"Grey Goose — Grey Goose Reposado";"Grey Goose";"Spiritueux";"Whisky";"";"";"700ml";"";"grey-goose-grey-goose-reposado-131";"grey-goose-grey-goose-reposado";"";"220.00";"";"Supabase";"/images/terminal-3/spirits/whisky/41F1221A-26BE-4C52-868F-9F3C9A806FA2.PNG";"";"Incertain";"sous-catégorie incohérente: DB=TEQUILA image=Whisky"
"70000000-0000-0000-0000-000070000084";"Syrah 2030";"Syrah 2030";"";"Vins";"Whisky";"2030";"";"750ml";"";"recanati-syrah-2030-132";"syrah-2030";"";"91.00";"";"Supabase";"/images/terminal-3/spirits/whisky/42AECD0F-5F90-4AB0-81C7-B34D327C441B.PNG";"";"Incertain";"marque non détectée, image non vin"
"70000000-0000-0000-0000-0000700001d8";"Courvoisier Reserve";"Courvoisier — Courvoisier Reserve";"Courvoisier";"Spiritueux";"Whisky";"";"";"700ml";"";"courvoisier-courvoisier-reserve-472";"courvoisier-courvoisier-reserve";"";"111.00";"";"Supabase";"/images/terminal-3/spirits/whisky/BD3D92B3-CC9B-47BA-92D8-9A447560924E.PNG";"";"Incertain";"sous-catégorie incohérente: DB=WHISKY image=Whisky"
"70000000-0000-0000-0000-00007000006e";"Pernod Original";"Pernod — Pernod Original";"Pernod";"Spiritueux";"Whisky";"";"";"700ml";"";"pernod-pernod-original-110";"pernod-pernod-original";"";"199.00";"";"Supabase";"/images/terminal-3/spirits/whisky/1C27ACDC-F18A-4156-A7C4-1460BB3B3FAA.PNG";"";"Incertain";"sous-catégorie incohérente: DB=LIQUEUR image=Whisky"
"70000000-0000-0000-0000-00007000006f";"Merlot 2029";"Merlot 2029";"";"Vins";"Whisky";"2029";"";"750ml";"";"galil-mountain-merlot-2029-111";"merlot-2029";"";"130.00";"";"Supabase";"/images/terminal-3/spirits/whisky/1C450DC7-98DC-4809-A89E-C51B15C49E46.PNG";"";"Incertain";"marque non détectée, image non vin"
"70000000-0000-0000-0000-000070000070";"Arak Elite 12 ans";"Arak — Arak Elite 12 ans";"Arak";"Spiritueux";"Whisky";"";"12";"700ml";"";"arak-elite-arak-elite-12-ans-112";"arak-arak-elite-12-ans";"";"201.00";"";"Supabase";"/images/terminal-3/spirits/whisky/1F24D28C-50A5-44CB-AD98-09F8605C7FEC.PNG";"";"Incertain";"sous-catégorie incohérente: DB=WHISKY image=Whisky"
"70000000-0000-0000-0000-000070000071";"Askalon";"Askalon — Askalon";"Askalon";"Spiritueux";"Whisky";"";"";"700ml";"";"askalon-askalon-113";"askalon-askalon";"";"202.00";"";"Supabase";"/images/terminal-3/spirits/whisky/1F842163-3DA9-4BA9-8D27-62B92B623F4A.PNG";"";"Incertain";"sous-catégorie incohérente: DB=COGNAC image=Whisky"
"70000000-0000-0000-0000-000070000072";"Syrah 2032";"Syrah 2032";"";"Vins";"Whisky";"2032";"";"750ml";"";"shiloh-syrah-2032-114";"syrah-2032";"";"133.00";"";"Supabase";"/images/terminal-3/spirits/whisky/20008C8B-579A-40D2-83AB-C6C8101B1EDC.PNG";"";"Incertain";"marque non détectée, image non vin"
"70000000-0000-0000-0000-000070000073";"Jägermeister Blanco";"Jägermeister — Jägermeister Blanco";"Jägermeister";"Spiritueux";"Whisky";"";"";"700ml";"";"jagermeister-jagermeister-blanco-115";"jagermeister-jagermeister-blanco";"";"204.00";"";"Supabase";"/images/terminal-3/spirits/whisky/22B16518-4E9E-4C0D-8B00-25643BC80464.PNG";"";"Incertain";"sous-catégorie incohérente: DB=TEQUILA image=Whisky"
"70000000-0000-0000-0000-000070000074";"Chivas Regal Citrus";"Chivas Regal — Chivas Regal Citrus";"Chivas Regal";"Spiritueux";"Whisky";"";"";"700ml";"";"chivas-regal-chivas-regal-citrus-116";"chivas-regal-chivas-regal-citrus";"";"205.00";"";"Supabase";"/images/terminal-3/spirits/whisky/26C24598-77B0-41E0-A70A-6D8C7D4DA96E.PNG";"";"Incertain";"sous-catégorie incohérente: DB=VODKA image=Whisky"
"70000000-0000-0000-0000-000070000075";"Rouge de Galilée 2035";"Rouge de Galilée 2035";"";"Vins";"Whisky";"2035";"";"750ml";"";"recanati-rouge-de-galilee-2035-117";"rouge-de-galilee-2035";"";"136.00";"";"Supabase";"/images/terminal-3/spirits/whisky/27788521-6BBB-4116-A76A-F5BBAAB30795.PNG";"";"Incertain";"marque non détectée, image non vin"
"70000000-0000-0000-0000-000070000076";"Glenlivet Coffee";"Glenlivet — Glenlivet Coffee";"Glenlivet";"Spiritueux";"Whisky";"";"";"700ml";"";"glenlivet-glenlivet-coffee-118";"glenlivet-glenlivet-coffee";"";"207.00";"";"Supabase";"/images/terminal-3/spirits/whisky/27B402D3-6999-4F4C-9932-79F7BE56D255.PNG";"";"Incertain";"sous-catégorie incohérente: DB=LIQUEUR image=Whisky"
"70000000-0000-0000-0000-000070000085";"Absolut Mediterranean";"Absolut — Absolut Mediterranean";"Absolut";"Spiritueux";"Whisky";"";"";"700ml";"";"absolut-absolut-mediterranean-133";"absolut-absolut-mediterranean";"";"222.00";"";"Supabase";"/images/terminal-3/spirits/whisky/42C382EA-5C07-44B8-933B-A57260FF88AD.PNG";"";"Incertain";"sous-catégorie incohérente: DB=GIN image=Whisky"
"70000000-0000-0000-0000-000070000086";"Bombay Sapphire";"Bombay — Bombay Sapphire";"Bombay";"Spiritueux";"Whisky";"";"";"700ml";"";"bombay-sapphire-bombay-sapphire-134";"bombay-bombay-sapphire";"";"223.00";"";"Supabase";"/images/terminal-3/spirits/whisky/431557ED-F03B-41D1-9721-5AAE50548404.PNG";"";"Incertain";"sous-catégorie incohérente: DB=LIQUEUR image=Whisky"
"70000000-0000-0000-0000-0000700001d9";"Havana Club";"Havana — Havana Club";"Havana";"Spiritueux";"Whisky";"";"";"700ml";"";"havana-club-havana-club-473";"havana-havana-club";"";"112.00";"";"Supabase";"/images/terminal-3/spirits/whisky/BDA8241A-E448-4F82-9AD9-D202E58CC1B5.PNG";"";"Incertain";"sous-catégorie incohérente: DB=COGNAC image=Whisky"
"70000000-0000-0000-0000-0000700001da";"Syrah 2030";"Syrah 2030";"";"Vins";"Whisky";"2030";"";"750ml";"";"shiloh-syrah-2030-474";"syrah-2030";"";"133.00";"";"Supabase";"/images/terminal-3/spirits/whisky/C03B2B1D-8C93-4380-A57F-30CD4F801F2C.PNG";"";"Incertain";"marque non détectée, image non vin"
"70000000-0000-0000-0000-0000700001db";"Mount Gay Blanco";"Mount — Mount Gay Blanco";"Mount";"Spiritueux";"Whisky";"";"";"700ml";"";"mount-gay-mount-gay-blanco-475";"mount-mount-gay-blanco";"";"114.00";"";"Supabase";"/images/terminal-3/spirits/whisky/C2590F49-6A25-4D94-9259-5398A199F7AF.PNG";"";"Incertain";"sous-catégorie incohérente: DB=TEQUILA image=Whisky"
"70000000-0000-0000-0000-0000700001dc";"Don Julio Citrus";"Don Julio — Don Julio Citrus";"Don Julio";"Spiritueux";"Whisky";"";"";"700ml";"";"don-julio-don-julio-citrus-476";"don-julio-don-julio-citrus";"";"115.00";"";"Supabase";"/images/terminal-3/spirits/whisky/C383A7CB-7A43-4DFD-A8DA-BC025E0FAFE1.PNG";"";"Incertain";"sous-catégorie incohérente: DB=VODKA image=Whisky"
"70000000-0000-0000-0000-0000700001dd";"Rouge de Galilée 2033";"Rouge de Galilée 2033";"";"Vins";"Whisky";"2033";"";"750ml";"";"recanati-rouge-de-galilee-2033-477";"rouge-de-galilee-2033";"";"136.00";"";"Supabase";"/images/terminal-3/spirits/whisky/C3F3B0B6-AB8C-4C75-AF2B-6DC5A9C910FA.PNG";"";"Incertain";"marque non détectée, image non vin"
"70000000-0000-0000-0000-0000700001de";"Jose Cuervo Coffee";"Jose — Jose Cuervo Coffee";"Jose";"Spiritueux";"Whisky";"";"";"700ml";"";"jose-cuervo-jose-cuervo-coffee-478";"jose-jose-cuervo-coffee";"";"117.00";"";"Supabase";"/images/terminal-3/spirits/whisky/C51B1188-6ABF-4134-8865-BB631D06C6F8.PNG";"";"Incertain";"sous-catégorie incohérente: DB=LIQUEUR image=Whisky"
"70000000-0000-0000-0000-0000700001df";"Grey Goose";"Grey Goose — Grey Goose";"Grey Goose";"Spiritueux";"Whisky";"";"";"700ml";"";"grey-goose-grey-goose-479";"grey-goose-grey-goose";"";"118.00";"";"Supabase";"/images/terminal-3/spirits/whisky/C6738FBE-0D43-48D6-9FCF-A137B64697E6.PNG";"";"Incertain";"sous-catégorie incohérente: DB=ARAK image=Whisky"
"70000000-0000-0000-0000-0000700001e0";"Rosé 2036";"Rosé — Rosé 2036";"Rosé";"Vins";"Whisky";"2036";"";"750ml";"";"domaine-du-castel-rose-2036-480";"rose-rose-2036";"";"79.00";"";"Supabase";"/images/terminal-3/spirits/whisky/C6FC0F6A-D6DC-491E-9EAE-01DC5B93301A.PNG";"";"Incertain";"image non vin"
"70000000-0000-0000-0000-0000700001e1";"Absolut V.S.O.P";"Absolut — Absolut V.S.O.P";"Absolut";"Spiritueux";"Whisky";"";"";"700ml";"";"absolut-absolut-v-s-o-p-481";"absolut-absolut-v-s-o-p";"";"120.00";"";"Supabase";"/images/terminal-3/spirits/whisky/C7232714-AD52-4F4F-BE75-C6D0C7B8C030.PNG";"";"Incertain";"sous-catégorie incohérente: DB=COGNAC image=Whisky"
"70000000-0000-0000-0000-000070000087";"Rouge de Galilée 2033";"Rouge de Galilée 2033";"";"Vins";"Whisky";"2033";"";"750ml";"";"domaine-du-castel-rouge-de-galilee-2033-135";"rouge-de-galilee-2033";"";"94.00";"";"Supabase";"/images/terminal-3/spirits/whisky/438BF962-D488-41DD-8A58-676AA5563353.PNG";"";"Incertain";"marque non détectée, image non vin"
"70000000-0000-0000-0000-000070000088";"Hendrick's Reserve";"Hendrick's — Hendrick's Reserve";"Hendrick's";"Spiritueux";"Whisky";"";"";"700ml";"";"hendrick-s-hendrick-s-reserve-136";"hendrick-s-hendrick-s-reserve";"";"225.00";"";"Supabase";"/images/terminal-3/spirits/whisky/49294A9B-7CA6-4362-9456-5734D54F983E.PNG";"";"Incertain";"sous-catégorie incohérente: DB=WHISKY image=Whisky"
"70000000-0000-0000-0000-000070000089";"Macallan";"Macallan — Macallan";"Macallan";"Spiritueux";"Whisky";"";"";"700ml";"";"macallan-macallan-137";"macallan-macallan";"";"226.00";"";"Supabase";"/images/terminal-3/spirits/whisky/49B9D3B1-426C-425B-897B-2BB6EA53A424.PNG";"";"Incertain";"sous-catégorie incohérente: DB=COGNAC image=Whisky"
"70000000-0000-0000-0000-00007000008a";"Rosé 2036";"Rosé — Rosé 2036";"Rosé";"Vins";"Whisky";"2036";"";"750ml";"";"carmel-rose-2036-138";"rose-rose-2036";"";"97.00";"";"Supabase";"/images/terminal-3/spirits/whisky/49E142D0-E8A6-493F-98EA-535E15B59E91.PNG";"";"Incertain";"image non vin"
"70000000-0000-0000-0000-00007000008b";"Lagavulin";"Lagavulin — Lagavulin";"Lagavulin";"Spiritueux";"Whisky";"";"";"700ml";"";"lagavulin-lagavulin-139";"lagavulin-lagavulin";"";"228.00";"";"Supabase";"/images/terminal-3/spirits/whisky/4BAC5449-29F0-4125-8DC2-B673A30E9CBA.PNG";"";"Incertain";"sous-catégorie incohérente: DB=TEQUILA image=Whisky"
"70000000-0000-0000-0000-00007000008c";"Laphroaig Original";"Laphroaig — Laphroaig Original";"Laphroaig";"Spiritueux";"Whisky";"";"";"700ml";"";"laphroaig-laphroaig-original-140";"laphroaig-laphroaig-original";"";"229.00";"";"Supabase";"/images/terminal-3/spirits/whisky/4CAA5D74-B20D-4AB4-9A48-A6EE52228B6F.PNG";"";"Incertain";"sous-catégorie incohérente: DB=VODKA image=Whisky"
"70000000-0000-0000-0000-00007000008d";"Viognier 2019";"Viognier 2019";"";"Vins";"Whisky";"2019";"";"750ml";"";"galil-mountain-viognier-2019-141";"viognier-2019";"";"100.00";"";"Supabase";"/images/terminal-3/spirits/whisky/4E0BC80C-DC34-41B6-A44A-4DF395E10C4E.PNG";"";"Incertain";"marque non détectée, image non vin"
"70000000-0000-0000-0000-00007000008e";"Yamazaki Orange";"Yamazaki — Yamazaki Orange";"Yamazaki";"Spiritueux";"Whisky";"";"";"700ml";"";"yamazaki-yamazaki-orange-142";"yamazaki-yamazaki-orange";"";"231.00";"";"Supabase";"/images/terminal-3/spirits/whisky/4E0C2C6E-10C4-4B6F-87C2-74CF0A5F6BDA.PNG";"";"Incertain";"sous-catégorie incohérente: DB=LIQUEUR image=Whisky"
"70000000-0000-0000-0000-00007000008f";"Hibiki Anisé";"Hibiki — Hibiki Anisé";"Hibiki";"Spiritueux";"Whisky";"";"";"700ml";"";"hibiki-hibiki-anise-143";"hibiki-hibiki-anise";"";"232.00";"";"Supabase";"/images/terminal-3/spirits/whisky/4F25FF1D-5110-4079-8CBF-67986442E249.PNG";"";"Incertain";"sous-catégorie incohérente: DB=ARAK image=Whisky"
"70000000-0000-0000-0000-000070000090";"Petit Castel 2022";"Castel — Petit Castel 2022";"Castel";"Vins";"Whisky";"2022";"";"750ml";"";"shiloh-petit-castel-2022-144";"castel-petit-castel-2022";"";"103.00";"";"Supabase";"/images/terminal-3/spirits/whisky/531D84BD-A8D4-402D-942C-D77F3B61D27D.PNG";"";"Incertain";"image non vin"
"70000000-0000-0000-0000-000070000091";"Crown Royal V.S.O.P";"Crown Royal — Crown Royal V.S.O.P";"Crown Royal";"Spiritueux";"Whisky";"";"";"700ml";"";"crown-royal-crown-royal-v-s-o-p-145";"crown-royal-crown-royal-v-s-o-p";"";"234.00";"";"Supabase";"/images/terminal-3/spirits/whisky/535531EB-D8DA-40A6-A26E-9AFA42E46076.PNG";"";"Incertain";"sous-catégorie incohérente: DB=COGNAC image=Whisky"
"70000000-0000-0000-0000-000070000092";"Canadian Club";"Canadian Club — Canadian Club";"Canadian Club";"Spiritueux";"Whisky";"";"";"700ml";"";"canadian-club-canadian-club-146";"canadian-club-canadian-club";"";"235.00";"";"Supabase";"/images/terminal-3/spirits/whisky/55B61082-799F-4791-B17E-CA71F6459C72.PNG";"";"Incertain";"sous-catégorie incohérente: DB=RHUM image=Whisky"
"70000000-0000-0000-0000-000070000093";"Merlot 2025";"Merlot 2025";"";"Vins";"Whisky";"2025";"";"750ml";"";"recanati-merlot-2025-147";"merlot-2025";"";"106.00";"";"Supabase";"/images/terminal-3/spirits/whisky/575B0200-FCDE-47DB-B31C-CB6C41514548.PNG";"";"Incertain";"marque non détectée, image non vin"
"70000000-0000-0000-0000-000070000094";"Famous Grouse Berry";"Famous — Famous Grouse Berry";"Famous";"Spiritueux";"Whisky";"";"";"700ml";"";"famous-grouse-famous-grouse-berry-148";"famous-famous-grouse-berry";"";"237.00";"";"Supabase";"/images/terminal-3/spirits/whisky/578E7C85-7DB8-4B1B-8E14-193480CAE9BC.PNG";"";"Incertain";"sous-catégorie incohérente: DB=VODKA image=Whisky"
"70000000-0000-0000-0000-000070000095";"Teacher's";"Teacher's — Teacher's";"Teacher's";"Spiritueux";"Whisky";"";"";"700ml";"";"teacher-s-teacher-s-149";"teacher-s-teacher-s";"";"238.00";"";"Supabase";"/images/terminal-3/spirits/whisky/5807215C-7F03-4DCF-A842-528D59D6F35E.PNG";"";"Incertain";"sous-catégorie incohérente: DB=GIN image=Whisky"
"70000000-0000-0000-0000-0000700000a4";"Grand Marnier";"Grand Marnier — Grand Marnier";"Grand Marnier";"Spiritueux";"Whisky";"";"";"700ml";"";"grand-marnier-grand-marnier-164";"grand-marnier-grand-marnier";"";"103.00";"";"Supabase";"/images/terminal-3/spirits/whisky/65467B2A-3665-4B87-BA01-45C84033D082.PNG";"";"Incertain";"sous-catégorie incohérente: DB=VODKA image=Whisky"
"70000000-0000-0000-0000-0000700000a5";"Merlot 2023";"Merlot 2023";"";"Vins";"Whisky";"2023";"";"750ml";"";"domaine-du-castel-merlot-2023-165";"merlot-2023";"";"124.00";"";"Supabase";"/images/terminal-3/spirits/whisky/65CEE68A-2DAD-4777-AE5E-6EA5626CEA83.PNG";"";"Incertain";"marque non détectée, image non vin"
"70000000-0000-0000-0000-0000700000a6";"Aperol Cream";"Aperol — Aperol Cream";"Aperol";"Spiritueux";"Whisky";"";"";"700ml";"";"aperol-aperol-cream-166";"aperol-aperol-cream";"";"105.00";"";"Supabase";"/images/terminal-3/spirits/whisky/6B00DDA2-DA8A-4922-A3A2-7202DD1CE503.PNG";"";"Incertain";"sous-catégorie incohérente: DB=LIQUEUR image=Whisky"
"70000000-0000-0000-0000-0000700000a7";"Ricard Gold";"Ricard — Ricard Gold";"Ricard";"Spiritueux";"Whisky";"";"";"700ml";"";"ricard-ricard-gold-167";"ricard-ricard-gold";"";"106.00";"";"Supabase";"/images/terminal-3/spirits/whisky/6B30A549-8FC5-4513-BC56-B85CA0DA3199.PNG";"";"Incertain";"sous-catégorie incohérente: DB=ARAK image=Whisky"
"70000000-0000-0000-0000-0000700000a8";"Syrah 2026";"Syrah 2026";"";"Vins";"Whisky";"2026";"";"750ml";"";"carmel-syrah-2026-168";"syrah-2026";"";"127.00";"";"Supabase";"/images/terminal-3/spirits/whisky/707C963F-FFFB-44EE-82D1-0482E1B47522.PNG";"";"Incertain";"marque non détectée, image non vin"
"70000000-0000-0000-0000-000070000097";"Bushmills Classic";"Bushmills — Bushmills Classic";"Bushmills";"Spiritueux";"Whisky";"";"";"700ml";"";"bushmills-bushmills-classic-151";"bushmills-bushmills-classic";"";"90.00";"";"Supabase";"/images/terminal-3/spirits/whisky/59715BE8-570F-4734-9FEA-856EE484BF4A.PNG";"";"Incertain";"sous-catégorie incohérente: DB=ARAK image=Whisky"
"70000000-0000-0000-0000-000070000098";"Tullamore Dew Distiller's Edition";"Tullamore — Tullamore Dew Distiller's Edition";"Tullamore";"Spiritueux";"Whisky";"";"";"700ml";"";"tullamore-dew-tullamore-dew-distiller-s-edition-152";"tullamore-tullamore-dew-distiller-s-edition";"";"91.00";"";"Supabase";"/images/terminal-3/spirits/whisky/5EC225F5-E57A-46F3-B310-CF58601766C5.PNG";"";"Incertain";"sous-catégorie incohérente: DB=WHISKY image=Whisky"
"70000000-0000-0000-0000-000070000099";"Rouge de Galilée 2031";"Rouge de Galilée 2031";"";"Vins";"Whisky";"2031";"";"750ml";"";"carmel-rouge-de-galilee-2031-153";"rouge-de-galilee-2031";"";"112.00";"";"Supabase";"/images/terminal-3/spirits/whisky/5F56DA89-A777-4E58-A29E-1D6F36785DB5.PNG";"";"Incertain";"marque non détectée, image non vin"
"70000000-0000-0000-0000-00007000009a";"Khvanchkara 7 ans";"Khvanchkara — Khvanchkara 7 ans";"Khvanchkara";"Spiritueux";"Whisky";"";"7";"700ml";"";"khvanchkara-khvanchkara-7-ans-154";"khvanchkara-khvanchkara-7-ans";"";"93.00";"";"Supabase";"/images/terminal-3/spirits/whisky/5F95D383-AF3F-452F-8A8C-0CECF4E4CCAA.PNG";"";"Incertain";"sous-catégorie incohérente: DB=RHUM image=Whisky"
"70000000-0000-0000-0000-00007000009b";"Ketel One Blanco";"Ketel — Ketel One Blanco";"Ketel";"Spiritueux";"Whisky";"";"";"700ml";"";"ketel-one-ketel-one-blanco-155";"ketel-ketel-one-blanco";"";"94.00";"";"Supabase";"/images/terminal-3/spirits/whisky/5FFD879F-A882-4196-BBDC-A55BC9C9BFAB.PNG";"";"Incertain";"sous-catégorie incohérente: DB=TEQUILA image=Whisky"
"70000000-0000-0000-0000-00007000009c";"Rosé 2034";"Rosé — Rosé 2034";"Rosé";"Vins";"Whisky";"2034";"";"750ml";"";"galil-mountain-rose-2034-156";"rose-rose-2034";"";"115.00";"";"Supabase";"/images/terminal-3/spirits/whisky/605619A2-1CDE-417C-9AA8-5339206F89C4.PNG";"";"Incertain";"image non vin"
"70000000-0000-0000-0000-00007000009d";"Beluga Floral";"Beluga — Beluga Floral";"Beluga";"Spiritueux";"Whisky";"";"";"700ml";"";"beluga-beluga-floral-157";"beluga-beluga-floral";"";"96.00";"";"Supabase";"/images/terminal-3/spirits/whisky/60DC1DFD-0E50-42FF-B08B-32DD2AFD7EFD.PNG";"";"Incertain";"sous-catégorie incohérente: DB=GIN image=Whisky"
"70000000-0000-0000-0000-00007000009e";"Stolichnaya Coffee";"Stolichnaya — Stolichnaya Coffee";"Stolichnaya";"Spiritueux";"Whisky";"";"";"700ml";"";"stolichnaya-stolichnaya-coffee-158";"stolichnaya-stolichnaya-coffee";"";"97.00";"";"Supabase";"/images/terminal-3/spirits/whisky/60EFF1AB-F17C-4BA9-83EC-4E7EC4B9F6F3.PNG";"";"Incertain";"sous-catégorie incohérente: DB=LIQUEUR image=Whisky"
"70000000-0000-0000-0000-00007000009f";"Viognier 2037";"Viognier 2037";"";"Vins";"Whisky";"2037";"";"750ml";"";"shiloh-viognier-2037-159";"viognier-2037";"";"118.00";"";"Supabase";"/images/terminal-3/spirits/whisky/60FBEA0B-017E-4001-8F20-4ECF472CB238.PNG";"";"Incertain";"marque non détectée, image non vin"
"70000000-0000-0000-0000-0000700000a9";"Ouzo V.S.O.P";"Ouzo — Ouzo V.S.O.P";"Ouzo";"Spiritueux";"Whisky";"";"";"700ml";"";"ouzo-ouzo-v-s-o-p-169";"ouzo-ouzo-v-s-o-p";"";"108.00";"";"Supabase";"/images/terminal-3/spirits/whisky/731C329D-EF7D-4B68-A64D-BB8713481C76.PNG";"";"Incertain";"sous-catégorie incohérente: DB=COGNAC image=Whisky"
"70000000-0000-0000-0000-0000700000aa";"Arak Elite 15 ans";"Arak — Arak Elite 15 ans";"Arak";"Spiritueux";"Whisky";"";"15";"700ml";"";"arak-elite-arak-elite-15-ans-170";"arak-arak-elite-15-ans";"";"109.00";"";"Supabase";"/images/terminal-3/spirits/whisky/73817F22-7CC3-4CB6-AFE3-CA1A82E52BCD.PNG";"";"Incertain";"sous-catégorie incohérente: DB=RHUM image=Whisky"
"70000000-0000-0000-0000-0000700001e2";"Bombay Sapphire";"Bombay — Bombay Sapphire";"Bombay";"Spiritueux";"Whisky";"";"";"700ml";"";"bombay-sapphire-bombay-sapphire-482";"bombay-bombay-sapphire";"";"121.00";"";"Supabase";"/images/terminal-3/spirits/whisky/CA15B508-9D86-4DB6-9AD9-0BAB136878F7.PNG";"";"Incertain";"sous-catégorie incohérente: DB=RHUM image=Whisky"
"70000000-0000-0000-0000-0000700001e3";"Viognier 2019";"Viognier 2019";"";"Vins";"Whisky";"2019";"";"750ml";"";"carmel-viognier-2019-483";"viognier-2019";"";"82.00";"";"Supabase";"/images/terminal-3/spirits/whisky/CB533A02-0B4D-42C7-A5B4-C0685A3F862C.PNG";"";"Incertain";"marque non détectée, image non vin"
"70000000-0000-0000-0000-0000700001e4";"Hendrick's";"Hendrick's — Hendrick's";"Hendrick's";"Spiritueux";"Whisky";"";"";"700ml";"";"hendrick-s-hendrick-s-484";"hendrick-s-hendrick-s";"";"123.00";"";"Supabase";"/images/terminal-3/spirits/whisky/CBF29EA3-AA56-439A-A550-341C7EF79C3F.PNG";"";"Incertain";"sous-catégorie incohérente: DB=VODKA image=Whisky"
"70000000-0000-0000-0000-0000700001e5";"Macallan London Dry";"Macallan — Macallan London Dry";"Macallan";"Spiritueux";"Whisky";"";"";"700ml";"";"macallan-macallan-london-dry-485";"macallan-macallan-london-dry";"";"124.00";"";"Supabase";"/images/terminal-3/spirits/whisky/CCFC6ECB-FB57-4FD2-8F0E-FB125041A444.PNG";"";"Incertain";"sous-catégorie incohérente: DB=GIN image=Whisky"
"70000000-0000-0000-0000-0000700001e6";"Petit Castel 2022";"Castel — Petit Castel 2022";"Castel";"Vins";"Whisky";"2022";"";"750ml";"";"galil-mountain-petit-castel-2022-486";"castel-petit-castel-2022";"";"85.00";"";"Supabase";"/images/terminal-3/spirits/whisky/CE7456AA-47F3-4BA7-9927-C0F6805D6204.PNG";"";"Incertain";"image non vin"
"70000000-0000-0000-0000-0000700001e7";"Lagavulin Gold";"Lagavulin — Lagavulin Gold";"Lagavulin";"Spiritueux";"Whisky";"";"";"700ml";"";"lagavulin-lagavulin-gold-487";"lagavulin-lagavulin-gold";"";"126.00";"";"Supabase";"/images/terminal-3/spirits/whisky/D1555ABE-B616-4D4F-A9A0-FC158D6F6EF7.PNG";"";"Incertain";"sous-catégorie incohérente: DB=ARAK image=Whisky"
"70000000-0000-0000-0000-0000700001e8";"Laphroaig Distiller's Edition";"Laphroaig — Laphroaig Distiller's Edition";"Laphroaig";"Spiritueux";"Whisky";"";"";"700ml";"";"laphroaig-laphroaig-distiller-s-edition-488";"laphroaig-laphroaig-distiller-s-edition";"";"127.00";"";"Supabase";"/images/terminal-3/spirits/whisky/D2DE5B5D-2B73-4837-8A53-08931C020F96.PNG";"";"Incertain";"sous-catégorie incohérente: DB=WHISKY image=Whisky"
"70000000-0000-0000-0000-0000700001e9";"Merlot 2025";"Merlot 2025";"";"Vins";"Whisky";"2025";"";"750ml";"";"shiloh-merlot-2025-489";"merlot-2025";"";"88.00";"";"Supabase";"/images/terminal-3/spirits/whisky/D3237FFE-3458-4A6A-987D-BFABC35E0C03.PNG";"";"Incertain";"marque non détectée, image non vin"
"70000000-0000-0000-0000-0000700001ea";"Yamazaki 7 ans";"Yamazaki — Yamazaki 7 ans";"Yamazaki";"Spiritueux";"Whisky";"";"7";"700ml";"";"yamazaki-yamazaki-7-ans-490";"yamazaki-yamazaki-7-ans";"";"129.00";"";"Supabase";"/images/terminal-3/spirits/whisky/D336208C-B110-481A-A1ED-6D7127A8FB30.PNG";"";"Incertain";"sous-catégorie incohérente: DB=RHUM image=Whisky"
"70000000-0000-0000-0000-000070000001";"Glenfiddich V.S.O.P";"Glenfiddich — Glenfiddich V.S.O.P";"Glenfiddich";"Spiritueux";"Whisky";"";"";"";"";"glenfiddich-glenfiddich-v-s-o-p-1";"glenfiddich-glenfiddich-v-s-o-p";"";"90.00";"";"Supabase";"/images/terminal-3/spirits/whisky/spirit-whisky-04.webp";"";"Incertain";"sous-catégorie incohérente: DB=COGNAC image=Whisky"
"70000000-0000-0000-0000-0000700001eb";"Hibiki Reposado";"Hibiki — Hibiki Reposado";"Hibiki";"Spiritueux";"Whisky";"";"";"700ml";"";"hibiki-hibiki-reposado-491";"hibiki-hibiki-reposado";"";"130.00";"";"Supabase";"/images/terminal-3/spirits/whisky/D3B33B20-FD70-4179-8AE0-D26FE77D0924.PNG";"";"Incertain";"sous-catégorie incohérente: DB=TEQUILA image=Whisky"
"70000000-0000-0000-0000-0000700001ec";"Syrah 2028";"Syrah 2028";"";"Vins";"Whisky";"2028";"";"750ml";"";"recanati-syrah-2028-492";"syrah-2028";"";"91.00";"";"Supabase";"/images/terminal-3/spirits/whisky/D49E6A14-AAEA-4E1F-91B1-A64486E9A7DC.PNG";"";"Incertain";"marque non détectée, image non vin"
"70000000-0000-0000-0000-000070000002";"Glenlivet 15 ans";"Glenlivet — Glenlivet 15 ans";"Glenlivet";"Spiritueux";"Whisky";"";"15";"";"";"glenlivet-glenlivet-15-ans-2";"glenlivet-glenlivet-15-ans";"";"91.00";"";"Supabase";"/images/terminal-3/spirits/whisky/spirit-whisky-05.webp";"";"Incertain";"sous-catégorie incohérente: DB=RHUM image=Whisky"
"70000000-0000-0000-0000-000070000003";"Merlot 2021";"Merlot 2021";"";"Vins";"Whisky";"2021";"";"";"";"carmel-merlot-2021-3";"merlot-2021";"";"82.00";"";"Supabase";"/images/terminal-3/spirits/whisky/spirit-whisky-06.webp";"";"Incertain";"marque non détectée, image non vin"
"70000000-0000-0000-0000-000070000004";"Jack Daniel's";"Jack Daniel's — Jack Daniel's";"Jack Daniel's";"Spiritueux";"Whisky";"";"";"";"";"jack-daniel-s-jack-daniel-s-4";"jack-daniel-s-jack-daniel-s";"";"93.00";"";"Supabase";"/images/terminal-3/spirits/whisky/spirit-whisky-07.webp";"";"Incertain";"sous-catégorie incohérente: DB=VODKA image=Whisky"
"70000000-0000-0000-0000-000070000005";"Jameson London Dry";"Jameson — Jameson London Dry";"Jameson";"Spiritueux";"Whisky";"";"";"";"";"jameson-jameson-london-dry-5";"jameson-jameson-london-dry";"";"94.00";"";"Supabase";"/images/terminal-3/spirits/whisky/spirit-whisky-08.webp";"";"Incertain";"sous-catégorie incohérente: DB=GIN image=Whisky"
"70000000-0000-0000-0000-000070000006";"Syrah 2024";"Syrah 2024";"";"Vins";"Whisky";"2024";"";"";"";"galil-mountain-syrah-2024-6";"syrah-2024";"";"85.00";"";"Supabase";"/images/terminal-3/spirits/whisky/spirit-whisky-09.webp";"";"Incertain";"marque non détectée, image non vin"
"70000000-0000-0000-0000-000070000007";"Remy Martin Gold";"Remy Martin — Remy Martin Gold";"Remy Martin";"Spiritueux";"Whisky";"";"";"";"";"remy-martin-remy-martin-gold-7";"remy-martin-remy-martin-gold";"";"96.00";"";"Supabase";"/images/terminal-3/spirits/whisky/spirit-whisky-10.webp";"";"Incertain";"sous-catégorie incohérente: DB=ARAK image=Whisky"
"70000000-0000-0000-0000-000070000008";"Courvoisier 15 ans";"Courvoisier — Courvoisier 15 ans";"Courvoisier";"Spiritueux";"Whisky";"";"15";"";"";"courvoisier-courvoisier-15-ans-8";"courvoisier-courvoisier-15-ans";"";"97.00";"";"Supabase";"/images/terminal-3/spirits/whisky/spirit-whisky-11.webp";"";"Incertain";"sous-catégorie incohérente: DB=WHISKY image=Whisky"
"70000000-0000-0000-0000-0000700000a0";"Baileys";"Baileys — Baileys";"Baileys";"Spiritueux";"Whisky";"";"";"700ml";"";"baileys-baileys-160";"baileys-baileys";"";"99.00";"";"Supabase";"/images/terminal-3/spirits/whisky/6217197E-9F43-4B6E-9B04-112CF4E51C4A.PNG";"";"Incertain";"sous-catégorie incohérente: DB=WHISKY image=Whisky"
"70000000-0000-0000-0000-0000700000a1";"Kahlúa";"Kahlúa — Kahlúa";"Kahlúa";"Spiritueux";"Whisky";"";"";"700ml";"";"kahlua-kahlua-161";"kahlua-kahlua";"";"100.00";"";"Supabase";"/images/terminal-3/spirits/whisky/62C0E7FF-2391-4F24-BD5C-C910DDB00F0A.PNG";"";"Incertain";"sous-catégorie incohérente: DB=COGNAC image=Whisky"
"70000000-0000-0000-0000-0000700000ab";"Rouge de Galilée 2029";"Rouge de Galilée 2029";"";"Vins";"Whisky";"2029";"";"750ml";"";"galil-mountain-rouge-de-galilee-2029-171";"rouge-de-galilee-2029";"";"130.00";"";"Supabase";"/images/terminal-3/spirits/whisky/73AD132E-1FAA-4792-B342-5434A2A5164D.PNG";"";"Incertain";"marque non détectée, image non vin"
"70000000-0000-0000-0000-0000700000ac";"Tubi 60 Vanilla";"Tubi — Tubi 60 Vanilla";"Tubi";"Spiritueux";"Whisky";"";"";"700ml";"";"tubi-60-tubi-60-vanilla-172";"tubi-tubi-60-vanilla";"";"111.00";"";"Supabase";"/images/terminal-3/spirits/whisky/744D4A59-AFF0-489B-BBDA-55587D68183C.PNG";"";"Incertain";"sous-catégorie incohérente: DB=VODKA image=Whisky"
"70000000-0000-0000-0000-0000700000ad";"Jägermeister Mediterranean";"Jägermeister — Jägermeister Mediterranean";"Jägermeister";"Spiritueux";"Whisky";"";"";"700ml";"";"jagermeister-jagermeister-mediterranean-173";"jagermeister-jagermeister-mediterranean";"";"112.00";"";"Supabase";"/images/terminal-3/spirits/whisky/74DA2334-57C3-4FD1-B5F9-54C58DA1337F.PNG";"";"Incertain";"sous-catégorie incohérente: DB=GIN image=Whisky"
"70000000-0000-0000-0000-0000700000ae";"Rosé 2032";"Rosé — Rosé 2032";"Rosé";"Vins";"Whisky";"2032";"";"750ml";"";"shiloh-rose-2032-174";"rose-rose-2032";"";"133.00";"";"Supabase";"/images/terminal-3/spirits/whisky/763CBF1B-765B-44C4-A10C-498997391722.PNG";"";"Incertain";"image non vin"
"70000000-0000-0000-0000-0000700000af";"Glenfiddich Elite";"Glenfiddich — Glenfiddich Elite";"Glenfiddich";"Spiritueux";"Whisky";"";"";"700ml";"";"glenfiddich-glenfiddich-elite-175";"glenfiddich-glenfiddich-elite";"";"114.00";"";"Supabase";"/images/terminal-3/spirits/whisky/7998E75E-45E6-4321-BFF3-12046750A96E.PNG";"";"Incertain";"sous-catégorie incohérente: DB=ARAK image=Whisky"
"70000000-0000-0000-0000-0000700000b0";"Glenlivet 15 ans";"Glenlivet — Glenlivet 15 ans";"Glenlivet";"Spiritueux";"Whisky";"";"15";"700ml";"";"glenlivet-glenlivet-15-ans-176";"glenlivet-glenlivet-15-ans";"";"115.00";"";"Supabase";"/images/terminal-3/spirits/whisky/7B31356E-469A-417C-B485-A432D7C5C9D3.PNG";"";"Incertain";"sous-catégorie incohérente: DB=WHISKY image=Whisky"
"70000000-0000-0000-0000-0000700000b1";"Viognier 2035";"Viognier 2035";"";"Vins";"Whisky";"2035";"";"750ml";"";"recanati-viognier-2035-177";"viognier-2035";"";"136.00";"";"Supabase";"/images/terminal-3/spirits/whisky/7EECAD02-EA68-4448-97BF-995C7F873D77.PNG";"";"Incertain";"marque non détectée, image non vin"
"70000000-0000-0000-0000-0000700000b2";"Jack Daniel's Blanc";"Jack Daniel's — Jack Daniel's Blanc";"Jack Daniel's";"Spiritueux";"Whisky";"";"";"700ml";"";"jack-daniel-s-jack-daniel-s-blanc-178";"jack-daniel-s-jack-daniel-s-blanc";"";"117.00";"";"Supabase";"/images/terminal-3/spirits/whisky/7FD74C28-D3BC-41AE-AFE1-80E87D1F4464.PNG";"";"Incertain";"sous-catégorie incohérente: DB=RHUM image=Whisky"
"70000000-0000-0000-0000-0000700000b3";"Jameson";"Jameson — Jameson";"Jameson";"Spiritueux";"Whisky";"";"";"700ml";"";"jameson-jameson-179";"jameson-jameson";"";"118.00";"";"Supabase";"/images/terminal-3/spirits/whisky/81D26C13-E97B-4152-A85E-1819984A8202.PNG";"";"Incertain";"sous-catégorie incohérente: DB=TEQUILA image=Whisky"
"70000000-0000-0000-0000-0000700000b4";"Petit Castel 2018";"Castel — Petit Castel 2018";"Castel";"Vins";"Whisky";"2018";"";"750ml";"";"domaine-du-castel-petit-castel-2018-180";"castel-petit-castel-2018";"";"79.00";"";"Supabase";"/images/terminal-3/spirits/whisky/84BF830C-8E63-407B-BE4B-A4905547F78A.PNG";"";"Incertain";"image non vin"
"70000000-0000-0000-0000-0000700000b5";"Remy Martin Navy Strength";"Remy Martin — Remy Martin Navy Strength";"Remy Martin";"Spiritueux";"Whisky";"";"";"700ml";"";"remy-martin-remy-martin-navy-strength-181";"remy-martin-remy-martin-navy-strength";"";"120.00";"";"Supabase";"/images/terminal-3/spirits/whisky/84F84950-BD42-4350-B2AD-A6CA9C278029.PNG";"";"Incertain";"sous-catégorie incohérente: DB=GIN image=Whisky"
"70000000-0000-0000-0000-0000700000b6";"Courvoisier Orange";"Courvoisier — Courvoisier Orange";"Courvoisier";"Spiritueux";"Whisky";"";"";"700ml";"";"courvoisier-courvoisier-orange-182";"courvoisier-courvoisier-orange";"";"121.00";"";"Supabase";"/images/terminal-3/spirits/whisky/863E2BE4-4DB0-44BB-97F2-F01D61B5F2D3.PNG";"";"Incertain";"sous-catégorie incohérente: DB=LIQUEUR image=Whisky"
"70000000-0000-0000-0000-0000700000b7";"Merlot 2021";"Merlot 2021";"";"Vins";"Whisky";"2021";"";"750ml";"";"carmel-merlot-2021-183";"merlot-2021";"";"82.00";"";"Supabase";"/images/terminal-3/spirits/whisky/885D646D-93D1-42D7-89B8-1DC0FEDDBEB2.PNG";"";"Incertain";"marque non détectée, image non vin"
"70000000-0000-0000-0000-0000700000b9";"Mount Gay";"Mount — Mount Gay";"Mount";"Spiritueux";"Whisky";"";"";"700ml";"";"mount-gay-mount-gay-185";"mount-mount-gay";"";"124.00";"";"Supabase";"/images/terminal-3/spirits/whisky/891A20A5-EF42-4D41-871F-07227A7D18B9.PNG";"";"Incertain";"sous-catégorie incohérente: DB=COGNAC image=Whisky"
"70000000-0000-0000-0000-0000700000ba";"Syrah 2024";"Syrah 2024";"";"Vins";"Whisky";"2024";"";"750ml";"";"galil-mountain-syrah-2024-186";"syrah-2024";"";"85.00";"";"Supabase";"/images/terminal-3/spirits/whisky/8BDC6378-F8C5-494B-ADA5-5A18ED3AEF23.PNG";"";"Incertain";"marque non détectée, image non vin"
"70000000-0000-0000-0000-0000700000bb";"Patrón Añejo";"Patrón — Patrón Añejo";"Patrón";"Spiritueux";"Whisky";"";"";"700ml";"";"patron-patron-anejo-187";"patron-patron-anejo";"";"126.00";"";"Supabase";"/images/terminal-3/spirits/whisky/91357CA6-1FE0-465F-BD51-446ACDC4B121.PNG";"";"Incertain";"sous-catégorie incohérente: DB=TEQUILA image=Whisky"
"70000000-0000-0000-0000-0000700000bc";"Jose Cuervo Berry";"Jose — Jose Cuervo Berry";"Jose";"Spiritueux";"Whisky";"";"";"700ml";"";"jose-cuervo-jose-cuervo-berry-188";"jose-jose-cuervo-berry";"";"127.00";"";"Supabase";"/images/terminal-3/spirits/whisky/92003B9A-823A-458C-90E4-C569027F0092.PNG";"";"Incertain";"sous-catégorie incohérente: DB=VODKA image=Whisky"
"70000000-0000-0000-0000-0000700000bd";"Rouge de Galilée 2027";"Rouge de Galilée 2027";"";"Vins";"Whisky";"2027";"";"750ml";"";"shiloh-rouge-de-galilee-2027-189";"rouge-de-galilee-2027";"";"88.00";"";"Supabase";"/images/terminal-3/spirits/whisky/92052200-8F02-467D-924C-8A5F0A9DD944.PNG";"";"Incertain";"marque non détectée, image non vin"
"70000000-0000-0000-0000-0000700000be";"Belvedere Original";"Belvedere — Belvedere Original";"Belvedere";"Spiritueux";"Whisky";"";"";"700ml";"";"belvedere-belvedere-original-190";"belvedere-belvedere-original";"";"129.00";"";"Supabase";"/images/terminal-3/spirits/whisky/932C99A8-0DAF-444F-9361-C1A1C7F30A84.PNG";"";"Incertain";"sous-catégorie incohérente: DB=LIQUEUR image=Whisky"
"70000000-0000-0000-0000-0000700000bf";"Absolut Classic";"Absolut — Absolut Classic";"Absolut";"Spiritueux";"Whisky";"";"";"700ml";"";"absolut-absolut-classic-191";"absolut-absolut-classic";"";"130.00";"";"Supabase";"/images/terminal-3/spirits/whisky/9391CA31-BFF2-4641-9076-764A0085C267.PNG";"";"Incertain";"sous-catégorie incohérente: DB=ARAK image=Whisky"
"70000000-0000-0000-0000-0000700000c0";"Rosé 2030";"Rosé — Rosé 2030";"Rosé";"Vins";"Whisky";"2030";"";"750ml";"";"recanati-rose-2030-192";"rose-rose-2030";"";"91.00";"";"Supabase";"/images/terminal-3/spirits/whisky/94C04090-203C-41D3-8926-A9215EFD657E.PNG";"";"Incertain";"image non vin"
"70000000-0000-0000-0000-0000700000c1";"Tanqueray V.S.O.P";"Tanqueray — Tanqueray V.S.O.P";"Tanqueray";"Spiritueux";"Whisky";"";"";"700ml";"";"tanqueray-tanqueray-v-s-o-p-193";"tanqueray-tanqueray-v-s-o-p";"";"132.00";"";"Supabase";"/images/terminal-3/spirits/whisky/95009844-0AE6-406E-B1F2-5BEA0C729D2E.PNG";"";"Incertain";"sous-catégorie incohérente: DB=COGNAC image=Whisky"
"70000000-0000-0000-0000-0000700000c2";"Hendrick's Black";"Hendrick's — Hendrick's Black";"Hendrick's";"Spiritueux";"Whisky";"";"";"700ml";"";"hendrick-s-hendrick-s-black-194";"hendrick-s-hendrick-s-black";"";"133.00";"";"Supabase";"/images/terminal-3/spirits/whisky/98F96E98-090C-4CAB-8B51-44D0CF28147B.PNG";"";"Incertain";"sous-catégorie incohérente: DB=RHUM image=Whisky"
"70000000-0000-0000-0000-0000700000c3";"Viognier 2033";"Viognier 2033";"";"Vins";"Whisky";"2033";"";"750ml";"";"domaine-du-castel-viognier-2033-195";"viognier-2033";"";"94.00";"";"Supabase";"/images/terminal-3/spirits/whisky/9B18948C-45F7-48E8-9AF3-E390878AADA5.PNG";"";"Incertain";"marque non détectée, image non vin"
"70000000-0000-0000-0000-0000700000c4";"Talisker Citrus";"Talisker — Talisker Citrus";"Talisker";"Spiritueux";"Whisky";"";"";"700ml";"";"talisker-talisker-citrus-196";"talisker-talisker-citrus";"";"135.00";"";"Supabase";"/images/terminal-3/spirits/whisky/9B3C670B-8317-48CA-90DE-E569B9559545.PNG";"";"Incertain";"sous-catégorie incohérente: DB=VODKA image=Whisky"
"70000000-0000-0000-0000-0000700000c5";"Lagavulin Floral";"Lagavulin — Lagavulin Floral";"Lagavulin";"Spiritueux";"Whisky";"";"";"700ml";"";"lagavulin-lagavulin-floral-197";"lagavulin-lagavulin-floral";"";"136.00";"";"Supabase";"/images/terminal-3/spirits/whisky/9B5D5953-44A3-4EBE-A333-12B078C69ADB.PNG";"";"Incertain";"sous-catégorie incohérente: DB=GIN image=Whisky"
"70000000-0000-0000-0000-0000700000c6";"Petit Castel 2036";"Castel — Petit Castel 2036";"Castel";"Vins";"Whisky";"2036";"";"750ml";"";"carmel-petit-castel-2036-198";"castel-petit-castel-2036";"";"97.00";"";"Supabase";"/images/terminal-3/spirits/whisky/9C9C00F6-3C60-4E23-A0D7-0377A23C14BF.PNG";"";"Incertain";"image non vin"
"70000000-0000-0000-0000-0000700000c7";"Ardbeg";"Ardbeg — Ardbeg";"Ardbeg";"Spiritueux";"Whisky";"";"";"700ml";"";"ardbeg-ardbeg-199";"ardbeg-ardbeg";"";"138.00";"";"Supabase";"/images/terminal-3/spirits/whisky/9CE3992A-D05E-4375-BD12-095551B0AB4E.PNG";"";"Incertain";"sous-catégorie incohérente: DB=ARAK image=Whisky"
"70000000-0000-0000-0000-0000700001ed";"Crown Royal Mediterranean";"Crown Royal — Crown Royal Mediterranean";"Crown Royal";"Spiritueux";"Whisky";"";"";"700ml";"";"crown-royal-crown-royal-mediterranean-493";"crown-royal-crown-royal-mediterranean";"";"132.00";"";"Supabase";"/images/terminal-3/spirits/whisky/D6F9B49D-3382-4BCC-A6FA-7A04801A1CED.PNG";"";"Incertain";"sous-catégorie incohérente: DB=GIN image=Whisky"
"70000000-0000-0000-0000-00007000000a";"Bacardi Blanc";"Bacardi — Bacardi Blanc";"Bacardi";"Spiritueux";"Yarden";"";"";"";"";"bacardi-bacardi-blanc-10";"bacardi-bacardi-blanc";"";"99.00";"";"Supabase";"/images/terminal-3/wines/yarden/wines-yarden-01.webp";"";"Incertain";"image non spiritueux, sous-catégorie incohérente: DB=RHUM image=Yarden"
"70000000-0000-0000-0000-0000700000cb";"Crown Royal Extra Añejo";"Crown Royal — Crown Royal Extra Añejo";"Crown Royal";"Spiritueux";"Whisky";"";"";"700ml";"";"crown-royal-crown-royal-extra-anejo-203";"crown-royal-crown-royal-extra-anejo";"";"142.00";"";"Supabase";"/images/terminal-3/spirits/whisky/A63FCAF5-DECE-4566-BCD7-1C496C3F7FF8.PNG";"";"Incertain";"sous-catégorie incohérente: DB=TEQUILA image=Whisky"
"70000000-0000-0000-0000-0000700000cc";"Syrah 2022";"Syrah 2022";"";"Vins";"Whisky";"2022";"";"750ml";"";"shiloh-syrah-2022-204";"syrah-2022";"";"103.00";"";"Supabase";"/images/terminal-3/spirits/whisky/A86F32E6-6E4F-46D8-83D7-2ABF7EAF587F.PNG";"";"Incertain";"marque non détectée, image non vin"
"70000000-0000-0000-0000-0000700000cd";"Ballantine's London Dry";"Ballantine's — Ballantine's London Dry";"Ballantine's";"Spiritueux";"Whisky";"";"";"700ml";"";"ballantine-s-ballantine-s-london-dry-205";"ballantine-s-ballantine-s-london-dry";"";"144.00";"";"Supabase";"/images/terminal-3/spirits/whisky/AAF9C2CF-8ECC-4F0A-8DED-214761702F6B.PNG";"";"Incertain";"sous-catégorie incohérente: DB=GIN image=Whisky"
"70000000-0000-0000-0000-0000700000ce";"Famous Grouse Cream";"Famous — Famous Grouse Cream";"Famous";"Spiritueux";"Whisky";"";"";"700ml";"";"famous-grouse-famous-grouse-cream-206";"famous-famous-grouse-cream";"";"145.00";"";"Supabase";"/images/terminal-3/spirits/whisky/AE95F99F-A871-4EF0-8768-9A328E660EF4.PNG";"";"Incertain";"sous-catégorie incohérente: DB=LIQUEUR image=Whisky"
"70000000-0000-0000-0000-0000700000cf";"Rouge de Galilée 2025";"Rouge de Galilée 2025";"";"Vins";"Whisky";"2025";"";"750ml";"";"recanati-rouge-de-galilee-2025-207";"rouge-de-galilee-2025";"";"106.00";"";"Supabase";"/images/terminal-3/spirits/whisky/B1B375EE-EBA9-459E-AC86-D1F5E1B8AE41.PNG";"";"Incertain";"marque non détectée, image non vin"
"70000000-0000-0000-0000-0000700000d9";"Smirnoff V.S.O.P";"Smirnoff — Smirnoff V.S.O.P";"Smirnoff";"Spiritueux";"Whisky";"";"";"700ml";"";"smirnoff-smirnoff-v-s-o-p-217";"smirnoff-smirnoff-v-s-o-p";"";"156.00";"";"Supabase";"/images/terminal-3/spirits/whisky/C6738FBE-0D43-48D6-9FCF-A137B64697E6.PNG";"";"Incertain";"sous-catégorie incohérente: DB=COGNAC image=Whisky"
"70000000-0000-0000-0000-0000700000da";"Baileys 12 ans";"Baileys — Baileys 12 ans";"Baileys";"Spiritueux";"Whisky";"";"12";"700ml";"";"baileys-baileys-12-ans-218";"baileys-baileys-12-ans";"";"157.00";"";"Supabase";"/images/terminal-3/spirits/whisky/C6FC0F6A-D6DC-491E-9EAE-01DC5B93301A.PNG";"";"Incertain";"sous-catégorie incohérente: DB=RHUM image=Whisky"
"70000000-0000-0000-0000-0000700000db";"Merlot 2037";"Merlot 2037";"";"Vins";"Whisky";"2037";"";"750ml";"";"shiloh-merlot-2037-219";"merlot-2037";"";"118.00";"";"Supabase";"/images/terminal-3/spirits/whisky/C7232714-AD52-4F4F-BE75-C6D0C7B8C030.PNG";"";"Incertain";"marque non détectée, image non vin"
"70000000-0000-0000-0000-0000700000dc";"Amarula Original";"Amarula — Amarula Original";"Amarula";"Spiritueux";"Whisky";"";"";"700ml";"";"amarula-amarula-original-220";"amarula-amarula-original";"";"159.00";"";"Supabase";"/images/terminal-3/spirits/whisky/CA15B508-9D86-4DB6-9AD9-0BAB136878F7.PNG";"";"Incertain";"sous-catégorie incohérente: DB=VODKA image=Whisky"
"70000000-0000-0000-0000-0000700000dd";"Cointreau Navy Strength";"Cointreau — Cointreau Navy Strength";"Cointreau";"Spiritueux";"Whisky";"";"";"700ml";"";"cointreau-cointreau-navy-strength-221";"cointreau-cointreau-navy-strength";"";"160.00";"";"Supabase";"/images/terminal-3/spirits/whisky/CB533A02-0B4D-42C7-A5B4-C0685A3F862C.PNG";"";"Incertain";"sous-catégorie incohérente: DB=GIN image=Whisky"
"70000000-0000-0000-0000-0000700000de";"Syrah 2020";"Syrah 2020";"";"Vins";"Whisky";"2020";"";"750ml";"";"recanati-syrah-2020-222";"syrah-2020";"";"121.00";"";"Supabase";"/images/terminal-3/spirits/whisky/CBF29EA3-AA56-439A-A550-341C7EF79C3F.PNG";"";"Incertain";"marque non détectée, image non vin"
"70000000-0000-0000-0000-0000700000df";"Campari Anisé";"Campari — Campari Anisé";"Campari";"Spiritueux";"Whisky";"";"";"700ml";"";"campari-campari-anise-223";"campari-campari-anise";"";"162.00";"";"Supabase";"/images/terminal-3/spirits/whisky/CCFC6ECB-FB57-4FD2-8F0E-FB125041A444.PNG";"";"Incertain";"sous-catégorie incohérente: DB=ARAK image=Whisky"
"70000000-0000-0000-0000-0000700000e0";"Aperol 12 ans";"Aperol — Aperol 12 ans";"Aperol";"Spiritueux";"Whisky";"";"12";"700ml";"";"aperol-aperol-12-ans-224";"aperol-aperol-12-ans";"";"163.00";"";"Supabase";"/images/terminal-3/spirits/whisky/CE7456AA-47F3-4BA7-9927-C0F6805D6204.PNG";"";"Incertain";"sous-catégorie incohérente: DB=WHISKY image=Whisky"
"70000000-0000-0000-0000-0000700000e1";"Rouge de Galilée 2023";"Rouge de Galilée 2023";"";"Vins";"Whisky";"2023";"";"750ml";"";"domaine-du-castel-rouge-de-galilee-2023-225";"rouge-de-galilee-2023";"";"124.00";"";"Supabase";"/images/terminal-3/spirits/whisky/D1555ABE-B616-4D4F-A9A0-FC158D6F6EF7.PNG";"";"Incertain";"marque non détectée, image non vin"
"70000000-0000-0000-0000-0000700000e2";"Pernod 15 ans";"Pernod — Pernod 15 ans";"Pernod";"Spiritueux";"Whisky";"";"15";"700ml";"";"pernod-pernod-15-ans-226";"pernod-pernod-15-ans";"";"165.00";"";"Supabase";"/images/terminal-3/spirits/whisky/D2DE5B5D-2B73-4837-8A53-08931C020F96.PNG";"";"Incertain";"sous-catégorie incohérente: DB=RHUM image=Whisky"
"70000000-0000-0000-0000-0000700000e3";"Ouzo Añejo";"Ouzo — Ouzo Añejo";"Ouzo";"Spiritueux";"Whisky";"";"";"700ml";"";"ouzo-ouzo-anejo-227";"ouzo-ouzo-anejo";"";"166.00";"";"Supabase";"/images/terminal-3/spirits/whisky/D3237FFE-3458-4A6A-987D-BFABC35E0C03.PNG";"";"Incertain";"sous-catégorie incohérente: DB=TEQUILA image=Whisky"
"70000000-0000-0000-0000-0000700000e4";"Rosé 2026";"Rosé — Rosé 2026";"Rosé";"Vins";"Whisky";"2026";"";"750ml";"";"carmel-rose-2026-228";"rose-rose-2026";"";"127.00";"";"Supabase";"/images/terminal-3/spirits/whisky/D336208C-B110-481A-A1ED-6D7127A8FB30.PNG";"";"Incertain";"image non vin"
"70000000-0000-0000-0000-0000700001ee";"Canadian Club";"Canadian Club — Canadian Club";"Canadian Club";"Spiritueux";"Whisky";"";"";"700ml";"";"canadian-club-canadian-club-494";"canadian-club-canadian-club";"";"133.00";"";"Supabase";"/images/terminal-3/spirits/whisky/D85772A5-B989-4FCE-963B-8092FC5BD80A.PNG";"";"Incertain";"sous-catégorie incohérente: DB=LIQUEUR image=Whisky"
"70000000-0000-0000-0000-0000700000e5";"Askalon";"Askalon — Askalon";"Askalon";"Spiritueux";"Whisky";"";"";"700ml";"";"askalon-askalon-229";"askalon-askalon";"";"168.00";"";"Supabase";"/images/terminal-3/spirits/whisky/D3B33B20-FD70-4179-8AE0-D26FE77D0924.PNG";"";"Incertain";"sous-catégorie incohérente: DB=GIN image=Whisky"
"70000000-0000-0000-0000-0000700000e6";"Tubi 60 Original";"Tubi — Tubi 60 Original";"Tubi";"Spiritueux";"Whisky";"";"";"700ml";"";"tubi-60-tubi-60-original-230";"tubi-tubi-60-original";"";"169.00";"";"Supabase";"/images/terminal-3/spirits/whisky/D49E6A14-AAEA-4E1F-91B1-A64486E9A7DC.PNG";"";"Incertain";"sous-catégorie incohérente: DB=LIQUEUR image=Whisky"
"70000000-0000-0000-0000-0000700000e7";"Viognier 2029";"Viognier 2029";"";"Vins";"Whisky";"2029";"";"750ml";"";"galil-mountain-viognier-2029-231";"viognier-2029";"";"130.00";"";"Supabase";"/images/terminal-3/spirits/whisky/D6F9B49D-3382-4BCC-A6FA-7A04801A1CED.PNG";"";"Incertain";"marque non détectée, image non vin"
"70000000-0000-0000-0000-0000700000e8";"Chivas Regal 15 ans";"Chivas Regal — Chivas Regal 15 ans";"Chivas Regal";"Spiritueux";"Whisky";"";"15";"700ml";"";"chivas-regal-chivas-regal-15-ans-232";"chivas-regal-chivas-regal-15-ans";"";"171.00";"";"Supabase";"/images/terminal-3/spirits/whisky/D85772A5-B989-4FCE-963B-8092FC5BD80A.PNG";"";"Incertain";"sous-catégorie incohérente: DB=WHISKY image=Whisky"
"70000000-0000-0000-0000-0000700000e9";"Glenfiddich";"Glenfiddich — Glenfiddich";"Glenfiddich";"Spiritueux";"Whisky";"";"";"700ml";"";"glenfiddich-glenfiddich-233";"glenfiddich-glenfiddich";"";"172.00";"";"Supabase";"/images/terminal-3/spirits/whisky/DE9CBC48-CEBA-46FD-82F2-B7C71EB19C10.PNG";"";"Incertain";"sous-catégorie incohérente: DB=COGNAC image=Whisky"
"70000000-0000-0000-0000-0000700000ea";"Petit Castel 2032";"Castel — Petit Castel 2032";"Castel";"Vins";"Whisky";"2032";"";"750ml";"";"shiloh-petit-castel-2032-234";"castel-petit-castel-2032";"";"133.00";"";"Supabase";"/images/terminal-3/spirits/whisky/DF87F93C-61FE-47F1-9396-3F9CD37DCD3D.PNG";"";"Incertain";"image non vin"
"70000000-0000-0000-0000-0000700000eb";"Johnnie Walker Blanco";"Johnnie Walker — Johnnie Walker Blanco";"Johnnie Walker";"Spiritueux";"Whisky";"";"";"700ml";"";"johnnie-walker-johnnie-walker-blanco-235";"johnnie-walker-johnnie-walker-blanco";"";"174.00";"";"Supabase";"/images/terminal-3/spirits/whisky/E11D9656-AB8E-4240-8A94-CD64B7751016.PNG";"";"Incertain";"sous-catégorie incohérente: DB=TEQUILA image=Whisky"
"70000000-0000-0000-0000-0000700000ec";"Jack Daniel's Citrus";"Jack Daniel's — Jack Daniel's Citrus";"Jack Daniel's";"Spiritueux";"Whisky";"";"";"700ml";"";"jack-daniel-s-jack-daniel-s-citrus-236";"jack-daniel-s-jack-daniel-s-citrus";"";"175.00";"";"Supabase";"/images/terminal-3/spirits/whisky/E1871D54-24C5-4FE3-A776-6D034437F1B4.PNG";"";"Incertain";"sous-catégorie incohérente: DB=VODKA image=Whisky"
"70000000-0000-0000-0000-0000700000ed";"Merlot 2035";"Merlot 2035";"";"Vins";"Whisky";"2035";"";"750ml";"";"recanati-merlot-2035-237";"merlot-2035";"";"136.00";"";"Supabase";"/images/terminal-3/spirits/whisky/E2281AA8-C639-4F57-82BD-35E72F2FBC7B.PNG";"";"Incertain";"marque non détectée, image non vin"
"70000000-0000-0000-0000-0000700000ee";"Hennessy Coffee";"Hennessy — Hennessy Coffee";"Hennessy";"Spiritueux";"Whisky";"";"";"700ml";"";"hennessy-hennessy-coffee-238";"hennessy-hennessy-coffee";"";"177.00";"";"Supabase";"/images/terminal-3/spirits/whisky/E2EBB10A-664E-4605-8989-21C0A1514B72.PNG";"";"Incertain";"sous-catégorie incohérente: DB=LIQUEUR image=Whisky"
"70000000-0000-0000-0000-0000700000ef";"Remy Martin";"Remy Martin — Remy Martin";"Remy Martin";"Spiritueux";"Whisky";"";"";"700ml";"";"remy-martin-remy-martin-239";"remy-martin-remy-martin";"";"178.00";"";"Supabase";"/images/terminal-3/spirits/whisky/E3CA2C10-2EA5-4AAD-9B14-E380391E8013.PNG";"";"Incertain";"sous-catégorie incohérente: DB=ARAK image=Whisky"
"70000000-0000-0000-0000-0000700000f0";"Syrah 2018";"Syrah 2018";"";"Vins";"Whisky";"2018";"";"750ml";"";"domaine-du-castel-syrah-2018-240";"syrah-2018";"";"79.00";"";"Supabase";"/images/terminal-3/spirits/whisky/E61D3573-3AE2-4D5E-B0FA-C8B6446F898F.PNG";"";"Incertain";"marque non détectée, image non vin"
"70000000-0000-0000-0000-0000700000f1";"Havana Club V.S.O.P";"Havana — Havana Club V.S.O.P";"Havana";"Spiritueux";"Whisky";"";"";"700ml";"";"havana-club-havana-club-v-s-o-p-241";"havana-havana-club-v-s-o-p";"";"180.00";"";"Supabase";"/images/terminal-3/spirits/whisky/E7BAB63A-1B17-4F15-A0CF-27574FB1D1E0.PNG";"";"Incertain";"sous-catégorie incohérente: DB=COGNAC image=Whisky"
"70000000-0000-0000-0000-0000700000f2";"Bacardi Épice";"Bacardi — Bacardi Épice";"Bacardi";"Spiritueux";"Whisky";"";"";"700ml";"";"bacardi-bacardi-epice-242";"bacardi-bacardi-epice";"";"181.00";"";"Supabase";"/images/terminal-3/spirits/whisky/E85C2754-5339-4FEC-9264-3FF7E1330E52.PNG";"";"Incertain";"sous-catégorie incohérente: DB=RHUM image=Whisky"
"70000000-0000-0000-0000-0000700000f3";"Rouge de Galilée 2021";"Rouge de Galilée 2021";"";"Vins";"Whisky";"2021";"";"750ml";"";"carmel-rouge-de-galilee-2021-243";"rouge-de-galilee-2021";"";"82.00";"";"Supabase";"/images/terminal-3/spirits/whisky/EAC70FBA-8EC8-42E8-B382-CDEF8D5D491B.PNG";"";"Incertain";"marque non détectée, image non vin"
"70000000-0000-0000-0000-0000700000f4";"Don Julio";"Don Julio — Don Julio";"Don Julio";"Spiritueux";"Whisky";"";"";"700ml";"";"don-julio-don-julio-244";"don-julio-don-julio";"";"183.00";"";"Supabase";"/images/terminal-3/spirits/whisky/EC1D307E-EC48-4004-BD96-648D985C54A2.PNG";"";"Incertain";"sous-catégorie incohérente: DB=VODKA image=Whisky"
"70000000-0000-0000-0000-0000700000f5";"Patrón London Dry";"Patrón — Patrón London Dry";"Patrón";"Spiritueux";"Whisky";"";"";"700ml";"";"patron-patron-london-dry-245";"patron-patron-london-dry";"";"184.00";"";"Supabase";"/images/terminal-3/spirits/whisky/ECE634FB-53AC-42E6-9463-C00BDA37A4EE.PNG";"";"Incertain";"sous-catégorie incohérente: DB=GIN image=Whisky"
"70000000-0000-0000-0000-0000700000f6";"Rosé 2024";"Rosé — Rosé 2024";"Rosé";"Vins";"Whisky";"2024";"";"750ml";"";"galil-mountain-rose-2024-246";"rose-rose-2024";"";"85.00";"";"Supabase";"/images/terminal-3/spirits/whisky/EE2C220F-A837-4076-A341-030497C4D507.PNG";"";"Incertain";"image non vin"
"70000000-0000-0000-0000-0000700000f7";"Grey Goose Gold";"Grey Goose — Grey Goose Gold";"Grey Goose";"Spiritueux";"Whisky";"";"";"700ml";"";"grey-goose-grey-goose-gold-247";"grey-goose-grey-goose-gold";"";"186.00";"";"Supabase";"/images/terminal-3/spirits/whisky/EE531919-37DD-402A-A1BA-D3B648AF8FE1.PNG";"";"Incertain";"sous-catégorie incohérente: DB=ARAK image=Whisky"
"70000000-0000-0000-0000-0000700000f8";"Belvedere Reserve";"Belvedere — Belvedere Reserve";"Belvedere";"Spiritueux";"Whisky";"";"";"700ml";"";"belvedere-belvedere-reserve-248";"belvedere-belvedere-reserve";"";"187.00";"";"Supabase";"/images/terminal-3/spirits/whisky/EF790DA2-F5CB-40DA-877A-E676E04EB475.PNG";"";"Incertain";"sous-catégorie incohérente: DB=WHISKY image=Whisky"
"70000000-0000-0000-0000-0000700000f9";"Viognier 2027";"Viognier 2027";"";"Vins";"Whisky";"2027";"";"750ml";"";"shiloh-viognier-2027-249";"viognier-2027";"";"88.00";"";"Supabase";"/images/terminal-3/spirits/whisky/F0ED0A4B-995D-4EFA-A7E3-755D21D3127C.PNG";"";"Incertain";"marque non détectée, image non vin"
"70000000-0000-0000-0000-000070000105";"Rouge de Galilée 2019";"Rouge de Galilée 2019";"";"Vins";"Whisky";"2019";"";"750ml";"";"galil-mountain-rouge-de-galilee-2019-261";"rouge-de-galilee-2019";"";"100.00";"";"Supabase";"/images/terminal-3/spirits/whisky/spirit-whisky-02.webp";"";"Incertain";"marque non détectée, image non vin"
"70000000-0000-0000-0000-000070000106";"Canadian Club Orange";"Canadian Club — Canadian Club Orange";"Canadian Club";"Spiritueux";"Whisky";"";"";"700ml";"";"canadian-club-canadian-club-orange-262";"canadian-club-canadian-club-orange";"";"201.00";"";"Supabase";"/images/terminal-3/spirits/whisky/spirit-whisky-03.webp";"";"Incertain";"sous-catégorie incohérente: DB=LIQUEUR image=Whisky"
"70000000-0000-0000-0000-000070000107";"Ballantine's Anisé";"Ballantine's — Ballantine's Anisé";"Ballantine's";"Spiritueux";"Whisky";"";"";"700ml";"";"ballantine-s-ballantine-s-anise-263";"ballantine-s-ballantine-s-anise";"";"202.00";"";"Supabase";"/images/terminal-3/spirits/whisky/spirit-whisky-04.webp";"";"Incertain";"sous-catégorie incohérente: DB=ARAK image=Whisky"
"70000000-0000-0000-0000-000070000108";"Rosé 2022";"Rosé — Rosé 2022";"Rosé";"Vins";"Whisky";"2022";"";"750ml";"";"shiloh-rose-2022-264";"rose-rose-2022";"";"103.00";"";"Supabase";"/images/terminal-3/spirits/whisky/spirit-whisky-05.webp";"";"Incertain";"image non vin"
"70000000-0000-0000-0000-000070000109";"Teacher's V.S.O.P";"Teacher's — Teacher's V.S.O.P";"Teacher's";"Spiritueux";"Whisky";"";"";"700ml";"";"teacher-s-teacher-s-v-s-o-p-265";"teacher-s-teacher-s-v-s-o-p";"";"204.00";"";"Supabase";"/images/terminal-3/spirits/whisky/spirit-whisky-06.webp";"";"Incertain";"sous-catégorie incohérente: DB=COGNAC image=Whisky"
"70000000-0000-0000-0000-00007000010a";"Dewar's 7 ans";"Dewar's — Dewar's 7 ans";"Dewar's";"Spiritueux";"Whisky";"";"7";"700ml";"";"dewar-s-dewar-s-7-ans-266";"dewar-s-dewar-s-7-ans";"";"205.00";"";"Supabase";"/images/terminal-3/spirits/whisky/spirit-whisky-07.webp";"";"Incertain";"sous-catégorie incohérente: DB=RHUM image=Whisky"
"70000000-0000-0000-0000-00007000010b";"Viognier 2025";"Viognier 2025";"";"Vins";"Whisky";"2025";"";"750ml";"";"recanati-viognier-2025-267";"viognier-2025";"";"106.00";"";"Supabase";"/images/terminal-3/spirits/whisky/spirit-whisky-08.webp";"";"Incertain";"marque non détectée, image non vin"
"70000000-0000-0000-0000-00007000010c";"Tullamore Dew Berry";"Tullamore — Tullamore Dew Berry";"Tullamore";"Spiritueux";"Whisky";"";"";"700ml";"";"tullamore-dew-tullamore-dew-berry-268";"tullamore-tullamore-dew-berry";"";"207.00";"";"Supabase";"/images/terminal-3/spirits/whisky/spirit-whisky-09.webp";"";"Incertain";"sous-catégorie incohérente: DB=VODKA image=Whisky"
"70000000-0000-0000-0000-000070000112";"Stolichnaya 12 ans";"Stolichnaya — Stolichnaya 12 ans";"Stolichnaya";"Spiritueux";"Yarden";"";"12";"700ml";"";"stolichnaya-stolichnaya-12-ans-274";"stolichnaya-stolichnaya-12-ans";"";"213.00";"";"Supabase";"/images/terminal-3/wines/yarden/wines-yarden-03.webp";"";"Incertain";"image non spiritueux, sous-catégorie incohérente: DB=RHUM image=Yarden"
"70000000-0000-0000-0000-000070000113";"Smirnoff Blanco";"Smirnoff — Smirnoff Blanco";"Smirnoff";"Spiritueux";"Yarden";"";"";"700ml";"";"smirnoff-smirnoff-blanco-275";"smirnoff-smirnoff-blanco";"";"214.00";"";"Supabase";"/images/terminal-3/wines/yarden/wines-yarden-04.webp";"";"Incertain";"image non spiritueux, sous-catégorie incohérente: DB=TEQUILA image=Yarden"
"70000000-0000-0000-0000-000070000114";"Syrah 2034";"Syrah 2034";"";"Vins";"Yarden";"2034";"";"750ml";"";"galil-mountain-syrah-2034-276";"syrah-2034";"";"115.00";"";"Supabase";"/images/terminal-3/wines/yarden/wines-yarden-05.webp";"";"Incertain";"marque non détectée"
"70000000-0000-0000-0000-0000700001ef";"Rouge de Galilée 2031";"Rouge de Galilée 2031";"";"Vins";"Whisky";"2031";"";"750ml";"";"domaine-du-castel-rouge-de-galilee-2031-495";"rouge-de-galilee-2031";"";"94.00";"";"Supabase";"/images/terminal-3/spirits/whisky/DE9CBC48-CEBA-46FD-82F2-B7C71EB19C10.PNG";"";"Incertain";"marque non détectée, image non vin"
"70000000-0000-0000-0000-0000700001f0";"Famous Grouse";"Famous — Famous Grouse";"Famous";"Spiritueux";"Whisky";"";"";"700ml";"";"famous-grouse-famous-grouse-496";"famous-famous-grouse";"";"135.00";"";"Supabase";"/images/terminal-3/spirits/whisky/DF87F93C-61FE-47F1-9396-3F9CD37DCD3D.PNG";"";"Incertain";"sous-catégorie incohérente: DB=WHISKY image=Whisky"
"70000000-0000-0000-0000-0000700001f1";"Teacher's";"Teacher's — Teacher's";"Teacher's";"Spiritueux";"Whisky";"";"";"700ml";"";"teacher-s-teacher-s-497";"teacher-s-teacher-s";"";"136.00";"";"Supabase";"/images/terminal-3/spirits/whisky/E11D9656-AB8E-4240-8A94-CD64B7751016.PNG";"";"Incertain";"sous-catégorie incohérente: DB=COGNAC image=Whisky"
"70000000-0000-0000-0000-0000700001f2";"Rosé 2034";"Rosé — Rosé 2034";"Rosé";"Vins";"Whisky";"2034";"";"750ml";"";"carmel-rose-2034-498";"rose-rose-2034";"";"97.00";"";"Supabase";"/images/terminal-3/spirits/whisky/E1871D54-24C5-4FE3-A776-6D034437F1B4.PNG";"";"Incertain";"image non vin"
"70000000-0000-0000-0000-0000700001f3";"Bushmills";"Bushmills — Bushmills";"Bushmills";"Spiritueux";"Whisky";"";"";"700ml";"";"bushmills-bushmills-499";"bushmills-bushmills";"";"138.00";"";"Supabase";"/images/terminal-3/spirits/whisky/E2281AA8-C639-4F57-82BD-35E72F2FBC7B.PNG";"";"Incertain";"sous-catégorie incohérente: DB=TEQUILA image=Whisky"
"70000000-0000-0000-0000-0000700001f4";"Tullamore Dew Original";"Tullamore — Tullamore Dew Original";"Tullamore";"Spiritueux";"Whisky";"";"";"700ml";"";"tullamore-dew-tullamore-dew-original-500";"tullamore-tullamore-dew-original";"";"139.00";"";"Supabase";"/images/terminal-3/spirits/whisky/E2EBB10A-664E-4605-8989-21C0A1514B72.PNG";"";"Incertain";"sous-catégorie incohérente: DB=VODKA image=Whisky"
"70000000-0000-0000-0000-0000700001f5";"Viognier 2037";"Viognier 2037";"";"Vins";"Whisky";"2037";"";"750ml";"";"galil-mountain-viognier-2037-501";"viognier-2037";"";"100.00";"";"Supabase";"/images/terminal-3/spirits/whisky/E3CA2C10-2EA5-4AAD-9B14-E380391E8013.PNG";"";"Incertain";"marque non détectée, image non vin"
"70000000-0000-0000-0000-0000700001f6";"Khvanchkara Orange";"Khvanchkara — Khvanchkara Orange";"Khvanchkara";"Spiritueux";"Whisky";"";"";"700ml";"";"khvanchkara-khvanchkara-orange-502";"khvanchkara-khvanchkara-orange";"";"141.00";"";"Supabase";"/images/terminal-3/spirits/whisky/E61D3573-3AE2-4D5E-B0FA-C8B6446F898F.PNG";"";"Incertain";"sous-catégorie incohérente: DB=LIQUEUR image=Whisky"
"70000000-0000-0000-0000-00007000000b";"Mount Gay Reposado";"Mount — Mount Gay Reposado";"Mount";"Spiritueux";"Yarden";"";"";"";"";"mount-gay-mount-gay-reposado-11";"mount-mount-gay-reposado";"";"100.00";"";"Supabase";"/images/terminal-3/wines/yarden/wines-yarden-02.webp";"";"Incertain";"image non spiritueux, sous-catégorie incohérente: DB=TEQUILA image=Yarden"
"70000000-0000-0000-0000-0000700001f7";"Ketel One Anisé";"Ketel — Ketel One Anisé";"Ketel";"Spiritueux";"Whisky";"";"";"700ml";"";"ketel-one-ketel-one-anise-503";"ketel-ketel-one-anise";"";"142.00";"";"Supabase";"/images/terminal-3/spirits/whisky/E7BAB63A-1B17-4F15-A0CF-27574FB1D1E0.PNG";"";"Incertain";"sous-catégorie incohérente: DB=ARAK image=Whisky"
"70000000-0000-0000-0000-0000700001f8";"Petit Castel 2020";"Castel — Petit Castel 2020";"Castel";"Vins";"Whisky";"2020";"";"750ml";"";"shiloh-petit-castel-2020-504";"castel-petit-castel-2020";"";"103.00";"";"Supabase";"/images/terminal-3/spirits/whisky/E85C2754-5339-4FEC-9264-3FF7E1330E52.PNG";"";"Incertain";"image non vin"
"70000000-0000-0000-0000-0000700001f9";"Beluga V.S.O.P";"Beluga — Beluga V.S.O.P";"Beluga";"Spiritueux";"Whisky";"";"";"700ml";"";"beluga-beluga-v-s-o-p-505";"beluga-beluga-v-s-o-p";"";"144.00";"";"Supabase";"/images/terminal-3/spirits/whisky/EAC70FBA-8EC8-42E8-B382-CDEF8D5D491B.PNG";"";"Incertain";"sous-catégorie incohérente: DB=COGNAC image=Whisky"
"70000000-0000-0000-0000-0000700001fa";"Stolichnaya 15 ans";"Stolichnaya — Stolichnaya 15 ans";"Stolichnaya";"Spiritueux";"Whisky";"";"15";"700ml";"";"stolichnaya-stolichnaya-15-ans-506";"stolichnaya-stolichnaya-15-ans";"";"145.00";"";"Supabase";"/images/terminal-3/spirits/whisky/EC1D307E-EC48-4004-BD96-648D985C54A2.PNG";"";"Incertain";"sous-catégorie incohérente: DB=RHUM image=Whisky"
"70000000-0000-0000-0000-00007000000c";"Rosé 2030";"Rosé — Rosé 2030";"Rosé";"Vins";"Yarden";"2030";"";"";"";"recanati-rose-2030-12";"rose-rose-2030";"";"91.00";"";"Supabase";"/images/terminal-3/wines/yarden/wines-yarden-03.webp";"";"Certain";""
"70000000-0000-0000-0000-00007000000d";"Patrón Mediterranean";"Patrón — Patrón Mediterranean";"Patrón";"Spiritueux";"Yarden";"";"";"";"";"patron-patron-mediterranean-13";"patron-patron-mediterranean";"";"102.00";"";"Supabase";"/images/terminal-3/wines/yarden/wines-yarden-04.webp";"";"Incertain";"image non spiritueux, sous-catégorie incohérente: DB=GIN image=Yarden"
"70000000-0000-0000-0000-00007000000e";"Jose Cuervo";"Jose — Jose Cuervo";"Jose";"Spiritueux";"Yarden";"";"";"";"";"jose-cuervo-jose-cuervo-14";"jose-jose-cuervo";"";"103.00";"";"Supabase";"/images/terminal-3/wines/yarden/wines-yarden-05.webp";"";"Incertain";"image non spiritueux, sous-catégorie incohérente: DB=LIQUEUR image=Yarden"
"70000000-0000-0000-0000-00007000000f";"Viognier 2033";"Viognier 2033";"";"Vins";"Yarden";"2033";"";"";"";"domaine-du-castel-viognier-2033-15";"viognier-2033";"";"94.00";"";"Supabase";"/images/terminal-3/wines/yarden/wines-yarden-06.webp";"";"Incertain";"marque non détectée"
"70000000-0000-0000-0000-000070000010";"Belvedere 18 ans";"Belvedere — Belvedere 18 ans";"Belvedere";"Spiritueux";"Yarden";"";"18";"";"";"belvedere-belvedere-18-ans-16";"belvedere-belvedere-18-ans";"";"105.00";"";"Supabase";"/images/terminal-3/wines/yarden/wines-yarden-07.webp";"";"Incertain";"image non spiritueux, sous-catégorie incohérente: DB=WHISKY image=Yarden"
"70000000-0000-0000-0000-000070000011";"Absolut";"Absolut — Absolut";"Absolut";"Spiritueux";"Yarden";"";"";"";"";"absolut-absolut-17";"absolut-absolut";"";"106.00";"";"Supabase";"/images/terminal-3/wines/yarden/wines-yarden-08.webp";"";"Incertain";"image non spiritueux, sous-catégorie incohérente: DB=COGNAC image=Yarden"
"70000000-0000-0000-0000-000070000012";"Petit Castel 2036";"Castel — Petit Castel 2036";"Castel";"Vins";"Yarden";"2036";"";"";"";"carmel-petit-castel-2036-18";"castel-petit-castel-2036";"";"97.00";"";"Supabase";"/images/terminal-3/wines/yarden/wines-yarden-09.webp";"";"Certain";""
"70000000-0000-0000-0000-00007000010d";"Ararat";"Ararat — Ararat";"Ararat";"Spiritueux";"Whisky";"";"";"700ml";"";"ararat-ararat-269";"ararat-ararat";"";"208.00";"";"Supabase";"/images/terminal-3/spirits/whisky/spirit-whisky-10.webp";"";"Incertain";"sous-catégorie incohérente: DB=GIN image=Whisky"
"70000000-0000-0000-0000-00007000010e";"Petit Castel 2028";"Castel — Petit Castel 2028";"Castel";"Vins";"Whisky";"2028";"";"750ml";"";"domaine-du-castel-petit-castel-2028-270";"castel-petit-castel-2028";"";"109.00";"";"Supabase";"/images/terminal-3/spirits/whisky/spirit-whisky-11.webp";"";"Incertain";"image non vin"
"70000000-0000-0000-0000-00007000010f";"Ketel One Classic";"Ketel — Ketel One Classic";"Ketel";"Spiritueux";"Castel";"";"";"700ml";"";"ketel-one-ketel-one-classic-271";"ketel-ketel-one-classic";"";"210.00";"";"Supabase";"/images/terminal-3/wines/castel/petit-castel-2020.png";"";"Incertain";"image non spiritueux, sous-catégorie incohérente: DB=ARAK image=Castel"
"70000000-0000-0000-0000-000070000110";"Cîroc";"Cîroc — Cîroc";"Cîroc";"Spiritueux";"Yarden";"";"";"700ml";"";"ciroc-ciroc-272";"ciroc-ciroc";"";"211.00";"";"Supabase";"/images/terminal-3/wines/yarden/wines-yarden-01.webp";"";"Incertain";"image non spiritueux, sous-catégorie incohérente: DB=WHISKY image=Yarden"
"70000000-0000-0000-0000-000070000116";"Amarula Coffee";"Amarula — Amarula Coffee";"Amarula";"Spiritueux";"Yarden";"";"";"700ml";"";"amarula-amarula-coffee-278";"amarula-amarula-coffee";"";"217.00";"";"Supabase";"/images/terminal-3/wines/yarden/wines-yarden-07.webp";"";"Incertain";"image non spiritueux, sous-catégorie incohérente: DB=LIQUEUR image=Yarden"
"70000000-0000-0000-0000-000070000117";"Rouge de Galilée 2037";"Rouge de Galilée 2037";"";"Vins";"Yarden";"2037";"";"750ml";"";"shiloh-rouge-de-galilee-2037-279";"rouge-de-galilee-2037";"";"118.00";"";"Supabase";"/images/terminal-3/wines/yarden/wines-yarden-08.webp";"";"Incertain";"marque non détectée"
"70000000-0000-0000-0000-000070000118";"Grand Marnier 12 ans";"Grand Marnier — Grand Marnier 12 ans";"Grand Marnier";"Spiritueux";"Yarden";"";"12";"700ml";"";"grand-marnier-grand-marnier-12-ans-280";"grand-marnier-grand-marnier-12-ans";"";"219.00";"";"Supabase";"/images/terminal-3/wines/yarden/wines-yarden-09.webp";"";"Incertain";"image non spiritueux, sous-catégorie incohérente: DB=WHISKY image=Yarden"
"70000000-0000-0000-0000-000070000119";"Campari";"Campari — Campari";"Campari";"Spiritueux";"Yarden";"";"";"700ml";"";"campari-campari-281";"campari-campari";"";"220.00";"";"Supabase";"/images/terminal-3/wines/yarden/wines-yarden-10.webp";"";"Incertain";"image non spiritueux, sous-catégorie incohérente: DB=COGNAC image=Yarden"
"70000000-0000-0000-0000-0000700001fb";"Merlot 2023";"Merlot 2023";"";"Vins";"Whisky";"2023";"";"750ml";"";"recanati-merlot-2023-507";"merlot-2023";"";"106.00";"";"Supabase";"/images/terminal-3/spirits/whisky/ECE634FB-53AC-42E6-9463-C00BDA37A4EE.PNG";"";"Incertain";"marque non détectée, image non vin"
"70000000-0000-0000-0000-000070000013";"Tanqueray";"Tanqueray — Tanqueray";"Tanqueray";"Spiritueux";"Yarden";"";"";"";"";"tanqueray-tanqueray-19";"tanqueray-tanqueray";"";"108.00";"";"Supabase";"/images/terminal-3/wines/yarden/wines-yarden-10.webp";"";"Incertain";"image non spiritueux, sous-catégorie incohérente: DB=TEQUILA image=Yarden"
"70000000-0000-0000-0000-0000700000d6";"Cîroc";"Cîroc — Cîroc";"Cîroc";"Spiritueux";"Whisky";"";"";"700ml";"";"ciroc-ciroc-214";"ciroc-ciroc";"";"153.00";"";"Supabase";"/images/terminal-3/spirits/whisky/C383A7CB-7A43-4DFD-A8DA-BC025E0FAFE1.PNG";"";"Incertain";"sous-catégorie incohérente: DB=LIQUEUR image=Whisky"
"70000000-0000-0000-0000-000070000115";"Kahlúa Floral";"Kahlúa — Kahlúa Floral";"Kahlúa";"Spiritueux";"Yarden";"";"";"700ml";"";"kahlua-kahlua-floral-277";"kahlua-kahlua-floral";"";"216.00";"";"Supabase";"/images/terminal-3/wines/yarden/wines-yarden-06.webp";"";"Incertain";"image non spiritueux, sous-catégorie incohérente: DB=GIN image=Yarden"
"70000000-0000-0000-0000-00007000011a";"Rosé 2020";"Rosé — Rosé 2020";"Rosé";"Vins";"Yarden";"2020";"";"750ml";"";"recanati-rose-2020-282";"rose-rose-2020";"";"121.00";"";"Supabase";"/images/terminal-3/wines/yarden/wines-yarden-11.webp";"";"Certain";""
"70000000-0000-0000-0000-00007000011b";"Ricard Extra Añejo";"Ricard — Ricard Extra Añejo";"Ricard";"Spiritueux";"Yarden";"";"";"700ml";"";"ricard-ricard-extra-anejo-283";"ricard-ricard-extra-anejo";"";"222.00";"";"Supabase";"/images/terminal-3/wines/yarden/wines-yarden-12.webp";"";"Incertain";"image non spiritueux, sous-catégorie incohérente: DB=TEQUILA image=Yarden"
"70000000-0000-0000-0000-00007000011c";"Pernod";"Pernod — Pernod";"Pernod";"Spiritueux";"Yarden";"";"";"700ml";"";"pernod-pernod-284";"pernod-pernod";"";"223.00";"";"Supabase";"/images/terminal-3/wines/yarden/wines-yarden-13.webp";"";"Incertain";"image non spiritueux, sous-catégorie incohérente: DB=VODKA image=Yarden"
"70000000-0000-0000-0000-00007000011d";"Viognier 2023";"Viognier 2023";"";"Vins";"Yarden";"2023";"";"750ml";"";"domaine-du-castel-viognier-2023-285";"viognier-2023";"";"124.00";"";"Supabase";"/images/terminal-3/wines/yarden/wines-yarden-14.webp";"";"Incertain";"marque non détectée"
"70000000-0000-0000-0000-00007000011e";"Arak Elite Cream";"Arak — Arak Elite Cream";"Arak";"Spiritueux";"Yarden";"";"";"700ml";"";"arak-elite-arak-elite-cream-286";"arak-arak-elite-cream";"";"225.00";"";"Supabase";"/images/terminal-3/wines/yarden/wines-yarden-15.webp";"";"Incertain";"image non spiritueux, sous-catégorie incohérente: DB=LIQUEUR image=Yarden"
"70000000-0000-0000-0000-00007000011f";"Askalon Gold";"Askalon — Askalon Gold";"Askalon";"Spiritueux";"Yarden";"";"";"700ml";"";"askalon-askalon-gold-287";"askalon-askalon-gold";"";"226.00";"";"Supabase";"/images/terminal-3/wines/yarden/wines-yarden-16.webp";"";"Incertain";"image non spiritueux, sous-catégorie incohérente: DB=ARAK image=Yarden"
"70000000-0000-0000-0000-000070000120";"Petit Castel 2026";"Castel — Petit Castel 2026";"Castel";"Vins";"Yarden";"2026";"";"750ml";"";"carmel-petit-castel-2026-288";"castel-petit-castel-2026";"";"127.00";"";"Supabase";"/images/terminal-3/wines/yarden/wines-yarden-17.webp";"";"Certain";""
"70000000-0000-0000-0000-000070000121";"Jägermeister V.S.O.P";"Jägermeister — Jägermeister V.S.O.P";"Jägermeister";"Spiritueux";"Yarden";"";"";"700ml";"";"jagermeister-jagermeister-v-s-o-p-289";"jagermeister-jagermeister-v-s-o-p";"";"228.00";"";"Supabase";"/images/terminal-3/wines/yarden/wines-yarden-18.webp";"";"Incertain";"image non spiritueux, sous-catégorie incohérente: DB=COGNAC image=Yarden"
"70000000-0000-0000-0000-000070000122";"Chivas Regal Blanc";"Chivas Regal — Chivas Regal Blanc";"Chivas Regal";"Spiritueux";"Autres vins";"";"";"700ml";"";"chivas-regal-chivas-regal-blanc-290";"chivas-regal-chivas-regal-blanc";"";"229.00";"";"Supabase";"/images/terminal-3/wines/other-brands/wine-other-brand-01.webp";"";"Incertain";"image non spiritueux, sous-catégorie incohérente: DB=RHUM image=Autres vins"
"70000000-0000-0000-0000-000070000123";"Merlot 2029";"Merlot 2029";"";"Vins";"Autres vins";"2029";"";"750ml";"";"galil-mountain-merlot-2029-291";"merlot-2029";"";"130.00";"";"Supabase";"/images/terminal-3/wines/other-brands/wine-other-brand-02.webp";"";"Incertain";"marque non détectée"
"70000000-0000-0000-0000-000070000124";"Glenlivet Vanilla";"Glenlivet — Glenlivet Vanilla";"Glenlivet";"Spiritueux";"Autres vins";"";"";"700ml";"";"glenlivet-glenlivet-vanilla-292";"glenlivet-glenlivet-vanilla";"";"231.00";"";"Supabase";"/images/terminal-3/wines/other-brands/wine-other-brand-03.webp";"";"Incertain";"image non spiritueux, sous-catégorie incohérente: DB=VODKA image=Autres vins"
"70000000-0000-0000-0000-000070000125";"Johnnie Walker Mediterranean";"Johnnie Walker — Johnnie Walker Mediterranean";"Johnnie Walker";"Spiritueux";"Autres vins";"";"";"700ml";"";"johnnie-walker-johnnie-walker-mediterranean-293";"johnnie-walker-johnnie-walker-mediterranean";"";"232.00";"";"Supabase";"/images/terminal-3/wines/other-brands/wine-other-brand-04.webp";"";"Incertain";"image non spiritueux, sous-catégorie incohérente: DB=GIN image=Autres vins"
"70000000-0000-0000-0000-000070000126";"Syrah 2032";"Syrah 2032";"";"Vins";"Autres vins";"2032";"";"750ml";"";"shiloh-syrah-2032-294";"syrah-2032";"";"133.00";"";"Supabase";"/images/terminal-3/wines/other-brands/wine-other-brand-05.webp";"";"Incertain";"marque non détectée"
"70000000-0000-0000-0000-000070000127";"Jameson Elite";"Jameson — Jameson Elite";"Jameson";"Spiritueux";"Autres vins";"";"";"700ml";"";"jameson-jameson-elite-295";"jameson-jameson-elite";"";"234.00";"";"Supabase";"/images/terminal-3/wines/other-brands/wine-other-brand-06.webp";"";"Incertain";"image non spiritueux, sous-catégorie incohérente: DB=ARAK image=Autres vins"
"70000000-0000-0000-0000-0000700001fc";"Baileys Berry";"Baileys — Baileys Berry";"Baileys";"Spiritueux";"Whisky";"";"";"700ml";"";"baileys-baileys-berry-508";"baileys-baileys-berry";"";"147.00";"";"Supabase";"/images/terminal-3/spirits/whisky/EE2C220F-A837-4076-A341-030497C4D507.PNG";"";"Incertain";"sous-catégorie incohérente: DB=VODKA image=Whisky"
"70000000-0000-0000-0000-000070000128";"Hennessy 18 ans";"Hennessy — Hennessy 18 ans";"Hennessy";"Spiritueux";"Autres vins";"";"18";"700ml";"";"hennessy-hennessy-18-ans-296";"hennessy-hennessy-18-ans";"";"235.00";"";"Supabase";"/images/terminal-3/wines/other-brands/wine-other-brand-07.webp";"";"Incertain";"image non spiritueux, sous-catégorie incohérente: DB=WHISKY image=Autres vins"
"70000000-0000-0000-0000-0000700001fd";"Kahlúa";"Kahlúa — Kahlúa";"Kahlúa";"Spiritueux";"Whisky";"";"";"700ml";"";"kahlua-kahlua-509";"kahlua-kahlua";"";"148.00";"";"Supabase";"/images/terminal-3/spirits/whisky/EE531919-37DD-402A-A1BA-D3B648AF8FE1.PNG";"";"Incertain";"sous-catégorie incohérente: DB=GIN image=Whisky"
"70000000-0000-0000-0000-0000700001fe";"Syrah 2026";"Syrah 2026";"";"Vins";"Whisky";"2026";"";"750ml";"";"domaine-du-castel-syrah-2026-510";"syrah-2026";"";"109.00";"";"Supabase";"/images/terminal-3/spirits/whisky/EF790DA2-F5CB-40DA-877A-E676E04EB475.PNG";"";"Incertain";"marque non détectée, image non vin"
"70000000-0000-0000-0000-0000700001ff";"Cointreau Classic";"Cointreau — Cointreau Classic";"Cointreau";"Spiritueux";"Whisky";"";"";"700ml";"";"cointreau-cointreau-classic-511";"cointreau-cointreau-classic";"";"150.00";"";"Supabase";"/images/terminal-3/spirits/whisky/F0ED0A4B-995D-4EFA-A7E3-755D21D3127C.PNG";"";"Incertain";"sous-catégorie incohérente: DB=ARAK image=Whisky"
"70000000-0000-0000-0000-000070000014";"Hendrick's Original";"Hendrick's — Hendrick's Original";"Hendrick's";"Spiritueux";"Yarden";"";"";"";"";"hendrick-s-hendrick-s-original-20";"hendrick-s-hendrick-s-original";"";"109.00";"";"Supabase";"/images/terminal-3/wines/yarden/wines-yarden-11.webp";"";"Incertain";"image non spiritueux, sous-catégorie incohérente: DB=VODKA image=Yarden"
"70000000-0000-0000-0000-000070000015";"Merlot 2019";"Merlot 2019";"";"Vins";"Yarden";"2019";"";"";"";"galil-mountain-merlot-2019-21";"merlot-2019";"";"100.00";"";"Supabase";"/images/terminal-3/wines/yarden/wines-yarden-12.webp";"";"Incertain";"marque non détectée"
"70000000-0000-0000-0000-000070000129";"Rouge de Galilée 2035";"Rouge de Galilée 2035";"";"Vins";"Autres vins";"2035";"";"750ml";"";"recanati-rouge-de-galilee-2035-297";"rouge-de-galilee-2035";"";"136.00";"";"Supabase";"/images/terminal-3/wines/other-brands/wine-other-brand-08.webp";"";"Incertain";"marque non détectée"
"70000000-0000-0000-0000-00007000012a";"Courvoisier Épice";"Courvoisier — Courvoisier Épice";"Courvoisier";"Spiritueux";"Autres vins";"";"";"700ml";"";"courvoisier-courvoisier-epice-298";"courvoisier-courvoisier-epice";"";"237.00";"";"Supabase";"/images/terminal-3/wines/other-brands/wine-other-brand-09.webp";"";"Incertain";"image non spiritueux, sous-catégorie incohérente: DB=RHUM image=Autres vins"
"70000000-0000-0000-0000-00007000012b";"Havana Club";"Havana — Havana Club";"Havana";"Spiritueux";"Autres vins";"";"";"700ml";"";"havana-club-havana-club-299";"havana-havana-club";"";"238.00";"";"Supabase";"/images/terminal-3/wines/other-brands/wine-other-brand-10.webp";"";"Incertain";"image non spiritueux, sous-catégorie incohérente: DB=TEQUILA image=Autres vins"
"70000000-0000-0000-0000-000070000130";"Jose Cuervo Reserve";"Jose — Jose Cuervo Reserve";"Jose";"Spiritueux";"Autres vins";"";"";"700ml";"";"jose-cuervo-jose-cuervo-reserve-304";"jose-jose-cuervo-reserve";"";"93.00";"";"Supabase";"/images/terminal-3/wines/other-brands/wine-other-brand-15.webp";"";"Incertain";"image non spiritueux, sous-catégorie incohérente: DB=WHISKY image=Autres vins"
"70000000-0000-0000-0000-000070000131";"Grey Goose";"Grey Goose — Grey Goose";"Grey Goose";"Spiritueux";"Autres vins";"";"";"700ml";"";"grey-goose-grey-goose-305";"grey-goose-grey-goose";"";"94.00";"";"Supabase";"/images/terminal-3/wines/other-brands/wine-other-brand-16.webp";"";"Incertain";"image non spiritueux, sous-catégorie incohérente: DB=COGNAC image=Autres vins"
"70000000-0000-0000-0000-000070000132";"Petit Castel 2024";"Castel — Petit Castel 2024";"Castel";"Vins";"Autres vins";"2024";"";"750ml";"";"galil-mountain-petit-castel-2024-306";"castel-petit-castel-2024";"";"85.00";"";"Supabase";"/images/terminal-3/wines/other-brands/wine-other-brand-17.webp";"";"Certain";""
"70000000-0000-0000-0000-000070000133";"Absolut Añejo";"Absolut — Absolut Añejo";"Absolut";"Spiritueux";"Autres vins";"";"";"700ml";"";"absolut-absolut-anejo-307";"absolut-absolut-anejo";"";"96.00";"";"Supabase";"/images/terminal-3/wines/other-brands/wine-other-brand-18.webp";"";"Incertain";"image non spiritueux, sous-catégorie incohérente: DB=TEQUILA image=Autres vins"
"70000000-0000-0000-0000-000070000200";"Grand Marnier 15 ans";"Grand Marnier — Grand Marnier 15 ans";"Grand Marnier";"Spiritueux";"Whisky";"";"15";"700ml";"";"grand-marnier-grand-marnier-15-ans-512";"grand-marnier-grand-marnier-15-ans";"";"151.00";"";"Supabase";"/images/terminal-3/spirits/whisky/F214B2C1-82C2-46C7-897E-78090749AE74.PNG";"";"Incertain";"sous-catégorie incohérente: DB=WHISKY image=Whisky"
"70000000-0000-0000-0000-000070000201";"Rouge de Galilée 2029";"Rouge de Galilée 2029";"";"Vins";"Whisky";"2029";"";"750ml";"";"carmel-rouge-de-galilee-2029-513";"rouge-de-galilee-2029";"";"112.00";"";"Supabase";"/images/terminal-3/spirits/whisky/F72C340F-02AB-4880-B4F6-ED42BD8DD5F2.PNG";"";"Incertain";"marque non détectée, image non vin"
"70000000-0000-0000-0000-000070000202";"Aperol Blanc";"Aperol — Aperol Blanc";"Aperol";"Spiritueux";"Whisky";"";"";"700ml";"";"aperol-aperol-blanc-514";"aperol-aperol-blanc";"";"153.00";"";"Supabase";"/images/terminal-3/spirits/whisky/F8A43CA7-0392-40D0-8FA6-83FDD30EB8DD.PNG";"";"Incertain";"sous-catégorie incohérente: DB=RHUM image=Whisky"
"70000000-0000-0000-0000-000070000203";"Ricard Blanco";"Ricard — Ricard Blanco";"Ricard";"Spiritueux";"Whisky";"";"";"700ml";"";"ricard-ricard-blanco-515";"ricard-ricard-blanco";"";"154.00";"";"Supabase";"/images/terminal-3/spirits/whisky/F9867067-E97B-407E-A767-175EFC9A3A73.PNG";"";"Incertain";"sous-catégorie incohérente: DB=TEQUILA image=Whisky"
"70000000-0000-0000-0000-000070000204";"Rosé 2032";"Rosé — Rosé 2032";"Rosé";"Vins";"Whisky";"2032";"";"750ml";"";"galil-mountain-rose-2032-516";"rose-rose-2032";"";"115.00";"";"Supabase";"/images/terminal-3/spirits/whisky/F9C87EB5-9D17-4BA6-BAC8-2869E97581F7.PNG";"";"Incertain";"image non vin"
"70000000-0000-0000-0000-000070000137";"Macallan Classic";"Macallan — Macallan Classic";"Macallan";"Spiritueux";"Autres vins";"";"";"700ml";"";"macallan-macallan-classic-311";"macallan-macallan-classic";"";"100.00";"";"Supabase";"/images/terminal-3/wines/other-brands/wine-other-brand-22.webp";"";"Incertain";"image non spiritueux, sous-catégorie incohérente: DB=ARAK image=Autres vins"
"70000000-0000-0000-0000-000070000138";"Syrah 2030";"Syrah 2030";"";"Vins";"Autres vins";"2030";"";"750ml";"";"recanati-syrah-2030-312";"syrah-2030";"";"91.00";"";"Supabase";"/images/terminal-3/wines/other-brands/wine-other-brand-23.webp";"";"Incertain";"marque non détectée"
"70000000-0000-0000-0000-000070000205";"Ouzo Floral";"Ouzo — Ouzo Floral";"Ouzo";"Spiritueux";"Whisky";"";"";"700ml";"";"ouzo-ouzo-floral-517";"ouzo-ouzo-floral";"";"156.00";"";"Supabase";"/images/terminal-3/spirits/whisky/FAA756F1-F7D8-40EC-804A-D6BB5EEBAFF4.PNG";"";"Incertain";"sous-catégorie incohérente: DB=GIN image=Whisky"
"70000000-0000-0000-0000-000070000206";"Arak Elite Coffee";"Arak — Arak Elite Coffee";"Arak";"Spiritueux";"Whisky";"";"";"700ml";"";"arak-elite-arak-elite-coffee-518";"arak-arak-elite-coffee";"";"157.00";"";"Supabase";"/images/terminal-3/spirits/whisky/FBE6F6AB-0489-4B34-B893-001C9936164D.PNG";"";"Incertain";"sous-catégorie incohérente: DB=LIQUEUR image=Whisky"
"70000000-0000-0000-0000-000070000139";"Lagavulin V.S.O.P";"Lagavulin — Lagavulin V.S.O.P";"Lagavulin";"Spiritueux";"Autres vins";"";"";"700ml";"";"lagavulin-lagavulin-v-s-o-p-313";"lagavulin-lagavulin-v-s-o-p";"";"102.00";"";"Supabase";"/images/terminal-3/wines/other-brands/wine-other-brand-24.webp";"";"Incertain";"image non spiritueux, sous-catégorie incohérente: DB=COGNAC image=Autres vins"
"70000000-0000-0000-0000-00007000013a";"Laphroaig";"Laphroaig — Laphroaig";"Laphroaig";"Spiritueux";"Autres vins";"";"";"700ml";"";"laphroaig-laphroaig-314";"laphroaig-laphroaig";"";"103.00";"";"Supabase";"/images/terminal-3/wines/other-brands/wine-other-brand-25.webp";"";"Incertain";"image non spiritueux, sous-catégorie incohérente: DB=RHUM image=Autres vins"
"70000000-0000-0000-0000-00007000013b";"Rouge de Galilée 2033";"Rouge de Galilée 2033";"";"Vins";"Autres vins";"2033";"";"750ml";"";"domaine-du-castel-rouge-de-galilee-2033-315";"rouge-de-galilee-2033";"";"94.00";"";"Supabase";"/images/terminal-3/wines/other-brands/wine-other-brand-26.webp";"";"Incertain";"marque non détectée"
"70000000-0000-0000-0000-00007000013c";"Yamazaki Citrus";"Yamazaki — Yamazaki Citrus";"Yamazaki";"Spiritueux";"Autres vins";"";"";"700ml";"";"yamazaki-yamazaki-citrus-316";"yamazaki-yamazaki-citrus";"";"105.00";"";"Supabase";"/images/terminal-3/wines/other-brands/wine-other-brand-27.webp";"";"Incertain";"image non spiritueux, sous-catégorie incohérente: DB=VODKA image=Autres vins"
"70000000-0000-0000-0000-00007000013d";"Hibiki Floral";"Hibiki — Hibiki Floral";"Hibiki";"Spiritueux";"Autres vins";"";"";"700ml";"";"hibiki-hibiki-floral-317";"hibiki-hibiki-floral";"";"106.00";"";"Supabase";"/images/terminal-3/wines/other-brands/wine-other-brand-28.webp";"";"Incertain";"image non spiritueux, sous-catégorie incohérente: DB=GIN image=Autres vins"
"70000000-0000-0000-0000-00007000013e";"Rosé 2036";"Rosé — Rosé 2036";"Rosé";"Vins";"Autres vins";"2036";"";"750ml";"";"carmel-rose-2036-318";"rose-rose-2036";"";"97.00";"";"Supabase";"/images/terminal-3/wines/other-brands/wine-other-brand-29.webp";"";"Certain";""
"70000000-0000-0000-0000-00007000013f";"Crown Royal";"Crown Royal — Crown Royal";"Crown Royal";"Spiritueux";"Autres vins";"";"";"700ml";"";"crown-royal-crown-royal-319";"crown-royal-crown-royal";"";"108.00";"";"Supabase";"/images/terminal-3/wines/other-brands/wine-other-brand-30.webp";"";"Incertain";"image non spiritueux, sous-catégorie incohérente: DB=ARAK image=Autres vins"
"70000000-0000-0000-0000-000070000140";"Canadian Club Distiller's Edition";"Canadian Club — Canadian Club Distiller's Edition";"Canadian Club";"Spiritueux";"Autres vins";"";"";"700ml";"";"canadian-club-canadian-club-distiller-s-edition-320";"canadian-club-canadian-club-distiller-s-edition";"";"109.00";"";"Supabase";"/images/terminal-3/wines/other-brands/wine-other-brand-31.webp";"";"Incertain";"image non spiritueux, sous-catégorie incohérente: DB=WHISKY image=Autres vins"
"70000000-0000-0000-0000-000070000141";"Viognier 2019";"Viognier 2019";"";"Vins";"Autres vins";"2019";"";"750ml";"";"galil-mountain-viognier-2019-321";"viognier-2019";"";"100.00";"";"Supabase";"/images/terminal-3/wines/other-brands/wine-other-brand-32.webp";"";"Incertain";"marque non détectée"
"70000000-0000-0000-0000-000070000142";"Famous Grouse 7 ans";"Famous — Famous Grouse 7 ans";"Famous";"Spiritueux";"Autres vins";"";"7";"700ml";"";"famous-grouse-famous-grouse-7-ans-322";"famous-famous-grouse-7-ans";"";"111.00";"";"Supabase";"/images/terminal-3/wines/other-brands/wine-other-brand-33.webp";"";"Incertain";"image non spiritueux, sous-catégorie incohérente: DB=RHUM image=Autres vins"
"70000000-0000-0000-0000-000070000143";"Teacher's Extra Añejo";"Teacher's — Teacher's Extra Añejo";"Teacher's";"Spiritueux";"Autres vins";"";"";"700ml";"";"teacher-s-teacher-s-extra-anejo-323";"teacher-s-teacher-s-extra-anejo";"";"112.00";"";"Supabase";"/images/terminal-3/wines/other-brands/wine-other-brand-34.webp";"";"Incertain";"image non spiritueux, sous-catégorie incohérente: DB=TEQUILA image=Autres vins"
"70000000-0000-0000-0000-000070000144";"Petit Castel 2022";"Castel — Petit Castel 2022";"Castel";"Vins";"Autres vins";"2022";"";"750ml";"";"shiloh-petit-castel-2022-324";"castel-petit-castel-2022";"";"103.00";"";"Supabase";"/images/terminal-3/wines/other-brands/wine-other-brand-35.webp";"";"Certain";""
"70000000-0000-0000-0000-000070000149";"Ketel One";"Ketel — Ketel One";"Ketel";"Spiritueux";"Autres vins";"";"";"700ml";"";"ketel-one-ketel-one-329";"ketel-ketel-one";"";"118.00";"";"Supabase";"/images/terminal-3/wines/other-brands/wine-other-brand-40.webp";"";"Incertain";"image non spiritueux, sous-catégorie incohérente: DB=COGNAC image=Autres vins"
"70000000-0000-0000-0000-00007000014a";"Syrah 2028";"Syrah 2028";"";"Vins";"Autres vins";"2028";"";"750ml";"";"domaine-du-castel-syrah-2028-330";"syrah-2028";"";"109.00";"";"Supabase";"/images/terminal-3/wines/other-brands/wine-other-brand-41.webp";"";"Incertain";"marque non détectée"
"70000000-0000-0000-0000-00007000014b";"Beluga Reposado";"Beluga — Beluga Reposado";"Beluga";"Spiritueux";"Autres vins";"";"";"700ml";"";"beluga-beluga-reposado-331";"beluga-beluga-reposado";"";"120.00";"";"Supabase";"/images/terminal-3/wines/other-brands/wine-other-brand-42.webp";"";"Incertain";"image non spiritueux, sous-catégorie incohérente: DB=TEQUILA image=Autres vins"
"70000000-0000-0000-0000-00007000014c";"Stolichnaya Vanilla";"Stolichnaya — Stolichnaya Vanilla";"Stolichnaya";"Spiritueux";"Autres vins";"";"";"700ml";"";"stolichnaya-stolichnaya-vanilla-332";"stolichnaya-stolichnaya-vanilla";"";"121.00";"";"Supabase";"/images/terminal-3/wines/other-brands/wine-other-brand-43.webp";"";"Incertain";"image non spiritueux, sous-catégorie incohérente: DB=VODKA image=Autres vins"
"70000000-0000-0000-0000-00007000014d";"Rouge de Galilée 2031";"Rouge de Galilée 2031";"";"Vins";"Autres vins";"2031";"";"750ml";"";"carmel-rouge-de-galilee-2031-333";"rouge-de-galilee-2031";"";"112.00";"";"Supabase";"/images/terminal-3/wines/other-brands/wine-other-brand-44.webp";"";"Incertain";"marque non détectée"
"70000000-0000-0000-0000-00007000014e";"Baileys";"Baileys — Baileys";"Baileys";"Spiritueux";"Autres vins";"";"";"700ml";"";"baileys-baileys-334";"baileys-baileys";"";"123.00";"";"Supabase";"/images/terminal-3/wines/other-brands/wine-other-brand-45.webp";"";"Incertain";"image non spiritueux, sous-catégorie incohérente: DB=LIQUEUR image=Autres vins"
"70000000-0000-0000-0000-00007000014f";"Kahlúa Elite";"Kahlúa — Kahlúa Elite";"Kahlúa";"Spiritueux";"Autres vins";"";"";"700ml";"";"kahlua-kahlua-elite-335";"kahlua-kahlua-elite";"";"124.00";"";"Supabase";"/images/terminal-3/wines/other-brands/wine-other-brand-46.webp";"";"Incertain";"image non spiritueux, sous-catégorie incohérente: DB=ARAK image=Autres vins"
"70000000-0000-0000-0000-000070000150";"Rosé 2034";"Rosé — Rosé 2034";"Rosé";"Vins";"Autres vins";"2034";"";"750ml";"";"galil-mountain-rose-2034-336";"rose-rose-2034";"";"115.00";"";"Supabase";"/images/terminal-3/wines/other-brands/wine-other-brand-47.webp";"";"Certain";""
"70000000-0000-0000-0000-000070000151";"Cointreau V.S.O.P";"Cointreau — Cointreau V.S.O.P";"Cointreau";"Spiritueux";"Autres vins";"";"";"700ml";"";"cointreau-cointreau-v-s-o-p-337";"cointreau-cointreau-v-s-o-p";"";"126.00";"";"Supabase";"/images/terminal-3/wines/other-brands/wine-other-brand-48.webp";"";"Incertain";"image non spiritueux, sous-catégorie incohérente: DB=COGNAC image=Autres vins"
"70000000-0000-0000-0000-000070000152";"Grand Marnier 15 ans";"Grand Marnier — Grand Marnier 15 ans";"Grand Marnier";"Spiritueux";"Autres vins";"";"15";"700ml";"";"grand-marnier-grand-marnier-15-ans-338";"grand-marnier-grand-marnier-15-ans";"";"127.00";"";"Supabase";"/images/terminal-3/wines/other-brands/wine-other-brand-49.webp";"";"Incertain";"image non spiritueux, sous-catégorie incohérente: DB=RHUM image=Autres vins"
"70000000-0000-0000-0000-000070000153";"Viognier 2037";"Viognier 2037";"";"Vins";"Autres vins";"2037";"";"750ml";"";"shiloh-viognier-2037-339";"viognier-2037";"";"118.00";"";"Supabase";"/images/terminal-3/wines/other-brands/wine-other-brand-50.webp";"";"Incertain";"marque non détectée"
"70000000-0000-0000-0000-000070000154";"Aperol Original";"Aperol — Aperol Original";"Aperol";"Spiritueux";"Autres vins";"";"";"700ml";"";"aperol-aperol-original-340";"aperol-aperol-original";"";"129.00";"";"Supabase";"/images/terminal-3/wines/other-brands/wine-other-brand-51.webp";"";"Incertain";"image non spiritueux, sous-catégorie incohérente: DB=VODKA image=Autres vins"
"70000000-0000-0000-0000-000070000155";"Ricard Navy Strength";"Ricard — Ricard Navy Strength";"Ricard";"Spiritueux";"Autres vins";"";"";"700ml";"";"ricard-ricard-navy-strength-341";"ricard-ricard-navy-strength";"";"130.00";"";"Supabase";"/images/terminal-3/wines/other-brands/wine-other-brand-52.webp";"";"Incertain";"image non spiritueux, sous-catégorie incohérente: DB=GIN image=Autres vins"
"70000000-0000-0000-0000-000070000156";"Petit Castel 2020";"Castel — Petit Castel 2020";"Castel";"Vins";"Autres vins";"2020";"";"750ml";"";"recanati-petit-castel-2020-342";"castel-petit-castel-2020";"";"121.00";"";"Supabase";"/images/terminal-3/wines/other-brands/wine-other-brand-53.webp";"";"Certain";""
"70000000-0000-0000-0000-000070000157";"Ouzo Anisé";"Ouzo — Ouzo Anisé";"Ouzo";"Spiritueux";"Autres vins";"";"";"700ml";"";"ouzo-ouzo-anise-343";"ouzo-ouzo-anise";"";"132.00";"";"Supabase";"/images/terminal-3/wines/other-brands/wine-other-brand-54.webp";"";"Incertain";"image non spiritueux, sous-catégorie incohérente: DB=ARAK image=Autres vins"
"70000000-0000-0000-0000-000070000158";"Arak Elite 15 ans";"Arak — Arak Elite 15 ans";"Arak";"Spiritueux";"Autres vins";"";"15";"700ml";"";"arak-elite-arak-elite-15-ans-344";"arak-arak-elite-15-ans";"";"133.00";"";"Supabase";"/images/terminal-3/wines/other-brands/wine-other-brand-55.webp";"";"Incertain";"image non spiritueux, sous-catégorie incohérente: DB=WHISKY image=Autres vins"
"70000000-0000-0000-0000-000070000159";"Merlot 2023";"Merlot 2023";"";"Vins";"Autres vins";"2023";"";"750ml";"";"domaine-du-castel-merlot-2023-345";"merlot-2023";"";"124.00";"";"Supabase";"/images/terminal-3/wines/other-brands/wine-other-brand-56.webp";"";"Incertain";"marque non détectée"
"70000000-0000-0000-0000-00007000015a";"Tubi 60 Blanc";"Tubi — Tubi 60 Blanc";"Tubi";"Spiritueux";"Autres vins";"";"";"700ml";"";"tubi-60-tubi-60-blanc-346";"tubi-tubi-60-blanc";"";"135.00";"";"Supabase";"/images/terminal-3/wines/other-brands/wine-other-brand-57.webp";"";"Incertain";"image non spiritueux, sous-catégorie incohérente: DB=RHUM image=Autres vins"
"70000000-0000-0000-0000-00007000015b";"Jägermeister Añejo";"Jägermeister — Jägermeister Añejo";"Jägermeister";"Spiritueux";"Autres vins";"";"";"700ml";"";"jagermeister-jagermeister-anejo-347";"jagermeister-jagermeister-anejo";"";"136.00";"";"Supabase";"/images/terminal-3/wines/other-brands/wine-other-brand-58.webp";"";"Incertain";"image non spiritueux, sous-catégorie incohérente: DB=TEQUILA image=Autres vins"
"70000000-0000-0000-0000-00007000015c";"Syrah 2026";"Syrah 2026";"";"Vins";"Autres vins";"2026";"";"750ml";"";"carmel-syrah-2026-348";"syrah-2026";"";"127.00";"";"Supabase";"/images/terminal-3/wines/other-brands/wine-other-brand-59.webp";"";"Incertain";"marque non détectée"
"70000000-0000-0000-0000-000070000207";"Viognier 2035";"Viognier 2035";"";"Vins";"Whisky";"2035";"";"750ml";"";"shiloh-viognier-2035-519";"viognier-2035";"";"118.00";"";"Supabase";"/images/terminal-3/spirits/whisky/FF4470BB-1DAF-41CD-80D8-F9F4CC2BF579.PNG";"";"Incertain";"marque non détectée, image non vin"
"70000000-0000-0000-0000-000070000208";"Tubi 60 18 ans";"Tubi — Tubi 60 18 ans";"Tubi";"Spiritueux";"Whisky";"";"18";"700ml";"";"tubi-60-tubi-60-18-ans-520";"tubi-tubi-60-18-ans";"";"159.00";"";"Supabase";"/images/terminal-3/spirits/whisky/chivas-regal-12.png";"";"Incertain";"sous-catégorie incohérente: DB=WHISKY image=Whisky"
"70000000-0000-0000-0000-000070000209";"Jägermeister";"Jägermeister — Jägermeister";"Jägermeister";"Spiritueux";"Whisky";"";"";"700ml";"";"jagermeister-jagermeister-521";"jagermeister-jagermeister";"";"160.00";"";"Supabase";"/images/terminal-3/spirits/whisky/glenfiddich-12.png";"";"Incertain";"sous-catégorie incohérente: DB=COGNAC image=Whisky"
"70000000-0000-0000-0000-00007000020a";"Petit Castel 2018";"Castel — Petit Castel 2018";"Castel";"Vins";"Whisky";"2018";"";"750ml";"";"recanati-petit-castel-2018-522";"castel-petit-castel-2018";"";"121.00";"";"Supabase";"/images/terminal-3/spirits/whisky/spirit-whisky-01.webp";"";"Incertain";"image non vin"
"70000000-0000-0000-0000-00007000020b";"Glenfiddich Extra Añejo";"Glenfiddich — Glenfiddich Extra Añejo";"Glenfiddich";"Spiritueux";"Whisky";"";"";"700ml";"";"glenfiddich-glenfiddich-extra-anejo-523";"glenfiddich-glenfiddich-extra-anejo";"";"162.00";"";"Supabase";"/images/terminal-3/spirits/whisky/spirit-whisky-02.webp";"";"Incertain";"sous-catégorie incohérente: DB=TEQUILA image=Whisky"
"70000000-0000-0000-0000-00007000020c";"Glenlivet";"Glenlivet — Glenlivet";"Glenlivet";"Spiritueux";"Whisky";"";"";"700ml";"";"glenlivet-glenlivet-524";"glenlivet-glenlivet";"";"163.00";"";"Supabase";"/images/terminal-3/spirits/whisky/spirit-whisky-03.webp";"";"Incertain";"sous-catégorie incohérente: DB=VODKA image=Whisky"
"70000000-0000-0000-0000-00007000020d";"Merlot 2021";"Merlot 2021";"";"Vins";"Whisky";"2021";"";"750ml";"";"domaine-du-castel-merlot-2021-525";"merlot-2021";"";"124.00";"";"Supabase";"/images/terminal-3/spirits/whisky/spirit-whisky-04.webp";"";"Incertain";"marque non détectée, image non vin"
"70000000-0000-0000-0000-00007000020e";"Jack Daniel's Cream";"Jack Daniel's — Jack Daniel's Cream";"Jack Daniel's";"Spiritueux";"Whisky";"";"";"700ml";"";"jack-daniel-s-jack-daniel-s-cream-526";"jack-daniel-s-jack-daniel-s-cream";"";"165.00";"";"Supabase";"/images/terminal-3/spirits/whisky/spirit-whisky-05.webp";"";"Incertain";"sous-catégorie incohérente: DB=LIQUEUR image=Whisky"
"70000000-0000-0000-0000-000070000016";"Talisker Orange";"Talisker — Talisker Orange";"Talisker";"Spiritueux";"Yarden";"";"";"";"";"talisker-talisker-orange-22";"talisker-talisker-orange";"";"111.00";"";"Supabase";"/images/terminal-3/wines/yarden/wines-yarden-13.webp";"";"Incertain";"image non spiritueux, sous-catégorie incohérente: DB=LIQUEUR image=Yarden"
"70000000-0000-0000-0000-00007000020f";"Jameson Gold";"Jameson — Jameson Gold";"Jameson";"Spiritueux";"Whisky";"";"";"700ml";"";"jameson-jameson-gold-527";"jameson-jameson-gold";"";"166.00";"";"Supabase";"/images/terminal-3/spirits/whisky/spirit-whisky-06.webp";"";"Incertain";"sous-catégorie incohérente: DB=ARAK image=Whisky"
"70000000-0000-0000-0000-000070000210";"Syrah 2024";"Syrah 2024";"";"Vins";"Whisky";"2024";"";"750ml";"";"carmel-syrah-2024-528";"syrah-2024";"";"127.00";"";"Supabase";"/images/terminal-3/spirits/whisky/spirit-whisky-07.webp";"";"Incertain";"marque non détectée, image non vin"
"70000000-0000-0000-0000-000070000211";"Remy Martin V.S.O.P";"Remy Martin — Remy Martin V.S.O.P";"Remy Martin";"Spiritueux";"Whisky";"";"";"700ml";"";"remy-martin-remy-martin-v-s-o-p-529";"remy-martin-remy-martin-v-s-o-p";"";"168.00";"";"Supabase";"/images/terminal-3/spirits/whisky/spirit-whisky-08.webp";"";"Incertain";"sous-catégorie incohérente: DB=COGNAC image=Whisky"
"70000000-0000-0000-0000-000070000212";"Courvoisier Black";"Courvoisier — Courvoisier Black";"Courvoisier";"Spiritueux";"Whisky";"";"";"700ml";"";"courvoisier-courvoisier-black-530";"courvoisier-courvoisier-black";"";"169.00";"";"Supabase";"/images/terminal-3/spirits/whisky/spirit-whisky-09.webp";"";"Incertain";"sous-catégorie incohérente: DB=RHUM image=Whisky"
"70000000-0000-0000-0000-000070000017";"Lagavulin Anisé";"Lagavulin — Lagavulin Anisé";"Lagavulin";"Spiritueux";"Yarden";"";"";"";"";"lagavulin-lagavulin-anise-23";"lagavulin-lagavulin-anise";"";"112.00";"";"Supabase";"/images/terminal-3/wines/yarden/wines-yarden-14.webp";"";"Incertain";"image non spiritueux, sous-catégorie incohérente: DB=ARAK image=Yarden"
"70000000-0000-0000-0000-000070000018";"Syrah 2022";"Syrah 2022";"";"Vins";"Yarden";"2022";"";"";"";"shiloh-syrah-2022-24";"syrah-2022";"";"103.00";"";"Supabase";"/images/terminal-3/wines/yarden/wines-yarden-15.webp";"";"Incertain";"marque non détectée"
"70000000-0000-0000-0000-000070000019";"Ardbeg V.S.O.P";"Ardbeg — Ardbeg V.S.O.P";"Ardbeg";"Spiritueux";"Yarden";"";"";"";"";"ardbeg-ardbeg-v-s-o-p-25";"ardbeg-ardbeg-v-s-o-p";"";"114.00";"";"Supabase";"/images/terminal-3/wines/yarden/wines-yarden-16.webp";"";"Incertain";"image non spiritueux, sous-catégorie incohérente: DB=COGNAC image=Yarden"
"70000000-0000-0000-0000-00007000001a";"Yamazaki Black";"Yamazaki — Yamazaki Black";"Yamazaki";"Spiritueux";"Yarden";"";"";"";"";"yamazaki-yamazaki-black-26";"yamazaki-yamazaki-black";"";"115.00";"";"Supabase";"/images/terminal-3/wines/yarden/wines-yarden-17.webp";"";"Incertain";"image non spiritueux, sous-catégorie incohérente: DB=RHUM image=Yarden"
"70000000-0000-0000-0000-00007000001b";"Rouge de Galilée 2025";"Rouge de Galilée 2025";"";"Vins";"Yarden";"2025";"";"";"";"recanati-rouge-de-galilee-2025-27";"rouge-de-galilee-2025";"";"106.00";"";"Supabase";"/images/terminal-3/wines/yarden/wines-yarden-18.webp";"";"Incertain";"marque non détectée"
"70000000-0000-0000-0000-00007000001c";"Nikka Berry";"Nikka — Nikka Berry";"Nikka";"Spiritueux";"Autres vins";"";"";"";"";"nikka-nikka-berry-28";"nikka-nikka-berry";"";"117.00";"";"Supabase";"/images/terminal-3/wines/other-brands/wine-other-brand-01.webp";"";"Incertain";"image non spiritueux, sous-catégorie incohérente: DB=VODKA image=Autres vins"
"70000000-0000-0000-0000-00007000001d";"Crown Royal";"Crown Royal — Crown Royal";"Crown Royal";"Spiritueux";"Autres vins";"";"";"";"";"crown-royal-crown-royal-29";"crown-royal-crown-royal";"";"118.00";"";"Supabase";"/images/terminal-3/wines/other-brands/wine-other-brand-02.webp";"";"Incertain";"image non spiritueux, sous-catégorie incohérente: DB=GIN image=Autres vins"
"70000000-0000-0000-0000-000070000164";"Courvoisier Citrus";"Courvoisier — Courvoisier Citrus";"Courvoisier";"Spiritueux";"Whisky";"";"";"700ml";"";"courvoisier-courvoisier-citrus-356";"courvoisier-courvoisier-citrus";"";"145.00";"";"Supabase";"/images/terminal-3/spirits/whisky/045E0455-01F9-4B08-A914-F8CA77936AC4.PNG";"";"Incertain";"sous-catégorie incohérente: DB=VODKA image=Whisky"
"70000000-0000-0000-0000-00007000016c";"Belvedere";"Belvedere — Belvedere";"Belvedere";"Spiritueux";"Whisky";"";"";"700ml";"";"belvedere-belvedere-364";"belvedere-belvedere";"";"153.00";"";"Supabase";"/images/terminal-3/spirits/whisky/13F84910-6365-4B15-96A5-3799C041EF3B.PNG";"";"Incertain";"sous-catégorie incohérente: DB=VODKA image=Whisky"
"70000000-0000-0000-0000-00007000016d";"Absolut London Dry";"Absolut — Absolut London Dry";"Absolut";"Spiritueux";"Whisky";"";"";"700ml";"";"absolut-absolut-london-dry-365";"absolut-absolut-london-dry";"";"154.00";"";"Supabase";"/images/terminal-3/spirits/whisky/162CE014-C62A-408C-AF3F-711BD4E5D7A2.PNG";"";"Incertain";"sous-catégorie incohérente: DB=GIN image=Whisky"
"70000000-0000-0000-0000-00007000016e";"Syrah 2024";"Syrah 2024";"";"Vins";"Whisky";"2024";"";"750ml";"";"galil-mountain-syrah-2024-366";"syrah-2024";"";"85.00";"";"Supabase";"/images/terminal-3/spirits/whisky/189C477C-FCB7-4C4D-9ED7-FA6E100B51AA.PNG";"";"Incertain";"marque non détectée, image non vin"
"70000000-0000-0000-0000-00007000016f";"Tanqueray Gold";"Tanqueray — Tanqueray Gold";"Tanqueray";"Spiritueux";"Whisky";"";"";"700ml";"";"tanqueray-tanqueray-gold-367";"tanqueray-tanqueray-gold";"";"156.00";"";"Supabase";"/images/terminal-3/spirits/whisky/189D6506-2FAB-4091-8442-67603A0794E7.PNG";"";"Incertain";"sous-catégorie incohérente: DB=ARAK image=Whisky"
"70000000-0000-0000-0000-000070000213";"Rouge de Galilée 2027";"Rouge de Galilée 2027";"";"Vins";"Whisky";"2027";"";"750ml";"";"galil-mountain-rouge-de-galilee-2027-531";"rouge-de-galilee-2027";"";"130.00";"";"Supabase";"/images/terminal-3/spirits/whisky/spirit-whisky-10.webp";"";"Incertain";"marque non détectée, image non vin"
"70000000-0000-0000-0000-000070000214";"Bacardi Vanilla";"Bacardi — Bacardi Vanilla";"Bacardi";"Spiritueux";"Whisky";"";"";"700ml";"";"bacardi-bacardi-vanilla-532";"bacardi-bacardi-vanilla";"";"171.00";"";"Supabase";"/images/terminal-3/spirits/whisky/spirit-whisky-11.webp";"";"Incertain";"sous-catégorie incohérente: DB=VODKA image=Whisky"
"70000000-0000-0000-0000-000070000215";"Mount Gay Mediterranean";"Mount — Mount Gay Mediterranean";"Mount";"Spiritueux";"Castel";"";"";"700ml";"";"mount-gay-mount-gay-mediterranean-533";"mount-mount-gay-mediterranean";"";"172.00";"";"Supabase";"/images/terminal-3/wines/castel/petit-castel-2020.png";"";"Incertain";"image non spiritueux, sous-catégorie incohérente: DB=GIN image=Castel"
"70000000-0000-0000-0000-00007000001e";"Rosé 2028";"Rosé — Rosé 2028";"Rosé";"Vins";"Autres vins";"2028";"";"";"";"domaine-du-castel-rose-2028-30";"rose-rose-2028";"";"109.00";"";"Supabase";"/images/terminal-3/wines/other-brands/wine-other-brand-03.webp";"";"Certain";""
"70000000-0000-0000-0000-00007000001f";"Ballantine's Classic";"Ballantine's — Ballantine's Classic";"Ballantine's";"Spiritueux";"Autres vins";"";"";"";"";"ballantine-s-ballantine-s-classic-31";"ballantine-s-ballantine-s-classic";"";"120.00";"";"Supabase";"/images/terminal-3/wines/other-brands/wine-other-brand-04.webp";"";"Incertain";"image non spiritueux, sous-catégorie incohérente: DB=ARAK image=Autres vins"
"70000000-0000-0000-0000-000070000020";"Famous Grouse Double Wood";"Famous — Famous Grouse Double Wood";"Famous";"Spiritueux";"Autres vins";"";"";"";"";"famous-grouse-famous-grouse-double-wood-32";"famous-famous-grouse-double-wood";"";"121.00";"";"Supabase";"/images/terminal-3/wines/other-brands/wine-other-brand-05.webp";"";"Incertain";"image non spiritueux, sous-catégorie incohérente: DB=WHISKY image=Autres vins"
"70000000-0000-0000-0000-000070000021";"Viognier 2031";"Viognier 2031";"";"Vins";"Autres vins";"2031";"";"";"";"carmel-viognier-2031-33";"viognier-2031";"";"112.00";"";"Supabase";"/images/terminal-3/wines/other-brands/wine-other-brand-06.webp";"";"Incertain";"marque non détectée"
"70000000-0000-0000-0000-000070000216";"Rosé 2030";"Rosé — Rosé 2030";"Rosé";"Vins";"Yarden";"2030";"";"750ml";"";"shiloh-rose-2030-534";"rose-rose-2030";"";"133.00";"";"Supabase";"/images/terminal-3/wines/yarden/wines-yarden-01.webp";"";"Certain";""
"70000000-0000-0000-0000-000070000217";"Patrón Elite";"Patrón — Patrón Elite";"Patrón";"Spiritueux";"Yarden";"";"";"700ml";"";"patron-patron-elite-535";"patron-patron-elite";"";"174.00";"";"Supabase";"/images/terminal-3/wines/yarden/wines-yarden-02.webp";"";"Incertain";"image non spiritueux, sous-catégorie incohérente: DB=ARAK image=Yarden"
"70000000-0000-0000-0000-000070000218";"Jose Cuervo Double Wood";"Jose — Jose Cuervo Double Wood";"Jose";"Spiritueux";"Yarden";"";"";"700ml";"";"jose-cuervo-jose-cuervo-double-wood-536";"jose-jose-cuervo-double-wood";"";"175.00";"";"Supabase";"/images/terminal-3/wines/yarden/wines-yarden-03.webp";"";"Incertain";"image non spiritueux, sous-catégorie incohérente: DB=WHISKY image=Yarden"
"70000000-0000-0000-0000-000070000219";"Viognier 2033";"Viognier 2033";"";"Vins";"Yarden";"2033";"";"750ml";"";"recanati-viognier-2033-537";"viognier-2033";"";"136.00";"";"Supabase";"/images/terminal-3/wines/yarden/wines-yarden-04.webp";"";"Incertain";"marque non détectée"
"70000000-0000-0000-0000-00007000021a";"Belvedere";"Belvedere — Belvedere";"Belvedere";"Spiritueux";"Yarden";"";"";"700ml";"";"belvedere-belvedere-538";"belvedere-belvedere";"";"177.00";"";"Supabase";"/images/terminal-3/wines/yarden/wines-yarden-05.webp";"";"Incertain";"image non spiritueux, sous-catégorie incohérente: DB=RHUM image=Yarden"
"70000000-0000-0000-0000-00007000021b";"Absolut";"Absolut — Absolut";"Absolut";"Spiritueux";"Yarden";"";"";"700ml";"";"absolut-absolut-539";"absolut-absolut";"";"178.00";"";"Supabase";"/images/terminal-3/wines/yarden/wines-yarden-06.webp";"";"Incertain";"image non spiritueux, sous-catégorie incohérente: DB=TEQUILA image=Yarden"
"70000000-0000-0000-0000-00007000021c";"Petit Castel 2036";"Castel — Petit Castel 2036";"Castel";"Vins";"Yarden";"2036";"";"750ml";"";"domaine-du-castel-petit-castel-2036-540";"castel-petit-castel-2036";"";"79.00";"";"Supabase";"/images/terminal-3/wines/yarden/wines-yarden-07.webp";"";"Certain";""
"70000000-0000-0000-0000-00007000021d";"Tanqueray Navy Strength";"Tanqueray — Tanqueray Navy Strength";"Tanqueray";"Spiritueux";"Yarden";"";"";"700ml";"";"tanqueray-tanqueray-navy-strength-541";"tanqueray-tanqueray-navy-strength";"";"180.00";"";"Supabase";"/images/terminal-3/wines/yarden/wines-yarden-08.webp";"";"Incertain";"image non spiritueux, sous-catégorie incohérente: DB=GIN image=Yarden"
"70000000-0000-0000-0000-00007000021e";"Hendrick's Orange";"Hendrick's — Hendrick's Orange";"Hendrick's";"Spiritueux";"Yarden";"";"";"700ml";"";"hendrick-s-hendrick-s-orange-542";"hendrick-s-hendrick-s-orange";"";"181.00";"";"Supabase";"/images/terminal-3/wines/yarden/wines-yarden-09.webp";"";"Incertain";"image non spiritueux, sous-catégorie incohérente: DB=LIQUEUR image=Yarden"
"70000000-0000-0000-0000-00007000021f";"Merlot 2019";"Merlot 2019";"";"Vins";"Yarden";"2019";"";"750ml";"";"carmel-merlot-2019-543";"merlot-2019";"";"82.00";"";"Supabase";"/images/terminal-3/wines/yarden/wines-yarden-10.webp";"";"Incertain";"marque non détectée"
"70000000-0000-0000-0000-000070000220";"Talisker Distiller's Edition";"Talisker — Talisker Distiller's Edition";"Talisker";"Spiritueux";"Yarden";"";"";"700ml";"";"talisker-talisker-distiller-s-edition-544";"talisker-talisker-distiller-s-edition";"";"183.00";"";"Supabase";"/images/terminal-3/wines/yarden/wines-yarden-11.webp";"";"Incertain";"image non spiritueux, sous-catégorie incohérente: DB=WHISKY image=Yarden"
"70000000-0000-0000-0000-000070000221";"Lagavulin";"Lagavulin — Lagavulin";"Lagavulin";"Spiritueux";"Yarden";"";"";"700ml";"";"lagavulin-lagavulin-545";"lagavulin-lagavulin";"";"184.00";"";"Supabase";"/images/terminal-3/wines/yarden/wines-yarden-12.webp";"";"Incertain";"image non spiritueux, sous-catégorie incohérente: DB=COGNAC image=Yarden"
"70000000-0000-0000-0000-000070000222";"Syrah 2022";"Syrah 2022";"";"Vins";"Yarden";"2022";"";"750ml";"";"galil-mountain-syrah-2022-546";"syrah-2022";"";"85.00";"";"Supabase";"/images/terminal-3/wines/yarden/wines-yarden-13.webp";"";"Incertain";"marque non détectée"
"70000000-0000-0000-0000-000070000223";"Ardbeg Añejo";"Ardbeg — Ardbeg Añejo";"Ardbeg";"Spiritueux";"Yarden";"";"";"700ml";"";"ardbeg-ardbeg-anejo-547";"ardbeg-ardbeg-anejo";"";"186.00";"";"Supabase";"/images/terminal-3/wines/yarden/wines-yarden-14.webp";"";"Incertain";"image non spiritueux, sous-catégorie incohérente: DB=TEQUILA image=Yarden"
"70000000-0000-0000-0000-000070000224";"Yamazaki Berry";"Yamazaki — Yamazaki Berry";"Yamazaki";"Spiritueux";"Yarden";"";"";"700ml";"";"yamazaki-yamazaki-berry-548";"yamazaki-yamazaki-berry";"";"187.00";"";"Supabase";"/images/terminal-3/wines/yarden/wines-yarden-15.webp";"";"Incertain";"image non spiritueux, sous-catégorie incohérente: DB=VODKA image=Yarden"
"70000000-0000-0000-0000-000070000225";"Rouge de Galilée 2025";"Rouge de Galilée 2025";"";"Vins";"Yarden";"2025";"";"750ml";"";"shiloh-rouge-de-galilee-2025-549";"rouge-de-galilee-2025";"";"88.00";"";"Supabase";"/images/terminal-3/wines/yarden/wines-yarden-16.webp";"";"Incertain";"marque non détectée"
"70000000-0000-0000-0000-00007000002e";"Amarula Cream";"Amarula — Amarula Cream";"Amarula";"Spiritueux";"Autres vins";"";"";"";"";"amarula-amarula-cream-46";"amarula-amarula-cream";"";"135.00";"";"Supabase";"/images/terminal-3/wines/other-brands/wine-other-brand-19.webp";"";"Incertain";"image non spiritueux, sous-catégorie incohérente: DB=LIQUEUR image=Autres vins"
"70000000-0000-0000-0000-00007000002f";"Cointreau Gold";"Cointreau — Cointreau Gold";"Cointreau";"Spiritueux";"Autres vins";"";"";"";"";"cointreau-cointreau-gold-47";"cointreau-cointreau-gold";"";"136.00";"";"Supabase";"/images/terminal-3/wines/other-brands/wine-other-brand-20.webp";"";"Incertain";"image non spiritueux, sous-catégorie incohérente: DB=ARAK image=Autres vins"
"70000000-0000-0000-0000-000070000226";"Nikka Original";"Nikka — Nikka Original";"Nikka";"Spiritueux";"Yarden";"";"";"700ml";"";"nikka-nikka-original-550";"nikka-nikka-original";"";"189.00";"";"Supabase";"/images/terminal-3/wines/yarden/wines-yarden-17.webp";"";"Incertain";"image non spiritueux, sous-catégorie incohérente: DB=LIQUEUR image=Yarden"
"70000000-0000-0000-0000-000070000227";"Crown Royal Classic";"Crown Royal — Crown Royal Classic";"Crown Royal";"Spiritueux";"Yarden";"";"";"700ml";"";"crown-royal-crown-royal-classic-551";"crown-royal-crown-royal-classic";"";"190.00";"";"Supabase";"/images/terminal-3/wines/yarden/wines-yarden-18.webp";"";"Incertain";"image non spiritueux, sous-catégorie incohérente: DB=ARAK image=Yarden"
"70000000-0000-0000-0000-000070000030";"Rosé 2026";"Rosé — Rosé 2026";"Rosé";"Vins";"Autres vins";"2026";"";"";"";"carmel-rose-2026-48";"rose-rose-2026";"";"127.00";"";"Supabase";"/images/terminal-3/wines/other-brands/wine-other-brand-21.webp";"";"Certain";""
"70000000-0000-0000-0000-000070000032";"Aperol 12 ans";"Aperol — Aperol 12 ans";"Aperol";"Spiritueux";"Autres vins";"";"12";"";"";"aperol-aperol-12-ans-50";"aperol-aperol-12-ans";"";"139.00";"";"Supabase";"/images/terminal-3/wines/other-brands/wine-other-brand-23.webp";"";"Incertain";"image non spiritueux, sous-catégorie incohérente: DB=RHUM image=Autres vins"
"70000000-0000-0000-0000-000070000047";"Patrón Classic";"Patrón — Patrón Classic";"Patrón";"Spiritueux";"Autres vins";"";"";"";"";"patron-patron-classic-71";"patron-patron-classic";"";"160.00";"";"Supabase";"/images/terminal-3/wines/other-brands/wine-other-brand-44.webp";"";"Incertain";"image non spiritueux, sous-catégorie incohérente: DB=ARAK image=Autres vins"
"70000000-0000-0000-0000-000070000048";"Petit Castel 2030";"Castel — Petit Castel 2030";"Castel";"Vins";"Autres vins";"2030";"";"";"";"recanati-petit-castel-2030-72";"castel-petit-castel-2030";"";"91.00";"";"Supabase";"/images/terminal-3/wines/other-brands/wine-other-brand-45.webp";"";"Certain";""
"70000000-0000-0000-0000-00007000004f";"Macallan";"Macallan — Macallan";"Macallan";"Spiritueux";"Autres vins";"";"";"";"";"macallan-macallan-79";"macallan-macallan";"";"168.00";"";"Supabase";"/images/terminal-3/wines/other-brands/wine-other-brand-52.webp";"";"Incertain";"image non spiritueux, sous-catégorie incohérente: DB=ARAK image=Autres vins"
"70000000-0000-0000-0000-000070000054";"Rosé 2022";"Rosé — Rosé 2022";"Rosé";"Vins";"Autres vins";"2022";"";"";"";"shiloh-rose-2022-84";"rose-rose-2022";"";"103.00";"";"Supabase";"/images/terminal-3/wines/other-brands/wine-other-brand-57.webp";"";"Certain";""
"70000000-0000-0000-0000-000070000064";"Stolichnaya Original";"Stolichnaya — Stolichnaya Original";"Stolichnaya";"Spiritueux";"Whisky";"";"";"700ml";"";"stolichnaya-stolichnaya-original-100";"stolichnaya-stolichnaya-original";"";"189.00";"";"Supabase";"/images/terminal-3/spirits/whisky/0FE2D514-C25E-46C8-8237-12F2AE6886A9.PNG";"";"Incertain";"sous-catégorie incohérente: DB=VODKA image=Whisky"
"e10e10d5-9c80-40de-a913-b9cb93a595b2";"Terrine de campagne coup de cœur 0";"Terrine — Terrine de campagne coup de cœur 0";"Terrine";"Charcuterie";"Plateau";"";"";"";"100g";"terrine-de-campagne-coup-de-c-ur-0";"terrine-terrine-de-campagne-coup-de-c-ur-0";"";"29.00";"";"Supabase";"/images/terminal-3/platters/charcuterie/source/13061506-D5BF-4F53-97AD-965114D7B4BD.PNG";"";"Incertain";"nom séquentiel, image non charcuterie"
"aea7c41d-a27d-4ef0-b95b-8ba757010e41";"Rillettes tradition 1";"Rillettes — Rillettes tradition 1";"Rillettes";"Charcuterie";"Plateau";"";"";"";"150g";"rillettes-tradition-1";"rillettes-rillettes-tradition-1";"";"30.00";"";"Supabase";"/images/terminal-3/platters/charcuterie/source/4F7E2465-86D8-4241-8DC1-4CA947FCF77E.PNG";"";"Incertain";"nom séquentiel, image non charcuterie"
"d052fdae-8337-490b-ae43-7c9276daee19";"Pâté en croûte sélection 2";"Pâté — Pâté en croûte sélection 2";"Pâté";"Charcuterie";"Plateau";"";"";"";"200g";"pate-en-croute-selection-2";"pate-pate-en-croute-selection-2";"";"31.00";"";"Supabase";"/images/terminal-3/platters/charcuterie/platter-charcuterie-01.webp";"";"Incertain";"nom séquentiel, image non charcuterie"
"70000000-0000-0000-0000-000070000065";"Smirnoff Navy Strength";"Smirnoff — Smirnoff Navy Strength";"Smirnoff";"Spiritueux";"Whisky";"";"";"700ml";"";"smirnoff-smirnoff-navy-strength-101";"smirnoff-smirnoff-navy-strength";"";"190.00";"";"Supabase";"/images/terminal-3/spirits/whisky/11187404-4E17-46A1-A2F8-EFF8808A0994.PNG";"";"Incertain";"sous-catégorie incohérente: DB=GIN image=Whisky"
"70000000-0000-0000-0000-000070000066";"Rosé 2020";"Rosé — Rosé 2020";"Rosé";"Vins";"Whisky";"2020";"";"750ml";"";"recanati-rose-2020-102";"rose-rose-2020";"";"121.00";"";"Supabase";"/images/terminal-3/spirits/whisky/13F84910-6365-4B15-96A5-3799C041EF3B.PNG";"";"Incertain";"image non vin"
"70000000-0000-0000-0000-000070000165";"Viognier 2035";"Viognier 2035";"";"Vins";"Whisky";"2035";"";"750ml";"";"recanati-viognier-2035-357";"viognier-2035";"";"136.00";"";"Supabase";"/images/terminal-3/spirits/whisky/06EE596B-600F-46AB-B4E7-A7F65BFAAC64.PNG";"";"Incertain";"marque non détectée, image non vin"
"70000000-0000-0000-0000-000070000166";"Bacardi Coffee";"Bacardi — Bacardi Coffee";"Bacardi";"Spiritueux";"Whisky";"";"";"700ml";"";"bacardi-bacardi-coffee-358";"bacardi-bacardi-coffee";"";"147.00";"";"Supabase";"/images/terminal-3/spirits/whisky/0AD0493E-3635-43A4-B063-5615D9D0AD13.PNG";"";"Incertain";"sous-catégorie incohérente: DB=LIQUEUR image=Whisky"
"70000000-0000-0000-0000-000070000167";"Mount Gay";"Mount — Mount Gay";"Mount";"Spiritueux";"Whisky";"";"";"700ml";"";"mount-gay-mount-gay-359";"mount-mount-gay";"";"148.00";"";"Supabase";"/images/terminal-3/spirits/whisky/0B5C2BCC-9FD1-4B9F-B620-A83774C63CF6.PNG";"";"Incertain";"sous-catégorie incohérente: DB=ARAK image=Whisky"
"70000000-0000-0000-0000-000070000168";"Petit Castel 2018";"Castel — Petit Castel 2018";"Castel";"Vins";"Whisky";"2018";"";"750ml";"";"domaine-du-castel-petit-castel-2018-360";"castel-petit-castel-2018";"";"79.00";"";"Supabase";"/images/terminal-3/spirits/whisky/0BA32B72-9931-45B2-97C4-4BFA3AB4AEA4.PNG";"";"Incertain";"image non vin"
"70000000-0000-0000-0000-000070000169";"Patrón V.S.O.P";"Patrón — Patrón V.S.O.P";"Patrón";"Spiritueux";"Whisky";"";"";"700ml";"";"patron-patron-v-s-o-p-361";"patron-patron-v-s-o-p";"";"150.00";"";"Supabase";"/images/terminal-3/spirits/whisky/0CF6C389-B1D2-48E8-AC37-B343896B8BC4.PNG";"";"Incertain";"sous-catégorie incohérente: DB=COGNAC image=Whisky"
"70000000-0000-0000-0000-00007000016a";"Jose Cuervo Black";"Jose — Jose Cuervo Black";"Jose";"Spiritueux";"Whisky";"";"";"700ml";"";"jose-cuervo-jose-cuervo-black-362";"jose-jose-cuervo-black";"";"151.00";"";"Supabase";"/images/terminal-3/spirits/whisky/0FE2D514-C25E-46C8-8237-12F2AE6886A9.PNG";"";"Incertain";"sous-catégorie incohérente: DB=RHUM image=Whisky"
"70000000-0000-0000-0000-00007000016b";"Merlot 2021";"Merlot 2021";"";"Vins";"Whisky";"2021";"";"750ml";"";"carmel-merlot-2021-363";"merlot-2021";"";"82.00";"";"Supabase";"/images/terminal-3/spirits/whisky/11187404-4E17-46A1-A2F8-EFF8808A0994.PNG";"";"Incertain";"marque non détectée, image non vin"
"70000000-0000-0000-0000-000070000174";"Rosé 2030";"Rosé — Rosé 2030";"Rosé";"Vins";"Whisky";"2030";"";"750ml";"";"recanati-rose-2030-372";"rose-rose-2030";"";"91.00";"";"Supabase";"/images/terminal-3/spirits/whisky/1C27ACDC-F18A-4156-A7C4-1460BB3B3FAA.PNG";"";"Incertain";"image non vin"
"70000000-0000-0000-0000-000070000175";"Ardbeg Mediterranean";"Ardbeg — Ardbeg Mediterranean";"Ardbeg";"Spiritueux";"Whisky";"";"";"700ml";"";"ardbeg-ardbeg-mediterranean-373";"ardbeg-ardbeg-mediterranean";"";"162.00";"";"Supabase";"/images/terminal-3/spirits/whisky/1C450DC7-98DC-4809-A89E-C51B15C49E46.PNG";"";"Incertain";"sous-catégorie incohérente: DB=GIN image=Whisky"
"70000000-0000-0000-0000-000070000176";"Yamazaki";"Yamazaki — Yamazaki";"Yamazaki";"Spiritueux";"Whisky";"";"";"700ml";"";"yamazaki-yamazaki-374";"yamazaki-yamazaki";"";"163.00";"";"Supabase";"/images/terminal-3/spirits/whisky/1F24D28C-50A5-44CB-AD98-09F8605C7FEC.PNG";"";"Incertain";"sous-catégorie incohérente: DB=LIQUEUR image=Whisky"
"70000000-0000-0000-0000-000070000177";"Viognier 2033";"Viognier 2033";"";"Vins";"Whisky";"2033";"";"750ml";"";"domaine-du-castel-viognier-2033-375";"viognier-2033";"";"94.00";"";"Supabase";"/images/terminal-3/spirits/whisky/1F842163-3DA9-4BA9-8D27-62B92B623F4A.PNG";"";"Incertain";"marque non détectée, image non vin"
"70000000-0000-0000-0000-000070000178";"Nikka Distiller's Edition";"Nikka — Nikka Distiller's Edition";"Nikka";"Spiritueux";"Whisky";"";"";"700ml";"";"nikka-nikka-distiller-s-edition-376";"nikka-nikka-distiller-s-edition";"";"165.00";"";"Supabase";"/images/terminal-3/spirits/whisky/20008C8B-579A-40D2-83AB-C6C8101B1EDC.PNG";"";"Incertain";"sous-catégorie incohérente: DB=WHISKY image=Whisky"
"70000000-0000-0000-0000-000070000179";"Crown Royal";"Crown Royal — Crown Royal";"Crown Royal";"Spiritueux";"Whisky";"";"";"700ml";"";"crown-royal-crown-royal-377";"crown-royal-crown-royal";"";"166.00";"";"Supabase";"/images/terminal-3/spirits/whisky/22B16518-4E9E-4C0D-8B00-25643BC80464.PNG";"";"Incertain";"sous-catégorie incohérente: DB=COGNAC image=Whisky"
"9d228b99-ec21-485f-9dfe-963e2f0b03ac";"Mousse de foie artisanal 3";"Mousse — Mousse de foie artisanal 3";"Mousse";"Charcuterie";"Plateau";"";"";"";"250g";"mousse-de-foie-artisanal-3";"mousse-mousse-de-foie-artisanal-3";"";"32.00";"";"Supabase";"/images/terminal-3/platters/charcuterie/platter-charcuterie-02.webp";"";"Incertain";"nom séquentiel, image non charcuterie"
"0dedc5d2-7998-40e8-a357-7c80711d8bb1";"Boudin fumé 4";"Boudin — Boudin fumé 4";"Boudin";"Charcuterie";"Plateau";"";"";"";"300g";"boudin-fume-4";"boudin-boudin-fume-4";"";"33.00";"";"Supabase";"/images/terminal-3/platters/charcuterie/platter-charcuterie-03.webp";"";"Incertain";"nom séquentiel, image non charcuterie"
"72f64139-6462-488d-8776-9382dbe97a18";"Saucisson sec premium 5";"Saucisson — Saucisson sec premium 5";"Saucisson";"Charcuterie";"Plateau";"";"";"";"350g";"saucisson-sec-premium-5";"saucisson-saucisson-sec-premium-5";"";"34.00";"";"Supabase";"/images/terminal-3/platters/charcuterie/source/0C224C39-FAC8-4D79-93AC-3CE2976D80EF.PNG";"";"Incertain";"nom séquentiel, image non charcuterie"
"e565d4fc-d1b6-4728-983f-5e38af512397";"Rosette de Lyon maison 6";"Rosette — Rosette de Lyon maison 6";"Rosette";"Charcuterie";"Plateau";"";"";"";"400g";"rosette-de-lyon-maison-6";"rosette-rosette-de-lyon-maison-6";"";"35.00";"";"Supabase";"/images/terminal-3/platters/charcuterie/source/13061506-D5BF-4F53-97AD-965114D7B4BD.PNG";"";"Incertain";"nom séquentiel, image non charcuterie"
"d850fd00-d523-4514-9870-bb95654580b7";"Chorizo doux coup de cœur 7";"Chorizo — Chorizo doux coup de cœur 7";"Chorizo";"Charcuterie";"Plateau";"";"";"";"450g";"chorizo-doux-coup-de-c-ur-7";"chorizo-chorizo-doux-coup-de-c-ur-7";"";"36.00";"";"Supabase";"/images/terminal-3/platters/charcuterie/source/4F7E2465-86D8-4241-8DC1-4CA947FCF77E.PNG";"";"Incertain";"nom séquentiel, image non charcuterie"
"512d24ab-545d-4dac-8df6-609b748ff75f";"Chorizo fort tradition 8";"Chorizo — Chorizo fort tradition 8";"Chorizo";"Charcuterie";"Plateau";"";"";"";"500g";"chorizo-fort-tradition-8";"chorizo-chorizo-fort-tradition-8";"";"37.00";"";"Supabase";"/images/terminal-3/platters/charcuterie/platter-charcuterie-01.webp";"";"Incertain";"nom séquentiel, image non charcuterie"
"2ef3c37c-e6e2-4c23-900a-86f8ed69a013";"Saucisse sèche sélection 9";"Saucisse — Saucisse sèche sélection 9";"Saucisse";"Charcuterie";"Plateau";"";"";"";"550g";"saucisse-seche-selection-9";"saucisse-saucisse-seche-selection-9";"";"38.00";"";"Supabase";"/images/terminal-3/platters/charcuterie/platter-charcuterie-02.webp";"";"Incertain";"nom séquentiel, image non charcuterie"
"d393ff51-fb27-48c0-8498-73d8af0c577c";"Jambon de Parme artisanal 10";"Jambon — Jambon de Parme artisanal 10";"Jambon";"Charcuterie";"Plateau";"";"";"";"600g";"jambon-de-parme-artisanal-10";"jambon-jambon-de-parme-artisanal-10";"";"39.00";"";"Supabase";"/images/terminal-3/platters/charcuterie/platter-charcuterie-03.webp";"";"Incertain";"nom séquentiel, image non charcuterie"
"84b7c23d-84cf-45aa-8551-c92845c66890";"Jambon Serrano fumé 11";"Jambon — Jambon Serrano fumé 11";"Jambon";"Charcuterie";"Plateau";"";"";"";"650g";"jambon-serrano-fume-11";"jambon-jambon-serrano-fume-11";"";"40.00";"";"Supabase";"/images/terminal-3/platters/charcuterie/source/0C224C39-FAC8-4D79-93AC-3CE2976D80EF.PNG";"";"Incertain";"nom séquentiel, image non charcuterie"
"44cdf4c0-8b39-4b3c-a11c-3a55735fc2d3";"Jambon fumé premium 12";"Jambon — Jambon fumé premium 12";"Jambon";"Charcuterie";"Plateau";"";"";"";"700g";"jambon-fume-premium-12";"jambon-jambon-fume-premium-12";"";"41.00";"";"Supabase";"/images/terminal-3/platters/charcuterie/source/13061506-D5BF-4F53-97AD-965114D7B4BD.PNG";"";"Incertain";"nom séquentiel, image non charcuterie"
"9ae485c5-d3e0-4400-a43a-2f54d3c3d0bf";"Jambon de dinde maison 13";"Jambon — Jambon de dinde maison 13";"Jambon";"Charcuterie";"Plateau";"";"";"";"750g";"jambon-de-dinde-maison-13";"jambon-jambon-de-dinde-maison-13";"";"42.00";"";"Supabase";"/images/terminal-3/platters/charcuterie/source/4F7E2465-86D8-4241-8DC1-4CA947FCF77E.PNG";"";"Incertain";"nom séquentiel, image non charcuterie"
"3ad359e3-ac0c-4a4b-9ede-fd5f13a06522";"Filet mignon coup de cœur 14";"Filet — Filet mignon coup de cœur 14";"Filet";"Charcuterie";"Plateau";"";"";"";"800g";"filet-mignon-coup-de-c-ur-14";"filet-filet-mignon-coup-de-c-ur-14";"";"43.00";"";"Supabase";"/images/terminal-3/platters/charcuterie/platter-charcuterie-01.webp";"";"Incertain";"nom séquentiel, image non charcuterie"
"44bf7457-4c2e-4592-b8c0-b4a34a6fced9";"Terrine de campagne tradition 15";"Terrine — Terrine de campagne tradition 15";"Terrine";"Charcuterie";"Plateau";"";"";"";"850g";"terrine-de-campagne-tradition-15";"terrine-terrine-de-campagne-tradition-15";"";"44.00";"";"Supabase";"/images/terminal-3/platters/charcuterie/platter-charcuterie-02.webp";"";"Incertain";"nom séquentiel, image non charcuterie"
"4de4d919-ef0e-4375-aed3-72289c13d5bf";"Rillettes sélection 16";"Rillettes — Rillettes sélection 16";"Rillettes";"Charcuterie";"Plateau";"";"";"";"900g";"rillettes-selection-16";"rillettes-rillettes-selection-16";"";"45.00";"";"Supabase";"/images/terminal-3/platters/charcuterie/platter-charcuterie-03.webp";"";"Incertain";"nom séquentiel, image non charcuterie"
"494cb12c-78c1-4c97-8b03-da19aabd1ae6";"Pâté en croûte artisanal 17";"Pâté — Pâté en croûte artisanal 17";"Pâté";"Charcuterie";"Plateau";"";"";"";"950g";"pate-en-croute-artisanal-17";"pate-pate-en-croute-artisanal-17";"";"46.00";"";"Supabase";"/images/terminal-3/platters/charcuterie/source/0C224C39-FAC8-4D79-93AC-3CE2976D80EF.PNG";"";"Incertain";"nom séquentiel, image non charcuterie"
"df85c389-d286-4ad9-bc56-49c5e24ff317";"Mousse de foie fumé 18";"Mousse — Mousse de foie fumé 18";"Mousse";"Charcuterie";"Plateau";"";"";"";"1000g";"mousse-de-foie-fume-18";"mousse-mousse-de-foie-fume-18";"";"47.00";"";"Supabase";"/images/terminal-3/platters/charcuterie/source/13061506-D5BF-4F53-97AD-965114D7B4BD.PNG";"";"Incertain";"nom séquentiel, image non charcuterie"
"233c93e5-9a5f-4801-983b-dd41680439fe";"Boudin premium 19";"Boudin — Boudin premium 19";"Boudin";"Charcuterie";"Plateau";"";"";"";"1050g";"boudin-premium-19";"boudin-boudin-premium-19";"";"48.00";"";"Supabase";"/images/terminal-3/platters/charcuterie/source/4F7E2465-86D8-4241-8DC1-4CA947FCF77E.PNG";"";"Incertain";"nom séquentiel, image non charcuterie"
"8d0d688b-701e-4659-bcc0-7736ab3f8fec";"Saucisson sec maison 20";"Saucisson — Saucisson sec maison 20";"Saucisson";"Charcuterie";"Plateau";"";"";"";"100g";"saucisson-sec-maison-20";"saucisson-saucisson-sec-maison-20";"";"49.00";"";"Supabase";"/images/terminal-3/platters/charcuterie/platter-charcuterie-01.webp";"";"Incertain";"nom séquentiel, image non charcuterie"
"1793bfb6-c3a2-45f9-8d2e-46917a3e5b11";"Rosette de Lyon coup de cœur 21";"Rosette — Rosette de Lyon coup de cœur 21";"Rosette";"Charcuterie";"Plateau";"";"";"";"150g";"rosette-de-lyon-coup-de-c-ur-21";"rosette-rosette-de-lyon-coup-de-c-ur-21";"";"50.00";"";"Supabase";"/images/terminal-3/platters/charcuterie/platter-charcuterie-02.webp";"";"Incertain";"nom séquentiel, image non charcuterie"
"70000000-0000-0000-0000-00007000006d";"Ricard";"Ricard — Ricard";"Ricard";"Spiritueux";"Whisky";"";"";"700ml";"";"ricard-ricard-109";"ricard-ricard";"";"198.00";"";"Supabase";"/images/terminal-3/spirits/whisky/1C2245A8-3B8D-4BB1-A708-F031112DC9E2.PNG";"";"Incertain";"sous-catégorie incohérente: DB=GIN image=Whisky"
"57a5c1d9-24c0-48d3-8811-c47e6dbd0442";"Chorizo doux tradition 22";"Chorizo — Chorizo doux tradition 22";"Chorizo";"Charcuterie";"Plateau";"";"";"";"200g";"chorizo-doux-tradition-22";"chorizo-chorizo-doux-tradition-22";"";"51.00";"";"Supabase";"/images/terminal-3/platters/charcuterie/platter-charcuterie-03.webp";"";"Incertain";"nom séquentiel, image non charcuterie"
"0d827e80-5a2f-4d5f-ae1a-c9aa801a3ca7";"Chorizo fort sélection 23";"Chorizo — Chorizo fort sélection 23";"Chorizo";"Charcuterie";"Plateau";"";"";"";"250g";"chorizo-fort-selection-23";"chorizo-chorizo-fort-selection-23";"";"52.00";"";"Supabase";"/images/terminal-3/platters/charcuterie/source/0C224C39-FAC8-4D79-93AC-3CE2976D80EF.PNG";"";"Incertain";"nom séquentiel, image non charcuterie"
"0003d114-7598-423a-9adf-18764ce49ec9";"Saucisse sèche artisanal 24";"Saucisse — Saucisse sèche artisanal 24";"Saucisse";"Charcuterie";"Plateau";"";"";"";"300g";"saucisse-seche-artisanal-24";"saucisse-saucisse-seche-artisanal-24";"";"53.00";"";"Supabase";"/images/terminal-3/platters/charcuterie/source/13061506-D5BF-4F53-97AD-965114D7B4BD.PNG";"";"Incertain";"nom séquentiel, image non charcuterie"
"128180a0-1872-4e80-b2ad-6fc7dd68908f";"Jambon de Parme fumé 25";"Jambon — Jambon de Parme fumé 25";"Jambon";"Charcuterie";"Plateau";"";"";"";"350g";"jambon-de-parme-fume-25";"jambon-jambon-de-parme-fume-25";"";"54.00";"";"Supabase";"/images/terminal-3/platters/charcuterie/source/4F7E2465-86D8-4241-8DC1-4CA947FCF77E.PNG";"";"Incertain";"nom séquentiel, image non charcuterie"
"79ac70b4-7903-4e73-a71d-416fb0253d59";"Jambon Serrano premium 26";"Jambon — Jambon Serrano premium 26";"Jambon";"Charcuterie";"Plateau";"";"";"";"400g";"jambon-serrano-premium-26";"jambon-jambon-serrano-premium-26";"";"55.00";"";"Supabase";"/images/terminal-3/platters/charcuterie/platter-charcuterie-01.webp";"";"Incertain";"nom séquentiel, image non charcuterie"
"e9b20e01-1fc0-426e-a9c1-38ac257b769c";"Jambon fumé maison 27";"Jambon — Jambon fumé maison 27";"Jambon";"Charcuterie";"Plateau";"";"";"";"450g";"jambon-fume-maison-27";"jambon-jambon-fume-maison-27";"";"56.00";"";"Supabase";"/images/terminal-3/platters/charcuterie/platter-charcuterie-02.webp";"";"Incertain";"nom séquentiel, image non charcuterie"
"b7717296-7285-4adf-a007-223b5f548d8f";"Jambon de dinde coup de cœur 28";"Jambon — Jambon de dinde coup de cœur 28";"Jambon";"Charcuterie";"Plateau";"";"";"";"500g";"jambon-de-dinde-coup-de-c-ur-28";"jambon-jambon-de-dinde-coup-de-c-ur-28";"";"57.00";"";"Supabase";"/images/terminal-3/platters/charcuterie/platter-charcuterie-03.webp";"";"Incertain";"nom séquentiel, image non charcuterie"
"6f058784-1a64-43a8-9bf5-57867f19edeb";"Filet mignon tradition 29";"Filet — Filet mignon tradition 29";"Filet";"Charcuterie";"Plateau";"";"";"";"550g";"filet-mignon-tradition-29";"filet-filet-mignon-tradition-29";"";"58.00";"";"Supabase";"/images/terminal-3/platters/charcuterie/source/0C224C39-FAC8-4D79-93AC-3CE2976D80EF.PNG";"";"Incertain";"nom séquentiel, image non charcuterie"
"c66bb260-402a-42a6-a411-673d291982b0";"Terrine de campagne sélection 30";"Terrine — Terrine de campagne sélection 30";"Terrine";"Charcuterie";"Plateau";"";"";"";"600g";"terrine-de-campagne-selection-30";"terrine-terrine-de-campagne-selection-30";"";"59.00";"";"Supabase";"/images/terminal-3/platters/charcuterie/source/13061506-D5BF-4F53-97AD-965114D7B4BD.PNG";"";"Incertain";"nom séquentiel, image non charcuterie"
"df279be3-67cc-43df-9bf5-655553728829";"Rillettes artisanal 31";"Rillettes — Rillettes artisanal 31";"Rillettes";"Charcuterie";"Plateau";"";"";"";"650g";"rillettes-artisanal-31";"rillettes-rillettes-artisanal-31";"";"60.00";"";"Supabase";"/images/terminal-3/platters/charcuterie/source/4F7E2465-86D8-4241-8DC1-4CA947FCF77E.PNG";"";"Incertain";"nom séquentiel, image non charcuterie"
"4683c5bf-2d3f-4f6e-8464-c8d243139539";"Pâté en croûte fumé 32";"Pâté — Pâté en croûte fumé 32";"Pâté";"Charcuterie";"Plateau";"";"";"";"700g";"pate-en-croute-fume-32";"pate-pate-en-croute-fume-32";"";"61.00";"";"Supabase";"/images/terminal-3/platters/charcuterie/platter-charcuterie-01.webp";"";"Incertain";"nom séquentiel, image non charcuterie"
"90d640c1-391f-460e-9721-3eb061ee5743";"Mousse de foie premium 33";"Mousse — Mousse de foie premium 33";"Mousse";"Charcuterie";"Plateau";"";"";"";"750g";"mousse-de-foie-premium-33";"mousse-mousse-de-foie-premium-33";"";"62.00";"";"Supabase";"/images/terminal-3/platters/charcuterie/platter-charcuterie-02.webp";"";"Incertain";"nom séquentiel, image non charcuterie"
"20121649-89f0-4ac1-b10b-aa2a8ea085c8";"Boudin maison 34";"Boudin — Boudin maison 34";"Boudin";"Charcuterie";"Plateau";"";"";"";"800g";"boudin-maison-34";"boudin-boudin-maison-34";"";"63.00";"";"Supabase";"/images/terminal-3/platters/charcuterie/platter-charcuterie-03.webp";"";"Incertain";"nom séquentiel, image non charcuterie"
"b2a01ce8-6783-4d22-93f0-dd4b12ec6619";"Saucisson sec coup de cœur 35";"Saucisson — Saucisson sec coup de cœur 35";"Saucisson";"Charcuterie";"Plateau";"";"";"";"850g";"saucisson-sec-coup-de-c-ur-35";"saucisson-saucisson-sec-coup-de-c-ur-35";"";"64.00";"";"Supabase";"/images/terminal-3/platters/charcuterie/source/0C224C39-FAC8-4D79-93AC-3CE2976D80EF.PNG";"";"Incertain";"nom séquentiel, image non charcuterie"
"e16c379a-182e-4e24-9561-fb96c81935d0";"Rosette de Lyon tradition 36";"Rosette — Rosette de Lyon tradition 36";"Rosette";"Charcuterie";"Plateau";"";"";"";"900g";"rosette-de-lyon-tradition-36";"rosette-rosette-de-lyon-tradition-36";"";"65.00";"";"Supabase";"/images/terminal-3/platters/charcuterie/source/13061506-D5BF-4F53-97AD-965114D7B4BD.PNG";"";"Incertain";"nom séquentiel, image non charcuterie"
"5c838929-f51e-43cf-bfc2-06c7d33c4b6a";"Chorizo doux sélection 37";"Chorizo — Chorizo doux sélection 37";"Chorizo";"Charcuterie";"Plateau";"";"";"";"950g";"chorizo-doux-selection-37";"chorizo-chorizo-doux-selection-37";"";"66.00";"";"Supabase";"/images/terminal-3/platters/charcuterie/source/4F7E2465-86D8-4241-8DC1-4CA947FCF77E.PNG";"";"Incertain";"nom séquentiel, image non charcuterie"
"6dba5fdf-b8db-46c0-afd6-ccb54f6a7d57";"Chorizo fort artisanal 38";"Chorizo — Chorizo fort artisanal 38";"Chorizo";"Charcuterie";"Plateau";"";"";"";"1000g";"chorizo-fort-artisanal-38";"chorizo-chorizo-fort-artisanal-38";"";"67.00";"";"Supabase";"/images/terminal-3/platters/charcuterie/platter-charcuterie-01.webp";"";"Incertain";"nom séquentiel, image non charcuterie"
"f876f164-0ccd-4431-8a25-b662c9f7dd45";"Saucisse sèche fumé 39";"Saucisse — Saucisse sèche fumé 39";"Saucisse";"Charcuterie";"Plateau";"";"";"";"1050g";"saucisse-seche-fume-39";"saucisse-saucisse-seche-fume-39";"";"68.00";"";"Supabase";"/images/terminal-3/platters/charcuterie/platter-charcuterie-02.webp";"";"Incertain";"nom séquentiel, image non charcuterie"
"9c62fded-4d78-4b40-953c-932e38c8e5cc";"Jambon de Parme premium 40";"Jambon — Jambon de Parme premium 40";"Jambon";"Charcuterie";"Plateau";"";"";"";"100g";"jambon-de-parme-premium-40";"jambon-jambon-de-parme-premium-40";"";"29.00";"";"Supabase";"/images/terminal-3/platters/charcuterie/platter-charcuterie-03.webp";"";"Incertain";"nom séquentiel, image non charcuterie"
"8c3b0433-4236-4433-8a37-fd4a0fe3361a";"Jambon Serrano maison 41";"Jambon — Jambon Serrano maison 41";"Jambon";"Charcuterie";"Plateau";"";"";"";"150g";"jambon-serrano-maison-41";"jambon-jambon-serrano-maison-41";"";"30.00";"";"Supabase";"/images/terminal-3/platters/charcuterie/source/0C224C39-FAC8-4D79-93AC-3CE2976D80EF.PNG";"";"Incertain";"nom séquentiel, image non charcuterie"
"70000000-0000-0000-0000-000070000096";"Syrah 2028";"Syrah 2028";"";"Vins";"Whisky";"2028";"";"750ml";"";"domaine-du-castel-syrah-2028-150";"syrah-2028";"";"109.00";"";"Supabase";"/images/terminal-3/spirits/whisky/59001DFD-18ED-4E6A-8081-4CB4C5AC7CF9.PNG";"";"Incertain";"marque non détectée, image non vin"
"70000000-0000-0000-0000-0000700000a2";"Petit Castel 2020";"Castel — Petit Castel 2020";"Castel";"Vins";"Whisky";"2020";"";"750ml";"";"recanati-petit-castel-2020-162";"castel-petit-castel-2020";"";"121.00";"";"Supabase";"/images/terminal-3/spirits/whisky/63A683B5-CAEB-44EB-866F-DDCFF8E5E37B.PNG";"";"Incertain";"image non vin"
"70000000-0000-0000-0000-0000700000a3";"Cointreau Extra Añejo";"Cointreau — Cointreau Extra Añejo";"Cointreau";"Spiritueux";"Whisky";"";"";"700ml";"";"cointreau-cointreau-extra-anejo-163";"cointreau-cointreau-extra-anejo";"";"102.00";"";"Supabase";"/images/terminal-3/spirits/whisky/63B5A750-89FC-472F-8FFE-08B5DA5B4BAF.PNG";"";"Incertain";"sous-catégorie incohérente: DB=TEQUILA image=Whisky"
"af66da51-23f7-4b2a-ad9e-67ead35fdef8";"Jambon fumé coup de cœur 42";"Jambon — Jambon fumé coup de cœur 42";"Jambon";"Charcuterie";"Plateau";"";"";"";"200g";"jambon-fume-coup-de-c-ur-42";"jambon-jambon-fume-coup-de-c-ur-42";"";"31.00";"";"Supabase";"/images/terminal-3/platters/charcuterie/source/13061506-D5BF-4F53-97AD-965114D7B4BD.PNG";"";"Incertain";"nom séquentiel, image non charcuterie"
"5b435ffc-0c58-42cf-a158-3b670d01740f";"Jambon de dinde tradition 43";"Jambon — Jambon de dinde tradition 43";"Jambon";"Charcuterie";"Plateau";"";"";"";"250g";"jambon-de-dinde-tradition-43";"jambon-jambon-de-dinde-tradition-43";"";"32.00";"";"Supabase";"/images/terminal-3/platters/charcuterie/source/4F7E2465-86D8-4241-8DC1-4CA947FCF77E.PNG";"";"Incertain";"nom séquentiel, image non charcuterie"
"fc419431-e8a1-4729-812c-046e01ed3fcc";"Filet mignon sélection 44";"Filet — Filet mignon sélection 44";"Filet";"Charcuterie";"Plateau";"";"";"";"300g";"filet-mignon-selection-44";"filet-filet-mignon-selection-44";"";"33.00";"";"Supabase";"/images/terminal-3/platters/charcuterie/platter-charcuterie-01.webp";"";"Incertain";"nom séquentiel, image non charcuterie"
"e7780734-884b-4530-b200-61fb061d01c5";"Terrine de campagne artisanal 45";"Terrine — Terrine de campagne artisanal 45";"Terrine";"Charcuterie";"Plateau";"";"";"";"350g";"terrine-de-campagne-artisanal-45";"terrine-terrine-de-campagne-artisanal-45";"";"34.00";"";"Supabase";"/images/terminal-3/platters/charcuterie/platter-charcuterie-02.webp";"";"Incertain";"nom séquentiel, image non charcuterie"
"36a1c00c-6c7c-4c35-9093-83b9d39fa889";"Rillettes fumé 46";"Rillettes — Rillettes fumé 46";"Rillettes";"Charcuterie";"Plateau";"";"";"";"400g";"rillettes-fume-46";"rillettes-rillettes-fume-46";"";"35.00";"";"Supabase";"/images/terminal-3/platters/charcuterie/platter-charcuterie-03.webp";"";"Incertain";"nom séquentiel, image non charcuterie"
"261e409e-6cb2-45bf-83cb-d20f78304f1b";"Pâté en croûte premium 47";"Pâté — Pâté en croûte premium 47";"Pâté";"Charcuterie";"Plateau";"";"";"";"450g";"pate-en-croute-premium-47";"pate-pate-en-croute-premium-47";"";"36.00";"";"Supabase";"/images/terminal-3/platters/charcuterie/source/0C224C39-FAC8-4D79-93AC-3CE2976D80EF.PNG";"";"Incertain";"nom séquentiel, image non charcuterie"
"beb14e23-e0a0-4961-8852-b10f485a99f8";"Mousse de foie maison 48";"Mousse — Mousse de foie maison 48";"Mousse";"Charcuterie";"Plateau";"";"";"";"500g";"mousse-de-foie-maison-48";"mousse-mousse-de-foie-maison-48";"";"37.00";"";"Supabase";"/images/terminal-3/platters/charcuterie/source/13061506-D5BF-4F53-97AD-965114D7B4BD.PNG";"";"Incertain";"nom séquentiel, image non charcuterie"
"15431e31-8f14-415a-b081-5954aba52299";"Boudin coup de cœur 49";"Boudin — Boudin coup de cœur 49";"Boudin";"Charcuterie";"Plateau";"";"";"";"550g";"boudin-coup-de-c-ur-49";"boudin-boudin-coup-de-c-ur-49";"";"38.00";"";"Supabase";"/images/terminal-3/platters/charcuterie/source/4F7E2465-86D8-4241-8DC1-4CA947FCF77E.PNG";"";"Incertain";"nom séquentiel, image non charcuterie"
"70000000-0000-0000-0000-000070000033";"Viognier 2029";"Viognier 2029";"";"Vins";"Autres vins";"2029";"";"";"";"galil-mountain-viognier-2029-51";"viognier-2029";"";"130.00";"";"Supabase";"/images/terminal-3/wines/other-brands/wine-other-brand-24.webp";"";"Incertain";"marque non détectée"
"70000000-0000-0000-0000-000070000034";"Pernod Vanilla";"Pernod — Pernod Vanilla";"Pernod";"Spiritueux";"Autres vins";"";"";"";"";"pernod-pernod-vanilla-52";"pernod-pernod-vanilla";"";"141.00";"";"Supabase";"/images/terminal-3/wines/other-brands/wine-other-brand-25.webp";"";"Incertain";"image non spiritueux, sous-catégorie incohérente: DB=VODKA image=Autres vins"
"70000000-0000-0000-0000-000070000035";"Ouzo Mediterranean";"Ouzo — Ouzo Mediterranean";"Ouzo";"Spiritueux";"Autres vins";"";"";"";"";"ouzo-ouzo-mediterranean-53";"ouzo-ouzo-mediterranean";"";"142.00";"";"Supabase";"/images/terminal-3/wines/other-brands/wine-other-brand-26.webp";"";"Incertain";"image non spiritueux, sous-catégorie incohérente: DB=GIN image=Autres vins"
"70000000-0000-0000-0000-000070000036";"Petit Castel 2032";"Castel — Petit Castel 2032";"Castel";"Vins";"Autres vins";"2032";"";"";"";"shiloh-petit-castel-2032-54";"castel-petit-castel-2032";"";"133.00";"";"Supabase";"/images/terminal-3/wines/other-brands/wine-other-brand-27.webp";"";"Certain";""
"70000000-0000-0000-0000-000070000037";"Askalon Elite";"Askalon — Askalon Elite";"Askalon";"Spiritueux";"Autres vins";"";"";"";"";"askalon-askalon-elite-55";"askalon-askalon-elite";"";"144.00";"";"Supabase";"/images/terminal-3/wines/other-brands/wine-other-brand-28.webp";"";"Incertain";"image non spiritueux, sous-catégorie incohérente: DB=ARAK image=Autres vins"
"70000000-0000-0000-0000-000070000038";"Tubi 60 12 ans";"Tubi — Tubi 60 12 ans";"Tubi";"Spiritueux";"Autres vins";"";"12";"";"";"tubi-60-tubi-60-12-ans-56";"tubi-tubi-60-12-ans";"";"145.00";"";"Supabase";"/images/terminal-3/wines/other-brands/wine-other-brand-29.webp";"";"Incertain";"image non spiritueux, sous-catégorie incohérente: DB=WHISKY image=Autres vins"
"70000000-0000-0000-0000-000070000039";"Merlot 2035";"Merlot 2035";"";"Vins";"Autres vins";"2035";"";"";"";"recanati-merlot-2035-57";"merlot-2035";"";"136.00";"";"Supabase";"/images/terminal-3/wines/other-brands/wine-other-brand-30.webp";"";"Incertain";"marque non détectée"
"70000000-0000-0000-0000-00007000003a";"Chivas Regal 15 ans";"Chivas Regal — Chivas Regal 15 ans";"Chivas Regal";"Spiritueux";"Autres vins";"";"15";"";"";"chivas-regal-chivas-regal-15-ans-58";"chivas-regal-chivas-regal-15-ans";"";"147.00";"";"Supabase";"/images/terminal-3/wines/other-brands/wine-other-brand-31.webp";"";"Incertain";"image non spiritueux, sous-catégorie incohérente: DB=RHUM image=Autres vins"
"70000000-0000-0000-0000-00007000003b";"Glenfiddich";"Glenfiddich — Glenfiddich";"Glenfiddich";"Spiritueux";"Autres vins";"";"";"";"";"glenfiddich-glenfiddich-59";"glenfiddich-glenfiddich";"";"148.00";"";"Supabase";"/images/terminal-3/wines/other-brands/wine-other-brand-32.webp";"";"Incertain";"image non spiritueux, sous-catégorie incohérente: DB=TEQUILA image=Autres vins"
"70000000-0000-0000-0000-00007000003c";"Syrah 2018";"Syrah 2018";"";"Vins";"Autres vins";"2018";"";"";"";"domaine-du-castel-syrah-2018-60";"syrah-2018";"";"79.00";"";"Supabase";"/images/terminal-3/wines/other-brands/wine-other-brand-33.webp";"";"Incertain";"marque non détectée"
"661f2e26-92a2-44f1-8be1-ee41f36f5119";"Saumon fumé d'Écosse tradition 0";"Saumon — Saumon fumé d'Écosse tradition 0";"Saumon";"Poissons fumés";"Saumon fumé";"";"";"";"600g";"saumon-fume-d-ecosse-tradition-0";"saumon-saumon-fume-d-ecosse-tradition-0";"";"39.00";"";"Supabase";"/images/terminal-3/fish/salmon/fish-salmon-11.webp";"";"Incertain";"nom séquentiel"
"3af7773c-2778-4c4a-a48a-2a3321d70af9";"Saumon gravlax sélection 1";"Saumon — Saumon gravlax sélection 1";"Saumon";"Poissons fumés";"Saumon fumé";"";"";"";"650g";"saumon-gravlax-selection-1";"saumon-saumon-gravlax-selection-1";"";"40.00";"";"Supabase";"/images/terminal-3/fish/salmon/fish-salmon-12.webp";"";"Incertain";"nom séquentiel"
"73d78be2-3752-4f1a-a674-46f4171869e6";"Saumon fumé norvégien artisanal 2";"Saumon — Saumon fumé norvégien artisanal 2";"Saumon";"Poissons fumés";"Saumon fumé";"";"";"";"700g";"saumon-fume-norvegien-artisanal-2";"saumon-saumon-fume-norvegien-artisanal-2";"";"41.00";"";"Supabase";"/images/terminal-3/fish/salmon/fish-salmon-13.webp";"";"Incertain";"nom séquentiel"
"caa2db9f-5513-4825-a044-c1fadc2a9d11";"Truite fumée fumé 3";"Truite — Truite fumée fumé 3";"Truite";"Poissons fumés";"Saumon fumé";"";"";"";"750g";"truite-fumee-fume-3";"truite-truite-fumee-fume-3";"";"42.00";"";"Supabase";"/images/terminal-3/fish/salmon/fish-salmon-14.webp";"";"Incertain";"nom séquentiel"
"08e77c6b-a5f5-4db6-a42a-d91d87e203bc";"Maquereau fumé premium 4";"Maquereau — Maquereau fumé premium 4";"Maquereau";"Poissons fumés";"Saumon fumé";"";"";"";"800g";"maquereau-fume-premium-4";"maquereau-maquereau-fume-premium-4";"";"43.00";"";"Supabase";"/images/terminal-3/fish/salmon/fish-salmon-15.webp";"";"Incertain";"nom séquentiel"
"d04ce16f-cbf2-4f2c-892b-0bcb7933814a";"Hareng fumé maison 5";"Hareng — Hareng fumé maison 5";"Hareng";"Poissons fumés";"Saumon fumé";"";"";"";"850g";"hareng-fume-maison-5";"hareng-hareng-fume-maison-5";"";"44.00";"";"Supabase";"/images/terminal-3/fish/salmon/fish-salmon-16.webp";"";"Incertain";"nom séquentiel"
"b37074e9-c03f-41f0-8467-faaaf3d691a0";"Sardine fumée coup de cœur 6";"Sardine — Sardine fumée coup de cœur 6";"Sardine";"Poissons fumés";"Saumon fumé";"";"";"";"900g";"sardine-fumee-coup-de-c-ur-6";"sardine-sardine-fumee-coup-de-c-ur-6";"";"45.00";"";"Supabase";"/images/terminal-3/fish/salmon/fish-salmon-17.webp";"";"Incertain";"nom séquentiel"
"784dfeff-3c1f-4059-8b13-6e557480095a";"Filet de saumon tradition 7";"Filet — Filet de saumon tradition 7";"Filet";"Poissons fumés";"Saumon fumé";"";"";"";"950g";"filet-de-saumon-tradition-7";"filet-filet-de-saumon-tradition-7";"";"46.00";"";"Supabase";"/images/terminal-3/fish/salmon/fish-salmon-18.webp";"";"Incertain";"nom séquentiel"
"e48f176d-6d41-46eb-bf64-8c8554e73d66";"Roses de saumon sélection 8";"Roses — Roses de saumon sélection 8";"Roses";"Poissons fumés";"Saumon fumé";"";"";"";"1000g";"roses-de-saumon-selection-8";"roses-roses-de-saumon-selection-8";"";"47.00";"";"Supabase";"/images/terminal-3/fish/salmon/fish-salmon-19.webp";"";"Incertain";"nom séquentiel"
"d7a1ece6-fe0d-48e5-88cc-be1372ff70a1";"Toast de saumon artisanal 9";"Toast — Toast de saumon artisanal 9";"Toast";"Poissons fumés";"Saumon Sarfati";"";"";"";"1050g";"toast-de-saumon-artisanal-9";"toast-toast-de-saumon-artisanal-9";"";"48.00";"";"Supabase";"/images/terminal-3/fish/salmon/fish-salmon-sarfati-01.webp";"";"Incertain";"nom séquentiel"
"323871bd-c243-4d21-960a-58aa26214f93";"Saumon fumé d'Écosse fumé 10";"Saumon — Saumon fumé d'Écosse fumé 10";"Saumon";"Poissons fumés";"Saumon Sarfati";"";"";"";"100g";"saumon-fume-d-ecosse-fume-10";"saumon-saumon-fume-d-ecosse-fume-10";"";"49.00";"";"Supabase";"/images/terminal-3/fish/salmon/fish-salmon-sarfati-02.webp";"";"Incertain";"nom séquentiel"
"27abd248-1d6f-40b0-8cc5-d58dde418861";"Saumon gravlax premium 11";"Saumon — Saumon gravlax premium 11";"Saumon";"Poissons fumés";"Saumon Sarfati";"";"";"";"150g";"saumon-gravlax-premium-11";"saumon-saumon-gravlax-premium-11";"";"50.00";"";"Supabase";"/images/terminal-3/fish/salmon/fish-salmon-sarfati-03.webp";"";"Incertain";"nom séquentiel"
"f27afad9-6577-407c-980b-25639bf74feb";"Saumon fumé norvégien maison 12";"Saumon — Saumon fumé norvégien maison 12";"Saumon";"Poissons fumés";"Saumon Sarfati";"";"";"";"200g";"saumon-fume-norvegien-maison-12";"saumon-saumon-fume-norvegien-maison-12";"";"51.00";"";"Supabase";"/images/terminal-3/fish/salmon/fish-salmon-sarfati-04.webp";"";"Incertain";"nom séquentiel"
"d6745ee9-5a71-49d8-8e9c-3c1b2220a82e";"Truite fumée coup de cœur 13";"Truite — Truite fumée coup de cœur 13";"Truite";"Poissons fumés";"Saumon Sarfati";"";"";"";"250g";"truite-fumee-coup-de-c-ur-13";"truite-truite-fumee-coup-de-c-ur-13";"";"52.00";"";"Supabase";"/images/terminal-3/fish/salmon/fish-salmon-sarfati-05.webp";"";"Incertain";"nom séquentiel"
"1e0ddcc0-3709-4efd-b1e4-88748bcb1ff7";"Maquereau fumé tradition 14";"Maquereau — Maquereau fumé tradition 14";"Maquereau";"Poissons fumés";"Saumon Sarfati";"";"";"";"300g";"maquereau-fume-tradition-14";"maquereau-maquereau-fume-tradition-14";"";"53.00";"";"Supabase";"/images/terminal-3/fish/salmon/fish-salmon-sarfati-06.webp";"";"Incertain";"nom séquentiel"
"a3e66834-885b-46e1-8ad1-0c9447ce6aec";"Hareng fumé sélection 15";"Hareng — Hareng fumé sélection 15";"Hareng";"Poissons fumés";"Saumon Sarfati";"";"";"";"350g";"hareng-fume-selection-15";"hareng-hareng-fume-selection-15";"";"54.00";"";"Supabase";"/images/terminal-3/fish/salmon/fish-salmon-sarfati-07.webp";"";"Incertain";"nom séquentiel"
"8f388549-0bf5-4022-9713-b1b47a3a7d3e";"Sardine fumée artisanal 16";"Sardine — Sardine fumée artisanal 16";"Sardine";"Poissons fumés";"Saumon Sarfati";"";"";"";"400g";"sardine-fumee-artisanal-16";"sardine-sardine-fumee-artisanal-16";"";"55.00";"";"Supabase";"/images/terminal-3/fish/salmon/fish-salmon-sarfati-08.webp";"";"Incertain";"nom séquentiel"
"8f8b57d2-2165-4a6c-b688-b23592160007";"Filet de saumon fumé 17";"Filet — Filet de saumon fumé 17";"Filet";"Poissons fumés";"Saumon fumé";"";"";"";"450g";"filet-de-saumon-fume-17";"filet-filet-de-saumon-fume-17";"";"56.00";"";"Supabase";"/images/terminal-3/fish/salmon/source/1250CF29-FB26-43A8-9382-B83E5FEF0D83 3.PNG";"";"Incertain";"nom séquentiel"
"699cd697-b86b-4386-b45f-002d76f8f71f";"Roses de saumon premium 18";"Roses — Roses de saumon premium 18";"Roses";"Poissons fumés";"Saumon fumé";"";"";"";"500g";"roses-de-saumon-premium-18";"roses-roses-de-saumon-premium-18";"";"57.00";"";"Supabase";"/images/terminal-3/fish/salmon/source/1250CF29-FB26-43A8-9382-B83E5FEF0D83.PNG";"";"Incertain";"nom séquentiel"
"f51c7ffa-d73c-4470-a617-8a7dc05000c5";"Toast de saumon maison 19";"Toast — Toast de saumon maison 19";"Toast";"Poissons fumés";"Saumon fumé";"";"";"";"550g";"toast-de-saumon-maison-19";"toast-toast-de-saumon-maison-19";"";"58.00";"";"Supabase";"/images/terminal-3/fish/salmon/source/1F0CF3D9-84A2-4B72-B354-7437D09B7A84 3.PNG";"";"Incertain";"nom séquentiel"
"fa6e934c-9105-4acd-84ed-68a3ab05b1f2";"Saumon fumé d'Écosse coup de cœur 20";"Saumon — Saumon fumé d'Écosse coup de cœur 20";"Saumon";"Poissons fumés";"Saumon fumé";"";"";"";"600g";"saumon-fume-d-ecosse-coup-de-c-ur-20";"saumon-saumon-fume-d-ecosse-coup-de-c-ur-20";"";"59.00";"";"Supabase";"/images/terminal-3/fish/salmon/source/1F0CF3D9-84A2-4B72-B354-7437D09B7A84.PNG";"";"Incertain";"nom séquentiel"
"e89b0361-0a94-4e39-9cf4-9d9402d64e92";"Saumon gravlax tradition 21";"Saumon — Saumon gravlax tradition 21";"Saumon";"Poissons fumés";"Saumon fumé";"";"";"";"650g";"saumon-gravlax-tradition-21";"saumon-saumon-gravlax-tradition-21";"";"60.00";"";"Supabase";"/images/terminal-3/fish/salmon/source/3BA6E8D1-2572-46D3-8DD9-463E2A0E137E.PNG";"";"Incertain";"nom séquentiel"
"70000000-0000-0000-0000-0000700000b8";"Bacardi 18 ans";"Bacardi — Bacardi 18 ans";"Bacardi";"Spiritueux";"Whisky";"";"18";"700ml";"";"bacardi-bacardi-18-ans-184";"bacardi-bacardi-18-ans";"";"123.00";"";"Supabase";"/images/terminal-3/spirits/whisky/887DF729-18BD-48B7-AEB6-6A7FDC3894CB.PNG";"";"Incertain";"sous-catégorie incohérente: DB=WHISKY image=Whisky"
"e34ea8a5-7f01-4994-91e9-8a3468eda0f9";"Saumon fumé norvégien sélection 22";"Saumon — Saumon fumé norvégien sélection 22";"Saumon";"Poissons fumés";"Saumon fumé";"";"";"";"700g";"saumon-fume-norvegien-selection-22";"saumon-saumon-fume-norvegien-selection-22";"";"61.00";"";"Supabase";"/images/terminal-3/fish/salmon/source/673CDBC2-BE2E-45C3-8DF0-E2C289095255 3.PNG";"";"Incertain";"nom séquentiel"
"633ba065-5a6d-4475-b001-a83cbd5c66b5";"Truite fumée artisanal 23";"Truite — Truite fumée artisanal 23";"Truite";"Poissons fumés";"Saumon fumé";"";"";"";"750g";"truite-fumee-artisanal-23";"truite-truite-fumee-artisanal-23";"";"62.00";"";"Supabase";"/images/terminal-3/fish/salmon/source/673CDBC2-BE2E-45C3-8DF0-E2C289095255.PNG";"";"Incertain";"nom séquentiel"
"41d3acdd-eecd-43ab-8cee-9ee2275f8049";"Maquereau fumé fumé 24";"Maquereau — Maquereau fumé fumé 24";"Maquereau";"Poissons fumés";"Saumon fumé";"";"";"";"800g";"maquereau-fume-fume-24";"maquereau-maquereau-fume-fume-24";"";"63.00";"";"Supabase";"/images/terminal-3/fish/salmon/source/8E247F31-CC39-418A-B6D0-75F2795FABE2 3.PNG";"";"Incertain";"nom séquentiel"
"70000000-0000-0000-0000-00007000006c";"Petit Castel 2026";"Castel — Petit Castel 2026";"Castel";"Vins";"Whisky";"2026";"";"750ml";"";"carmel-petit-castel-2026-108";"castel-petit-castel-2026";"";"127.00";"";"Supabase";"/images/terminal-3/spirits/whisky/1AF6FD35-54F9-4B6F-8347-DFE09D5E1347.PNG";"";"Incertain";"image non vin"
"70000000-0000-0000-0000-0000700000c8";"Yamazaki Double Wood";"Yamazaki — Yamazaki Double Wood";"Yamazaki";"Spiritueux";"Whisky";"";"";"700ml";"";"yamazaki-yamazaki-double-wood-200";"yamazaki-yamazaki-double-wood";"";"139.00";"";"Supabase";"/images/terminal-3/spirits/whisky/9E904A9F-64E3-4ED1-852F-95C799539067.PNG";"";"Incertain";"sous-catégorie incohérente: DB=WHISKY image=Whisky"
"70000000-0000-0000-0000-0000700000c9";"Merlot 2019";"Merlot 2019";"";"Vins";"Whisky";"2019";"";"750ml";"";"galil-mountain-merlot-2019-201";"merlot-2019";"";"100.00";"";"Supabase";"/images/terminal-3/spirits/whisky/9F77F0EB-4EC5-46EC-9DD8-78168CAB153E.PNG";"";"Incertain";"marque non détectée, image non vin"
"70000000-0000-0000-0000-0000700000ca";"Nikka";"Nikka — Nikka";"Nikka";"Spiritueux";"Whisky";"";"";"700ml";"";"nikka-nikka-202";"nikka-nikka";"";"141.00";"";"Supabase";"/images/terminal-3/spirits/whisky/A1BE37C8-7AEB-4A4F-961F-E275B3DE5406.PNG";"";"Incertain";"sous-catégorie incohérente: DB=RHUM image=Whisky"
"70000000-0000-0000-0000-00007000017a";"Petit Castel 2036";"Castel — Petit Castel 2036";"Castel";"Vins";"Whisky";"2036";"";"750ml";"";"carmel-petit-castel-2036-378";"castel-petit-castel-2036";"";"97.00";"";"Supabase";"/images/terminal-3/spirits/whisky/26C24598-77B0-41E0-A70A-6D8C7D4DA96E.PNG";"";"Incertain";"image non vin"
"70000000-0000-0000-0000-00007000017b";"Ballantine's";"Ballantine's — Ballantine's";"Ballantine's";"Spiritueux";"Whisky";"";"";"700ml";"";"ballantine-s-ballantine-s-379";"ballantine-s-ballantine-s";"";"168.00";"";"Supabase";"/images/terminal-3/spirits/whisky/27788521-6BBB-4116-A76A-F5BBAAB30795.PNG";"";"Incertain";"sous-catégorie incohérente: DB=TEQUILA image=Whisky"
"70000000-0000-0000-0000-00007000017c";"Famous Grouse Original";"Famous — Famous Grouse Original";"Famous";"Spiritueux";"Whisky";"";"";"700ml";"";"famous-grouse-famous-grouse-original-380";"famous-famous-grouse-original";"";"169.00";"";"Supabase";"/images/terminal-3/spirits/whisky/27B402D3-6999-4F4C-9932-79F7BE56D255.PNG";"";"Incertain";"sous-catégorie incohérente: DB=VODKA image=Whisky"
"70000000-0000-0000-0000-00007000017d";"Merlot 2019";"Merlot 2019";"";"Vins";"Whisky";"2019";"";"750ml";"";"galil-mountain-merlot-2019-381";"merlot-2019";"";"100.00";"";"Supabase";"/images/terminal-3/spirits/whisky/287E003F-9118-4332-B5CF-C63DA4A6DE8A.PNG";"";"Incertain";"marque non détectée, image non vin"
"70000000-0000-0000-0000-00007000017e";"Dewar's Orange";"Dewar's — Dewar's Orange";"Dewar's";"Spiritueux";"Whisky";"";"";"700ml";"";"dewar-s-dewar-s-orange-382";"dewar-s-dewar-s-orange";"";"171.00";"";"Supabase";"/images/terminal-3/spirits/whisky/29678DC5-B774-45F4-A4D7-3E421C71DC4D.PNG";"";"Incertain";"sous-catégorie incohérente: DB=LIQUEUR image=Whisky"
"70000000-0000-0000-0000-00007000017f";"Bushmills Anisé";"Bushmills — Bushmills Anisé";"Bushmills";"Spiritueux";"Whisky";"";"";"700ml";"";"bushmills-bushmills-anise-383";"bushmills-bushmills-anise";"";"172.00";"";"Supabase";"/images/terminal-3/spirits/whisky/2ABCD09A-27EC-40AB-89F6-F5ACFDCE40B1.PNG";"";"Incertain";"sous-catégorie incohérente: DB=ARAK image=Whisky"
"70000000-0000-0000-0000-000070000180";"Syrah 2022";"Syrah 2022";"";"Vins";"Whisky";"2022";"";"750ml";"";"shiloh-syrah-2022-384";"syrah-2022";"";"103.00";"";"Supabase";"/images/terminal-3/spirits/whisky/2B055468-CF51-45B8-9E17-988239EA8AC2.PNG";"";"Incertain";"marque non détectée, image non vin"
"70000000-0000-0000-0000-000070000181";"Ararat V.S.O.P";"Ararat — Ararat V.S.O.P";"Ararat";"Spiritueux";"Whisky";"";"";"700ml";"";"ararat-ararat-v-s-o-p-385";"ararat-ararat-v-s-o-p";"";"174.00";"";"Supabase";"/images/terminal-3/spirits/whisky/2B4D298F-8878-42F2-88DB-6903277515CE.PNG";"";"Incertain";"sous-catégorie incohérente: DB=COGNAC image=Whisky"
"70000000-0000-0000-0000-000070000182";"Khvanchkara 12 ans";"Khvanchkara — Khvanchkara 12 ans";"Khvanchkara";"Spiritueux";"Whisky";"";"12";"700ml";"";"khvanchkara-khvanchkara-12-ans-386";"khvanchkara-khvanchkara-12-ans";"";"175.00";"";"Supabase";"/images/terminal-3/spirits/whisky/2C0F3DAF-A217-43A7-B97F-0549DBDB0957.PNG";"";"Incertain";"sous-catégorie incohérente: DB=RHUM image=Whisky"
"70000000-0000-0000-0000-000070000183";"Rouge de Galilée 2025";"Rouge de Galilée 2025";"";"Vins";"Whisky";"2025";"";"750ml";"";"recanati-rouge-de-galilee-2025-387";"rouge-de-galilee-2025";"";"106.00";"";"Supabase";"/images/terminal-3/spirits/whisky/2DEDFB66-21FE-43A9-B52C-7D05138CC490.PNG";"";"Incertain";"marque non détectée, image non vin"
"70000000-0000-0000-0000-000070000184";"Cîroc Berry";"Cîroc — Cîroc Berry";"Cîroc";"Spiritueux";"Whisky";"";"";"700ml";"";"ciroc-ciroc-berry-388";"ciroc-ciroc-berry";"";"177.00";"";"Supabase";"/images/terminal-3/spirits/whisky/2F699C34-9F32-4727-BA58-0A5242A53131.PNG";"";"Incertain";"sous-catégorie incohérente: DB=VODKA image=Whisky"
"70000000-0000-0000-0000-000070000185";"Beluga";"Beluga — Beluga";"Beluga";"Spiritueux";"Whisky";"";"";"700ml";"";"beluga-beluga-389";"beluga-beluga";"";"178.00";"";"Supabase";"/images/terminal-3/spirits/whisky/314198A4-0C3A-4572-A8B1-1D830FA3DC84.PNG";"";"Incertain";"sous-catégorie incohérente: DB=GIN image=Whisky"
"72c7708a-dcc1-4ea1-a519-d6e067ec1bd3";"Hareng fumé premium 25";"Hareng — Hareng fumé premium 25";"Hareng";"Poissons fumés";"Saumon fumé";"";"";"";"850g";"hareng-fume-premium-25";"hareng-hareng-fume-premium-25";"";"64.00";"";"Supabase";"/images/terminal-3/fish/salmon/source/8E247F31-CC39-418A-B6D0-75F2795FABE2.PNG";"";"Incertain";"nom séquentiel"
"33704906-234e-4e79-9921-9c16f0d5afbd";"Sardine fumée maison 26";"Sardine — Sardine fumée maison 26";"Sardine";"Poissons fumés";"Saumon fumé";"";"";"";"900g";"sardine-fumee-maison-26";"sardine-sardine-fumee-maison-26";"";"65.00";"";"Supabase";"/images/terminal-3/fish/salmon/source/949E2F7A-2DCD-4D7D-BD1D-846B67944652 3.PNG";"";"Incertain";"nom séquentiel"
"920f0186-dac1-44c1-be2b-c7d0c42731d9";"Filet de saumon coup de cœur 27";"Filet — Filet de saumon coup de cœur 27";"Filet";"Poissons fumés";"Saumon fumé";"";"";"";"950g";"filet-de-saumon-coup-de-c-ur-27";"filet-filet-de-saumon-coup-de-c-ur-27";"";"66.00";"";"Supabase";"/images/terminal-3/fish/salmon/source/949E2F7A-2DCD-4D7D-BD1D-846B67944652.PNG";"";"Incertain";"nom séquentiel"
"7a66d353-58be-4f4b-a0fa-80ff7c2f96c9";"Roses de saumon tradition 28";"Roses — Roses de saumon tradition 28";"Roses";"Poissons fumés";"Saumon fumé";"";"";"";"1000g";"roses-de-saumon-tradition-28";"roses-roses-de-saumon-tradition-28";"";"67.00";"";"Supabase";"/images/terminal-3/fish/salmon/source/C5C183C9-832B-4F68-A13D-2165B46B3D88 3.PNG";"";"Incertain";"nom séquentiel"
"5dc5c175-fd6a-405a-8d7a-5f96f373543c";"Toast de saumon sélection 29";"Toast — Toast de saumon sélection 29";"Toast";"Poissons fumés";"Saumon fumé";"";"";"";"1050g";"toast-de-saumon-selection-29";"toast-toast-de-saumon-selection-29";"";"68.00";"";"Supabase";"/images/terminal-3/fish/salmon/source/C5C183C9-832B-4F68-A13D-2165B46B3D88.PNG";"";"Incertain";"nom séquentiel"
"72e5ac72-0a90-4c89-86d0-64fe4163d965";"Saumon fumé d'Écosse artisanal 30";"Saumon — Saumon fumé d'Écosse artisanal 30";"Saumon";"Poissons fumés";"Saumon fumé";"";"";"";"100g";"saumon-fume-d-ecosse-artisanal-30";"saumon-saumon-fume-d-ecosse-artisanal-30";"";"29.00";"";"Supabase";"/images/terminal-3/fish/salmon/source/CC647D86-6227-4DEE-894B-5FD36C6A0AC4 3.PNG";"";"Incertain";"nom séquentiel"
"f7ac5545-8781-4649-9d7d-d7a5b01c2a6e";"Saumon gravlax fumé 31";"Saumon — Saumon gravlax fumé 31";"Saumon";"Poissons fumés";"Saumon fumé";"";"";"";"150g";"saumon-gravlax-fume-31";"saumon-saumon-gravlax-fume-31";"";"30.00";"";"Supabase";"/images/terminal-3/fish/salmon/source/CC647D86-6227-4DEE-894B-5FD36C6A0AC4.PNG";"";"Incertain";"nom séquentiel"
"c6e24b3c-b31b-4cdc-8e61-d4626fb27665";"Saumon fumé norvégien premium 32";"Saumon — Saumon fumé norvégien premium 32";"Saumon";"Poissons fumés";"Saumon fumé";"";"";"";"200g";"saumon-fume-norvegien-premium-32";"saumon-saumon-fume-norvegien-premium-32";"";"31.00";"";"Supabase";"/images/terminal-3/fish/salmon/source/E0920E77-C6CA-4328-9DFF-36411455B7C3 3.PNG";"";"Incertain";"nom séquentiel"
"8a36da60-7766-40e4-b729-595f8c06a828";"Truite fumée maison 33";"Truite — Truite fumée maison 33";"Truite";"Poissons fumés";"Saumon fumé";"";"";"";"250g";"truite-fumee-maison-33";"truite-truite-fumee-maison-33";"";"32.00";"";"Supabase";"/images/terminal-3/fish/salmon/source/E0920E77-C6CA-4328-9DFF-36411455B7C3.PNG";"";"Incertain";"nom séquentiel"
"3cdeae5b-a962-4267-b414-386f44a1c5b4";"Maquereau fumé coup de cœur 34";"Maquereau — Maquereau fumé coup de cœur 34";"Maquereau";"Poissons fumés";"Saumon fumé";"";"";"";"300g";"maquereau-fume-coup-de-c-ur-34";"maquereau-maquereau-fume-coup-de-c-ur-34";"";"33.00";"";"Supabase";"/images/terminal-3/fish/salmon/source/ED10A42B-CAD4-4943-BE4A-D020CE2900AF 3.PNG";"";"Incertain";"nom séquentiel"
"188faf37-5c45-4b6e-90be-1ead80a0fa08";"Hareng fumé tradition 35";"Hareng — Hareng fumé tradition 35";"Hareng";"Poissons fumés";"Saumon fumé";"";"";"";"350g";"hareng-fume-tradition-35";"hareng-hareng-fume-tradition-35";"";"34.00";"";"Supabase";"/images/terminal-3/fish/salmon/source/ED10A42B-CAD4-4943-BE4A-D020CE2900AF.PNG";"";"Incertain";"nom séquentiel"
"ef684ca6-d089-4f15-a7ba-56fcec2d54d5";"Sardine fumée sélection 36";"Sardine — Sardine fumée sélection 36";"Sardine";"Poissons fumés";"Saumon fumé";"";"";"";"400g";"sardine-fumee-selection-36";"sardine-sardine-fumee-selection-36";"";"35.00";"";"Supabase";"/images/terminal-3/fish/salmon/source/1250CF29-FB26-43A8-9382-B83E5FEF0D83 3.PNG";"";"Incertain";"nom séquentiel"
"a03a5916-2aff-4f92-9874-2fe7878c2997";"Filet de saumon artisanal 37";"Filet — Filet de saumon artisanal 37";"Filet";"Poissons fumés";"Saumon fumé";"";"";"";"450g";"filet-de-saumon-artisanal-37";"filet-filet-de-saumon-artisanal-37";"";"36.00";"";"Supabase";"/images/terminal-3/fish/salmon/source/1250CF29-FB26-43A8-9382-B83E5FEF0D83.PNG";"";"Incertain";"nom séquentiel"
"08a5a292-60fd-4e5e-a3c6-7d7660a26471";"Roses de saumon fumé 38";"Roses — Roses de saumon fumé 38";"Roses";"Poissons fumés";"Saumon fumé";"";"";"";"500g";"roses-de-saumon-fume-38";"roses-roses-de-saumon-fume-38";"";"37.00";"";"Supabase";"/images/terminal-3/fish/salmon/source/1F0CF3D9-84A2-4B72-B354-7437D09B7A84 3.PNG";"";"Incertain";"nom séquentiel"
"4f5fa2d7-a7a8-4fe9-bd52-0e1a97c75f32";"Toast de saumon premium 39";"Toast — Toast de saumon premium 39";"Toast";"Poissons fumés";"Saumon fumé";"";"";"";"550g";"toast-de-saumon-premium-39";"toast-toast-de-saumon-premium-39";"";"38.00";"";"Supabase";"/images/terminal-3/fish/salmon/source/1F0CF3D9-84A2-4B72-B354-7437D09B7A84.PNG";"";"Incertain";"nom séquentiel"
"1b5ec132-1e09-415d-bbae-1e63ada68f29";"Saumon fumé d'Écosse maison 40";"Saumon — Saumon fumé d'Écosse maison 40";"Saumon";"Poissons fumés";"Saumon fumé";"";"";"";"600g";"saumon-fume-d-ecosse-maison-40";"saumon-saumon-fume-d-ecosse-maison-40";"";"39.00";"";"Supabase";"/images/terminal-3/fish/salmon/source/3BA6E8D1-2572-46D3-8DD9-463E2A0E137E.PNG";"";"Incertain";"nom séquentiel"
"90d42ae9-a93f-499c-b27f-a6eaf04180b1";"Saumon gravlax coup de cœur 41";"Saumon — Saumon gravlax coup de cœur 41";"Saumon";"Poissons fumés";"Saumon fumé";"";"";"";"650g";"saumon-gravlax-coup-de-c-ur-41";"saumon-saumon-gravlax-coup-de-c-ur-41";"";"40.00";"";"Supabase";"/images/terminal-3/fish/salmon/source/673CDBC2-BE2E-45C3-8DF0-E2C289095255 3.PNG";"";"Incertain";"nom séquentiel"
"2eff4f0e-5875-40e8-971d-c598c4a33388";"Saumon fumé norvégien tradition 42";"Saumon — Saumon fumé norvégien tradition 42";"Saumon";"Poissons fumés";"Saumon fumé";"";"";"";"700g";"saumon-fume-norvegien-tradition-42";"saumon-saumon-fume-norvegien-tradition-42";"";"41.00";"";"Supabase";"/images/terminal-3/fish/salmon/source/673CDBC2-BE2E-45C3-8DF0-E2C289095255.PNG";"";"Incertain";"nom séquentiel"
"ab406104-4629-4a45-8ec5-a78ba26dc625";"Truite fumée sélection 43";"Truite — Truite fumée sélection 43";"Truite";"Poissons fumés";"Saumon fumé";"";"";"";"750g";"truite-fumee-selection-43";"truite-truite-fumee-selection-43";"";"42.00";"";"Supabase";"/images/terminal-3/fish/salmon/source/8E247F31-CC39-418A-B6D0-75F2795FABE2 3.PNG";"";"Incertain";"nom séquentiel"
"238870cb-8d78-453f-bba2-766f7f2f5c72";"Maquereau fumé artisanal 44";"Maquereau — Maquereau fumé artisanal 44";"Maquereau";"Poissons fumés";"Saumon fumé";"";"";"";"800g";"maquereau-fume-artisanal-44";"maquereau-maquereau-fume-artisanal-44";"";"43.00";"";"Supabase";"/images/terminal-3/fish/salmon/source/8E247F31-CC39-418A-B6D0-75F2795FABE2.PNG";"";"Incertain";"nom séquentiel"
"aceff398-0a38-46a8-ab95-ffd1cfd7cc32";"Hareng fumé fumé 45";"Hareng — Hareng fumé fumé 45";"Hareng";"Poissons fumés";"Saumon fumé";"";"";"";"850g";"hareng-fume-fume-45";"hareng-hareng-fume-fume-45";"";"44.00";"";"Supabase";"/images/terminal-3/fish/salmon/source/949E2F7A-2DCD-4D7D-BD1D-846B67944652 3.PNG";"";"Incertain";"nom séquentiel"
"af288b16-e11c-4440-a328-ea6ebcc11227";"Sardine fumée premium 46";"Sardine — Sardine fumée premium 46";"Sardine";"Poissons fumés";"Saumon fumé";"";"";"";"900g";"sardine-fumee-premium-46";"sardine-sardine-fumee-premium-46";"";"45.00";"";"Supabase";"/images/terminal-3/fish/salmon/source/949E2F7A-2DCD-4D7D-BD1D-846B67944652.PNG";"";"Incertain";"nom séquentiel"
"f67c7fc0-d165-492e-a65d-196a327292da";"Filet de saumon maison 47";"Filet — Filet de saumon maison 47";"Filet";"Poissons fumés";"Saumon fumé";"";"";"";"950g";"filet-de-saumon-maison-47";"filet-filet-de-saumon-maison-47";"";"46.00";"";"Supabase";"/images/terminal-3/fish/salmon/source/C5C183C9-832B-4F68-A13D-2165B46B3D88 3.PNG";"";"Incertain";"nom séquentiel"
"8228a4fc-caa2-452a-92d3-52c74598298f";"Roses de saumon coup de cœur 48";"Roses — Roses de saumon coup de cœur 48";"Roses";"Poissons fumés";"Saumon fumé";"";"";"";"1000g";"roses-de-saumon-coup-de-c-ur-48";"roses-roses-de-saumon-coup-de-c-ur-48";"";"47.00";"";"Supabase";"/images/terminal-3/fish/salmon/source/C5C183C9-832B-4F68-A13D-2165B46B3D88.PNG";"";"Incertain";"nom séquentiel"
"c3d7c21a-2e40-4025-b082-cabf6768444e";"Toast de saumon tradition 49";"Toast — Toast de saumon tradition 49";"Toast";"Poissons fumés";"Saumon fumé";"";"";"";"1050g";"toast-de-saumon-tradition-49";"toast-toast-de-saumon-tradition-49";"";"48.00";"";"Supabase";"/images/terminal-3/fish/salmon/source/CC647D86-6227-4DEE-894B-5FD36C6A0AC4 3.PNG";"";"Incertain";"nom séquentiel"
"70000000-0000-0000-0000-0000700000fa";"Bombay Sapphire Black";"Bombay — Bombay Sapphire Black";"Bombay";"Spiritueux";"Whisky";"";"";"700ml";"";"bombay-sapphire-bombay-sapphire-black-250";"bombay-bombay-sapphire-black";"";"189.00";"";"Supabase";"/images/terminal-3/spirits/whisky/F214B2C1-82C2-46C7-897E-78090749AE74.PNG";"";"Incertain";"sous-catégorie incohérente: DB=RHUM image=Whisky"
"70000000-0000-0000-0000-0000700000fb";"Tanqueray Reposado";"Tanqueray — Tanqueray Reposado";"Tanqueray";"Spiritueux";"Whisky";"";"";"700ml";"";"tanqueray-tanqueray-reposado-251";"tanqueray-tanqueray-reposado";"";"190.00";"";"Supabase";"/images/terminal-3/spirits/whisky/F72C340F-02AB-4880-B4F6-ED42BD8DD5F2.PNG";"";"Incertain";"sous-catégorie incohérente: DB=TEQUILA image=Whisky"
"70000000-0000-0000-0000-000070000111";"Merlot 2031";"Merlot 2031";"";"Vins";"Yarden";"2031";"";"750ml";"";"carmel-merlot-2031-273";"merlot-2031";"";"112.00";"";"Supabase";"/images/terminal-3/wines/yarden/wines-yarden-02.webp";"";"Incertain";"marque non détectée"
"0c20db41-f00f-449a-800a-9fda23931b0e";"Plateau mixte saumon & charcuterie artisanal 22";"Plateau — Plateau mixte saumon & charcuterie artisanal 22";"Plateau";"Plateaux";"Plateau";"";"";"";"200g";"plateau-mixte-saumon-charcuterie-artisanal-22";"plateau-plateau-mixte-saumon-et-charcuterie-artisanal-22";"";"259.00";"";"Supabase";"/images/terminal-3/platters/charcuterie/source/0C224C39-FAC8-4D79-93AC-3CE2976D80EF.PNG";"";"Incertain";"nom séquentiel"
"2c59564a-a9bf-468c-8246-87ec9b092c1e";"Plateau réception 12 personnes sélection 21";"Plateau — Plateau réception 12 personnes sélection 21";"Plateau";"Plateaux";"Plateau";"";"";"";"150g";"plateau-reception-12-personnes-selection-21";"plateau-plateau-reception-12-personnes-selection-21";"";"254.00";"";"Supabase";"/images/terminal-3/platters/charcuterie/platter-charcuterie-03.webp";"";"Incertain";"nom séquentiel"
"990fdb53-8812-4cd2-bc78-7c8c15ec7d43";"Plateau charcuterie tradition premium 24";"Plateau — Plateau charcuterie tradition premium 24";"Plateau";"Plateaux";"Plateau";"";"";"";"300g";"plateau-charcuterie-tradition-premium-24";"plateau-plateau-charcuterie-tradition-premium-24";"";"269.00";"";"Supabase";"/images/terminal-3/platters/charcuterie/source/4F7E2465-86D8-4241-8DC1-4CA947FCF77E.PNG";"";"Incertain";"nom séquentiel"
"9ec6a2b9-8b7e-4a0c-9cb6-6e3b10d0a276";"Plateau saumon prestige fumé 23";"Plateau — Plateau saumon prestige fumé 23";"Plateau";"Plateaux";"Plateau";"";"";"";"250g";"plateau-saumon-prestige-fume-23";"plateau-plateau-saumon-prestige-fume-23";"";"264.00";"";"Supabase";"/images/terminal-3/platters/charcuterie/source/13061506-D5BF-4F53-97AD-965114D7B4BD.PNG";"";"Incertain";"nom séquentiel"
"70000000-0000-0000-0000-00007000012c";"Rosé 2018";"Rosé — Rosé 2018";"Rosé";"Vins";"Autres vins";"2018";"";"750ml";"";"domaine-du-castel-rose-2018-300";"rose-rose-2018";"";"79.00";"";"Supabase";"/images/terminal-3/wines/other-brands/wine-other-brand-11.webp";"";"Certain";""
"70000000-0000-0000-0000-00007000012d";"Mount Gay Navy Strength";"Mount — Mount Gay Navy Strength";"Mount";"Spiritueux";"Autres vins";"";"";"700ml";"";"mount-gay-mount-gay-navy-strength-301";"mount-mount-gay-navy-strength";"";"90.00";"";"Supabase";"/images/terminal-3/wines/other-brands/wine-other-brand-12.webp";"";"Incertain";"image non spiritueux, sous-catégorie incohérente: DB=GIN image=Autres vins"
"70000000-0000-0000-0000-00007000012e";"Don Julio Orange";"Don Julio — Don Julio Orange";"Don Julio";"Spiritueux";"Autres vins";"";"";"700ml";"";"don-julio-don-julio-orange-302";"don-julio-don-julio-orange";"";"91.00";"";"Supabase";"/images/terminal-3/wines/other-brands/wine-other-brand-13.webp";"";"Incertain";"image non spiritueux, sous-catégorie incohérente: DB=LIQUEUR image=Autres vins"
"70000000-0000-0000-0000-00007000012f";"Viognier 2021";"Viognier 2021";"";"Vins";"Autres vins";"2021";"";"750ml";"";"carmel-viognier-2021-303";"viognier-2021";"";"82.00";"";"Supabase";"/images/terminal-3/wines/other-brands/wine-other-brand-14.webp";"";"Incertain";"marque non détectée"
"70000000-0000-0000-0000-000070000145";"Bushmills London Dry";"Bushmills — Bushmills London Dry";"Bushmills";"Spiritueux";"Autres vins";"";"";"700ml";"";"bushmills-bushmills-london-dry-325";"bushmills-bushmills-london-dry";"";"114.00";"";"Supabase";"/images/terminal-3/wines/other-brands/wine-other-brand-36.webp";"";"Incertain";"image non spiritueux, sous-catégorie incohérente: DB=GIN image=Autres vins"
"70000000-0000-0000-0000-000070000146";"Tullamore Dew Cream";"Tullamore — Tullamore Dew Cream";"Tullamore";"Spiritueux";"Autres vins";"";"";"700ml";"";"tullamore-dew-tullamore-dew-cream-326";"tullamore-tullamore-dew-cream";"";"115.00";"";"Supabase";"/images/terminal-3/wines/other-brands/wine-other-brand-37.webp";"";"Incertain";"image non spiritueux, sous-catégorie incohérente: DB=LIQUEUR image=Autres vins"
"70000000-0000-0000-0000-000070000147";"Merlot 2025";"Merlot 2025";"";"Vins";"Autres vins";"2025";"";"750ml";"";"recanati-merlot-2025-327";"merlot-2025";"";"106.00";"";"Supabase";"/images/terminal-3/wines/other-brands/wine-other-brand-38.webp";"";"Incertain";"marque non détectée"
"70000000-0000-0000-0000-000070000148";"Khvanchkara";"Khvanchkara — Khvanchkara";"Khvanchkara";"Spiritueux";"Autres vins";"";"";"700ml";"";"khvanchkara-khvanchkara-328";"khvanchkara-khvanchkara";"";"117.00";"";"Supabase";"/images/terminal-3/wines/other-brands/wine-other-brand-39.webp";"";"Incertain";"image non spiritueux, sous-catégorie incohérente: DB=WHISKY image=Autres vins"
"70000000-0000-0000-0000-000070000186";"Rosé 2028";"Rosé — Rosé 2028";"Rosé";"Vins";"Whisky";"2028";"";"750ml";"";"domaine-du-castel-rose-2028-390";"rose-rose-2028";"";"109.00";"";"Supabase";"/images/terminal-3/spirits/whisky/36F8E306-D187-49CF-97E1-B2EF8D8BCF2A.PNG";"";"Incertain";"image non vin"
"70000000-0000-0000-0000-000070000187";"Smirnoff Classic";"Smirnoff — Smirnoff Classic";"Smirnoff";"Spiritueux";"Whisky";"";"";"700ml";"";"smirnoff-smirnoff-classic-391";"smirnoff-smirnoff-classic";"";"180.00";"";"Supabase";"/images/terminal-3/spirits/whisky/3B610CB6-E859-429E-87B1-6DD707A2B709.PNG";"";"Incertain";"sous-catégorie incohérente: DB=ARAK image=Whisky"
"70000000-0000-0000-0000-000070000188";"Baileys 12 ans";"Baileys — Baileys 12 ans";"Baileys";"Spiritueux";"Whisky";"";"12";"700ml";"";"baileys-baileys-12-ans-392";"baileys-baileys-12-ans";"";"181.00";"";"Supabase";"/images/terminal-3/spirits/whisky/3C338160-3FA4-4022-BBBD-9A16D6D23CA7.PNG";"";"Incertain";"sous-catégorie incohérente: DB=WHISKY image=Whisky"
"70000000-0000-0000-0000-000070000189";"Viognier 2031";"Viognier 2031";"";"Vins";"Whisky";"2031";"";"750ml";"";"carmel-viognier-2031-393";"viognier-2031";"";"112.00";"";"Supabase";"/images/terminal-3/spirits/whisky/41F1221A-26BE-4C52-868F-9F3C9A806FA2.PNG";"";"Incertain";"marque non détectée, image non vin"
"70000000-0000-0000-0000-0000700000d0";"Dewar's Distiller's Edition";"Dewar's — Dewar's Distiller's Edition";"Dewar's";"Spiritueux";"Whisky";"";"";"700ml";"";"dewar-s-dewar-s-distiller-s-edition-208";"dewar-s-dewar-s-distiller-s-edition";"";"147.00";"";"Supabase";"/images/terminal-3/spirits/whisky/B6831122-11DE-4879-9E9A-B6CAD0E68C3C.PNG";"";"Incertain";"sous-catégorie incohérente: DB=WHISKY image=Whisky"
"70000000-0000-0000-0000-0000700000d1";"Bushmills";"Bushmills — Bushmills";"Bushmills";"Spiritueux";"Whisky";"";"";"700ml";"";"bushmills-bushmills-209";"bushmills-bushmills";"";"148.00";"";"Supabase";"/images/terminal-3/spirits/whisky/B7497B7E-9EA2-4210-A1F1-9AFF4E6EC573.PNG";"";"Incertain";"sous-catégorie incohérente: DB=COGNAC image=Whisky"
"70000000-0000-0000-0000-0000700000d2";"Rosé 2028";"Rosé — Rosé 2028";"Rosé";"Vins";"Whisky";"2028";"";"750ml";"";"domaine-du-castel-rose-2028-210";"rose-rose-2028";"";"109.00";"";"Supabase";"/images/terminal-3/spirits/whisky/BD3D92B3-CC9B-47BA-92D8-9A447560924E.PNG";"";"Incertain";"image non vin"
"70000000-0000-0000-0000-0000700000d3";"Ararat Reposado";"Ararat — Ararat Reposado";"Ararat";"Spiritueux";"Whisky";"";"";"700ml";"";"ararat-ararat-reposado-211";"ararat-ararat-reposado";"";"150.00";"";"Supabase";"/images/terminal-3/spirits/whisky/BDA8241A-E448-4F82-9AD9-D202E58CC1B5.PNG";"";"Incertain";"sous-catégorie incohérente: DB=TEQUILA image=Whisky"
"70000000-0000-0000-0000-0000700000d4";"Khvanchkara Vanilla";"Khvanchkara — Khvanchkara Vanilla";"Khvanchkara";"Spiritueux";"Whisky";"";"";"700ml";"";"khvanchkara-khvanchkara-vanilla-212";"khvanchkara-khvanchkara-vanilla";"";"151.00";"";"Supabase";"/images/terminal-3/spirits/whisky/C03B2B1D-8C93-4380-A57F-30CD4F801F2C.PNG";"";"Incertain";"sous-catégorie incohérente: DB=VODKA image=Whisky"
"70000000-0000-0000-0000-0000700000d5";"Viognier 2031";"Viognier 2031";"";"Vins";"Whisky";"2031";"";"750ml";"";"carmel-viognier-2031-213";"viognier-2031";"";"112.00";"";"Supabase";"/images/terminal-3/spirits/whisky/C2590F49-6A25-4D94-9259-5398A199F7AF.PNG";"";"Incertain";"marque non détectée, image non vin"
"70000000-0000-0000-0000-0000700000d7";"Beluga Elite";"Beluga — Beluga Elite";"Beluga";"Spiritueux";"Whisky";"";"";"700ml";"";"beluga-beluga-elite-215";"beluga-beluga-elite";"";"154.00";"";"Supabase";"/images/terminal-3/spirits/whisky/C3F3B0B6-AB8C-4C75-AF2B-6DC5A9C910FA.PNG";"";"Incertain";"sous-catégorie incohérente: DB=ARAK image=Whisky"
"70000000-0000-0000-0000-0000700000d8";"Petit Castel 2034";"Castel — Petit Castel 2034";"Castel";"Vins";"Whisky";"2034";"";"750ml";"";"galil-mountain-petit-castel-2034-216";"castel-petit-castel-2034";"";"115.00";"";"Supabase";"/images/terminal-3/spirits/whisky/C51B1188-6ABF-4134-8865-BB631D06C6F8.PNG";"";"Incertain";"image non vin"
"05151d92-279b-41b7-90ad-3fb905278f4e";"Plateau mixte saumon & charcuterie maison 4";"Plateau — Plateau mixte saumon & charcuterie maison 4";"Plateau";"Plateaux";"Plateau";"";"";"";"300g";"plateau-mixte-saumon-charcuterie-maison-4";"plateau-plateau-mixte-saumon-et-charcuterie-maison-4";"";"169.00";"";"Supabase";"/images/terminal-3/platters/charcuterie/source/0C224C39-FAC8-4D79-93AC-3CE2976D80EF.PNG";"";"Incertain";"nom séquentiel"
"12bf2a43-ed1f-49a8-bd62-c7f118858fb0";"Plateau charcuterie tradition sélection 0";"Plateau — Plateau charcuterie tradition sélection 0";"Plateau";"Plateaux";"Plateau";"";"";"";"100g";"plateau-charcuterie-tradition-selection-0";"plateau-plateau-charcuterie-tradition-selection-0";"";"149.00";"";"Supabase";"/images/terminal-3/platters/mixed/source/ChatGPT_Image_15_août_2026_00_57_27_(6).png";"";"Incertain";"nom séquentiel"
"23c970fa-3cf4-480b-8e6b-4265c0196a3c";"Plateau mixte saumon & charcuterie fumé 16";"Plateau — Plateau mixte saumon & charcuterie fumé 16";"Plateau";"Plateaux";"Plateau";"";"";"";"900g";"plateau-mixte-saumon-charcuterie-fume-16";"plateau-plateau-mixte-saumon-et-charcuterie-fume-16";"";"229.00";"";"Supabase";"/images/terminal-3/platters/mixed/platters-mixed-02.webp";"";"Incertain";"nom séquentiel"
"2d40fc2a-30ee-4b85-a622-faa218854972";"Plateau végétarien sélection 7";"Plateau — Plateau végétarien sélection 7";"Plateau";"Plateaux";"Plateau";"";"";"";"450g";"plateau-vegetarien-selection-7";"plateau-plateau-vegetarien-selection-7";"";"184.00";"";"Supabase";"/images/terminal-3/platters/mixed/platters-mixed-02.webp";"";"Incertain";"nom séquentiel"
"3f36d093-dfc5-4660-b1bc-4acbe6d081cd";"Plateau charcuterie tradition coup de cœur 12";"Plateau — Plateau charcuterie tradition coup de cœur 12";"Plateau";"Plateaux";"Plateau";"";"";"";"700g";"plateau-charcuterie-tradition-coup-de-c-ur-12";"plateau-plateau-charcuterie-tradition-coup-de-c-ur-12";"";"209.00";"";"Supabase";"/images/terminal-3/platters/charcuterie/platter-charcuterie-03.webp";"";"Incertain";"nom séquentiel"
"41e162f7-e26d-40df-adcf-aae0ca701da1";"Plateau végétarien coup de cœur 19";"Plateau — Plateau végétarien coup de cœur 19";"Plateau";"Plateaux";"Plateau";"";"";"";"1050g";"plateau-vegetarien-coup-de-c-ur-19";"plateau-plateau-vegetarien-coup-de-c-ur-19";"";"244.00";"";"Supabase";"/images/terminal-3/platters/charcuterie/platter-charcuterie-01.webp";"";"Incertain";"nom séquentiel"
"55a9954c-257c-456f-8b5a-694a962f79bc";"Plateau végétarien artisanal 1";"Plateau — Plateau végétarien artisanal 1";"Plateau";"Plateaux";"Plateau";"";"";"";"150g";"plateau-vegetarien-artisanal-1";"plateau-plateau-vegetarien-artisanal-1";"";"154.00";"";"Supabase";"/images/terminal-3/platters/charcuterie/platter-charcuterie-01.webp";"";"Incertain";"nom séquentiel"
"5739a0b7-424b-4f50-af75-17ff776dfbeb";"Plateau réception 12 personnes fumé 9";"Plateau — Plateau réception 12 personnes fumé 9";"Plateau";"Plateaux";"Plateau";"";"";"";"550g";"plateau-reception-12-personnes-fume-9";"plateau-plateau-reception-12-personnes-fume-9";"";"194.00";"";"Supabase";"/images/terminal-3/platters/mixed/source/ChatGPT_Image_15_août_2026_00_57_27_(6).png";"";"Incertain";"nom séquentiel"
"5c63100a-5d3b-427e-af61-fa9d07d1bf56";"Plateau réception 12 personnes premium 3";"Plateau — Plateau réception 12 personnes premium 3";"Plateau";"Plateaux";"Plateau";"";"";"";"250g";"plateau-reception-12-personnes-premium-3";"plateau-plateau-reception-12-personnes-premium-3";"";"164.00";"";"Supabase";"/images/terminal-3/platters/charcuterie/platter-charcuterie-03.webp";"";"Incertain";"nom séquentiel"
"664248e3-f8b9-408f-bb36-d9af17829904";"Plateau réception 8 personnes tradition 20";"Plateau — Plateau réception 8 personnes tradition 20";"Plateau";"Plateaux";"Plateau";"";"";"";"100g";"plateau-reception-8-personnes-tradition-20";"plateau-plateau-reception-8-personnes-tradition-20";"";"249.00";"";"Supabase";"/images/terminal-3/platters/charcuterie/platter-charcuterie-02.webp";"";"Incertain";"nom séquentiel"
"68237229-fbbf-4634-b910-ea3625fea5b2";"Plateau charcuterie tradition tradition 6";"Plateau — Plateau charcuterie tradition tradition 6";"Plateau";"Plateaux";"Plateau";"";"";"";"400g";"plateau-charcuterie-tradition-tradition-6";"plateau-plateau-charcuterie-tradition-tradition-6";"";"179.00";"";"Supabase";"/images/terminal-3/platters/charcuterie/source/4F7E2465-86D8-4241-8DC1-4CA947FCF77E.PNG";"";"Incertain";"nom séquentiel"
"69afdcb7-b9dd-48a5-af94-0e607611c69c";"Plateau réception 8 personnes sélection 14";"Plateau — Plateau réception 8 personnes sélection 14";"Plateau";"Plateaux";"Plateau";"";"";"";"800g";"plateau-reception-8-personnes-selection-14";"plateau-plateau-reception-8-personnes-selection-14";"";"219.00";"";"Supabase";"/images/terminal-3/platters/charcuterie/source/13061506-D5BF-4F53-97AD-965114D7B4BD.PNG";"";"Incertain";"nom séquentiel"
"779b93d9-4022-41bc-9e37-900039a14d77";"Plateau réception 8 personnes artisanal 8";"Plateau — Plateau réception 8 personnes artisanal 8";"Plateau";"Plateaux";"Plateau";"";"";"";"500g";"plateau-reception-8-personnes-artisanal-8";"plateau-plateau-reception-8-personnes-artisanal-8";"";"189.00";"";"Supabase";"/images/terminal-3/platters/mixed/source/ChatGPT_Image_15_août_2026_00_57_27_(5).png";"";"Incertain";"nom séquentiel"
"9b968153-7835-4dfe-a511-100d0ad586c6";"Plateau saumon prestige maison 11";"Plateau — Plateau saumon prestige maison 11";"Plateau";"Plateaux";"Plateau";"";"";"";"650g";"plateau-saumon-prestige-maison-11";"plateau-plateau-saumon-prestige-maison-11";"";"204.00";"";"Supabase";"/images/terminal-3/platters/charcuterie/platter-charcuterie-02.webp";"";"Incertain";"nom séquentiel"
"d03e62c2-458f-463b-bde4-d3e5bb722ec4";"Plateau végétarien tradition 13";"Plateau — Plateau végétarien tradition 13";"Plateau";"Plateaux";"Plateau";"";"";"";"750g";"plateau-vegetarien-tradition-13";"plateau-plateau-vegetarien-tradition-13";"";"214.00";"";"Supabase";"/images/terminal-3/platters/charcuterie/source/0C224C39-FAC8-4D79-93AC-3CE2976D80EF.PNG";"";"Incertain";"nom séquentiel"
"dbcfe3a4-fde9-4933-acf0-25602f8ed67d";"Plateau saumon prestige coup de cœur 5";"Plateau — Plateau saumon prestige coup de cœur 5";"Plateau";"Plateaux";"Plateau";"";"";"";"350g";"plateau-saumon-prestige-coup-de-c-ur-5";"plateau-plateau-saumon-prestige-coup-de-c-ur-5";"";"174.00";"";"Supabase";"/images/terminal-3/platters/charcuterie/source/13061506-D5BF-4F53-97AD-965114D7B4BD.PNG";"";"Incertain";"nom séquentiel"
"e1e48a18-5a77-4618-8fce-223e2118d41b";"Plateau réception 12 personnes artisanal 15";"Plateau — Plateau réception 12 personnes artisanal 15";"Plateau";"Plateaux";"Plateau";"";"";"";"850g";"plateau-reception-12-personnes-artisanal-15";"plateau-plateau-reception-12-personnes-artisanal-15";"";"224.00";"";"Supabase";"/images/terminal-3/platters/charcuterie/source/4F7E2465-86D8-4241-8DC1-4CA947FCF77E.PNG";"";"Incertain";"nom séquentiel"
"e7bd404c-9fed-456f-84f0-81ade05bf951";"Plateau charcuterie tradition maison 18";"Plateau — Plateau charcuterie tradition maison 18";"Plateau";"Plateaux";"Plateau";"";"";"";"1000g";"plateau-charcuterie-tradition-maison-18";"plateau-plateau-charcuterie-tradition-maison-18";"";"239.00";"";"Supabase";"/images/terminal-3/platters/mixed/source/ChatGPT_Image_15_août_2026_00_57_27_(6).png";"";"Incertain";"nom séquentiel"
"f2cdf686-8bb9-47de-86db-d4ea559edeb6";"Plateau mixte saumon & charcuterie premium 10";"Plateau — Plateau mixte saumon & charcuterie premium 10";"Plateau";"Plateaux";"Plateau";"";"";"";"600g";"plateau-mixte-saumon-charcuterie-premium-10";"plateau-plateau-mixte-saumon-et-charcuterie-premium-10";"";"199.00";"";"Supabase";"/images/terminal-3/platters/charcuterie/platter-charcuterie-01.webp";"";"Incertain";"nom séquentiel"
"ff016aa1-52a7-4fed-a432-43a75c20a2b8";"Plateau saumon prestige premium 17";"Plateau — Plateau saumon prestige premium 17";"Plateau";"Plateaux";"Plateau";"";"";"";"950g";"plateau-saumon-prestige-premium-17";"plateau-plateau-saumon-prestige-premium-17";"";"234.00";"";"Supabase";"/images/terminal-3/platters/mixed/source/ChatGPT_Image_15_août_2026_00_57_27_(5).png";"";"Incertain";"nom séquentiel"
"70000000-0000-0000-0000-00007000015d";"Glenfiddich";"Glenfiddich — Glenfiddich";"Glenfiddich";"Spiritueux";"Autres vins";"";"";"700ml";"";"glenfiddich-glenfiddich-349";"glenfiddich-glenfiddich";"";"138.00";"";"Supabase";"/images/terminal-3/wines/other-brands/wine-other-brand-60.webp";"";"Incertain";"image non spiritueux, sous-catégorie incohérente: DB=GIN image=Autres vins"
"70000000-0000-0000-0000-00007000015e";"Glenlivet Original";"Glenlivet — Glenlivet Original";"Glenlivet";"Spiritueux";"Whisky";"";"";"700ml";"";"glenlivet-glenlivet-original-350";"glenlivet-glenlivet-original";"";"139.00";"";"Supabase";"/images/terminal-3/spirits/whisky/00214378-8FB5-452E-85CC-013C94F2B50D.PNG";"";"Incertain";"sous-catégorie incohérente: DB=LIQUEUR image=Whisky"
"70000000-0000-0000-0000-00007000018a";"Amarula 15 ans";"Amarula — Amarula 15 ans";"Amarula";"Spiritueux";"Whisky";"";"15";"700ml";"";"amarula-amarula-15-ans-394";"amarula-amarula-15-ans";"";"183.00";"";"Supabase";"/images/terminal-3/spirits/whisky/42AECD0F-5F90-4AB0-81C7-B34D327C441B.PNG";"";"Incertain";"sous-catégorie incohérente: DB=RHUM image=Whisky"
"70000000-0000-0000-0000-00007000018b";"Cointreau Blanco";"Cointreau — Cointreau Blanco";"Cointreau";"Spiritueux";"Whisky";"";"";"700ml";"";"cointreau-cointreau-blanco-395";"cointreau-cointreau-blanco";"";"184.00";"";"Supabase";"/images/terminal-3/spirits/whisky/42C382EA-5C07-44B8-933B-A57260FF88AD.PNG";"";"Incertain";"sous-catégorie incohérente: DB=TEQUILA image=Whisky"
"70000000-0000-0000-0000-00007000018c";"Petit Castel 2034";"Castel — Petit Castel 2034";"Castel";"Vins";"Whisky";"2034";"";"750ml";"";"galil-mountain-petit-castel-2034-396";"castel-petit-castel-2034";"";"115.00";"";"Supabase";"/images/terminal-3/spirits/whisky/431557ED-F03B-41D1-9721-5AAE50548404.PNG";"";"Incertain";"image non vin"
"70000000-0000-0000-0000-00007000018d";"Campari Floral";"Campari — Campari Floral";"Campari";"Spiritueux";"Whisky";"";"";"700ml";"";"campari-campari-floral-397";"campari-campari-floral";"";"186.00";"";"Supabase";"/images/terminal-3/spirits/whisky/438BF962-D488-41DD-8A58-676AA5563353.PNG";"";"Incertain";"sous-catégorie incohérente: DB=GIN image=Whisky"
"70000000-0000-0000-0000-00007000018e";"Aperol Coffee";"Aperol — Aperol Coffee";"Aperol";"Spiritueux";"Whisky";"";"";"700ml";"";"aperol-aperol-coffee-398";"aperol-aperol-coffee";"";"187.00";"";"Supabase";"/images/terminal-3/spirits/whisky/49294A9B-7CA6-4362-9456-5734D54F983E.PNG";"";"Incertain";"sous-catégorie incohérente: DB=LIQUEUR image=Whisky"
"70000000-0000-0000-0000-00007000018f";"Merlot 2037";"Merlot 2037";"";"Vins";"Whisky";"2037";"";"750ml";"";"shiloh-merlot-2037-399";"merlot-2037";"";"118.00";"";"Supabase";"/images/terminal-3/spirits/whisky/49B9D3B1-426C-425B-897B-2BB6EA53A424.PNG";"";"Incertain";"marque non détectée, image non vin"
"70000000-0000-0000-0000-0000700000fc";"Petit Castel 2030";"Castel — Petit Castel 2030";"Castel";"Vins";"Whisky";"2030";"";"750ml";"";"recanati-petit-castel-2030-252";"castel-petit-castel-2030";"";"91.00";"";"Supabase";"/images/terminal-3/spirits/whisky/F8A43CA7-0392-40D0-8FA6-83FDD30EB8DD.PNG";"";"Incertain";"image non vin"
"70000000-0000-0000-0000-0000700000fd";"Macallan Mediterranean";"Macallan — Macallan Mediterranean";"Macallan";"Spiritueux";"Whisky";"";"";"700ml";"";"macallan-macallan-mediterranean-253";"macallan-macallan-mediterranean";"";"192.00";"";"Supabase";"/images/terminal-3/spirits/whisky/F9867067-E97B-407E-A767-175EFC9A3A73.PNG";"";"Incertain";"sous-catégorie incohérente: DB=GIN image=Whisky"
"70000000-0000-0000-0000-0000700000fe";"Talisker";"Talisker — Talisker";"Talisker";"Spiritueux";"Whisky";"";"";"700ml";"";"talisker-talisker-254";"talisker-talisker";"";"193.00";"";"Supabase";"/images/terminal-3/spirits/whisky/F9C87EB5-9D17-4BA6-BAC8-2869E97581F7.PNG";"";"Incertain";"sous-catégorie incohérente: DB=LIQUEUR image=Whisky"
"70000000-0000-0000-0000-0000700000ff";"Merlot 2033";"Merlot 2033";"";"Vins";"Whisky";"2033";"";"750ml";"";"domaine-du-castel-merlot-2033-255";"merlot-2033";"";"94.00";"";"Supabase";"/images/terminal-3/spirits/whisky/FAA756F1-F7D8-40EC-804A-D6BB5EEBAFF4.PNG";"";"Incertain";"marque non détectée, image non vin"
"70000000-0000-0000-0000-000070000100";"Laphroaig Double Wood";"Laphroaig — Laphroaig Double Wood";"Laphroaig";"Spiritueux";"Whisky";"";"";"700ml";"";"laphroaig-laphroaig-double-wood-256";"laphroaig-laphroaig-double-wood";"";"195.00";"";"Supabase";"/images/terminal-3/spirits/whisky/FBE6F6AB-0489-4B34-B893-001C9936164D.PNG";"";"Incertain";"sous-catégorie incohérente: DB=WHISKY image=Whisky"
"70000000-0000-0000-0000-000070000101";"Ardbeg";"Ardbeg — Ardbeg";"Ardbeg";"Spiritueux";"Whisky";"";"";"700ml";"";"ardbeg-ardbeg-257";"ardbeg-ardbeg";"";"196.00";"";"Supabase";"/images/terminal-3/spirits/whisky/FF4470BB-1DAF-41CD-80D8-F9F4CC2BF579.PNG";"";"Incertain";"sous-catégorie incohérente: DB=COGNAC image=Whisky"
"70000000-0000-0000-0000-000070000102";"Syrah 2036";"Syrah 2036";"";"Vins";"Whisky";"2036";"";"750ml";"";"carmel-syrah-2036-258";"syrah-2036";"";"97.00";"";"Supabase";"/images/terminal-3/spirits/whisky/chivas-regal-12.png";"";"Incertain";"marque non détectée, image non vin"
"70000000-0000-0000-0000-000070000103";"Hibiki";"Hibiki — Hibiki";"Hibiki";"Spiritueux";"Whisky";"";"";"700ml";"";"hibiki-hibiki-259";"hibiki-hibiki";"";"198.00";"";"Supabase";"/images/terminal-3/spirits/whisky/glenfiddich-12.png";"";"Incertain";"sous-catégorie incohérente: DB=TEQUILA image=Whisky"
"70000000-0000-0000-0000-000070000104";"Nikka Original";"Nikka — Nikka Original";"Nikka";"Spiritueux";"Whisky";"";"";"700ml";"";"nikka-nikka-original-260";"nikka-nikka-original";"";"199.00";"";"Supabase";"/images/terminal-3/spirits/whisky/spirit-whisky-01.webp";"";"Incertain";"sous-catégorie incohérente: DB=VODKA image=Whisky"
"70000000-0000-0000-0000-000070000190";"Pernod 15 ans";"Pernod — Pernod 15 ans";"Pernod";"Spiritueux";"Whisky";"";"15";"700ml";"";"pernod-pernod-15-ans-400";"pernod-pernod-15-ans";"";"189.00";"";"Supabase";"/images/terminal-3/spirits/whisky/49E142D0-E8A6-493F-98EA-535E15B59E91.PNG";"";"Incertain";"sous-catégorie incohérente: DB=WHISKY image=Whisky"
"70000000-0000-0000-0000-000070000191";"Ouzo";"Ouzo — Ouzo";"Ouzo";"Spiritueux";"Whisky";"";"";"700ml";"";"ouzo-ouzo-401";"ouzo-ouzo";"";"190.00";"";"Supabase";"/images/terminal-3/spirits/whisky/4BAC5449-29F0-4125-8DC2-B673A30E9CBA.PNG";"";"Incertain";"sous-catégorie incohérente: DB=COGNAC image=Whisky"
"70000000-0000-0000-0000-00007000015f";"Rouge de Galilée 2029";"Rouge de Galilée 2029";"";"Vins";"Whisky";"2029";"";"750ml";"";"galil-mountain-rouge-de-galilee-2029-351";"rouge-de-galilee-2029";"";"130.00";"";"Supabase";"/images/terminal-3/spirits/whisky/008910D1-19DA-4E9D-B589-D05E2EE48CDA.PNG";"";"Incertain";"marque non détectée, image non vin"
"70000000-0000-0000-0000-000070000161";"Jameson";"Jameson — Jameson";"Jameson";"Spiritueux";"Whisky";"";"";"700ml";"";"jameson-jameson-353";"jameson-jameson";"";"142.00";"";"Supabase";"/images/terminal-3/spirits/whisky/0216C248-EBE4-4501-8D8C-983424AECBC8.PNG";"";"Incertain";"sous-catégorie incohérente: DB=COGNAC image=Whisky"
"70000000-0000-0000-0000-000070000170";"Hendrick's Double Wood";"Hendrick's — Hendrick's Double Wood";"Hendrick's";"Spiritueux";"Whisky";"";"";"700ml";"";"hendrick-s-hendrick-s-double-wood-368";"hendrick-s-hendrick-s-double-wood";"";"157.00";"";"Supabase";"/images/terminal-3/spirits/whisky/19816E7C-9BD9-4FF6-AF62-4476A85BA298.PNG";"";"Incertain";"sous-catégorie incohérente: DB=WHISKY image=Whisky"
"70000000-0000-0000-0000-000070000171";"Rouge de Galilée 2027";"Rouge de Galilée 2027";"";"Vins";"Whisky";"2027";"";"750ml";"";"shiloh-rouge-de-galilee-2027-369";"rouge-de-galilee-2027";"";"88.00";"";"Supabase";"/images/terminal-3/spirits/whisky/1A00FB52-B489-47EE-8D19-93CFA8A82563.PNG";"";"Incertain";"marque non détectée, image non vin"
"70000000-0000-0000-0000-000070000172";"Talisker";"Talisker — Talisker";"Talisker";"Spiritueux";"Whisky";"";"";"700ml";"";"talisker-talisker-370";"talisker-talisker";"";"159.00";"";"Supabase";"/images/terminal-3/spirits/whisky/1AF6FD35-54F9-4B6F-8347-DFE09D5E1347.PNG";"";"Incertain";"sous-catégorie incohérente: DB=RHUM image=Whisky"
"70000000-0000-0000-0000-000070000173";"Lagavulin Reposado";"Lagavulin — Lagavulin Reposado";"Lagavulin";"Spiritueux";"Whisky";"";"";"700ml";"";"lagavulin-lagavulin-reposado-371";"lagavulin-lagavulin-reposado";"";"160.00";"";"Supabase";"/images/terminal-3/spirits/whisky/1C2245A8-3B8D-4BB1-A708-F031112DC9E2.PNG";"";"Incertain";"sous-catégorie incohérente: DB=TEQUILA image=Whisky"
"70000000-0000-0000-0000-000070000192";"Syrah 2020";"Syrah 2020";"";"Vins";"Whisky";"2020";"";"750ml";"";"recanati-syrah-2020-402";"syrah-2020";"";"121.00";"";"Supabase";"/images/terminal-3/spirits/whisky/4CAA5D74-B20D-4AB4-9A48-A6EE52228B6F.PNG";"";"Incertain";"marque non détectée, image non vin"
"70000000-0000-0000-0000-000070000193";"Askalon Extra Añejo";"Askalon — Askalon Extra Añejo";"Askalon";"Spiritueux";"Whisky";"";"";"700ml";"";"askalon-askalon-extra-anejo-403";"askalon-askalon-extra-anejo";"";"192.00";"";"Supabase";"/images/terminal-3/spirits/whisky/4E0BC80C-DC34-41B6-A44A-4DF395E10C4E.PNG";"";"Incertain";"sous-catégorie incohérente: DB=TEQUILA image=Whisky"
"70000000-0000-0000-0000-000070000194";"Tubi 60";"Tubi — Tubi 60";"Tubi";"Spiritueux";"Whisky";"";"";"700ml";"";"tubi-60-tubi-60-404";"tubi-tubi-60";"";"193.00";"";"Supabase";"/images/terminal-3/spirits/whisky/4E0C2C6E-10C4-4B6F-87C2-74CF0A5F6BDA.PNG";"";"Incertain";"nom séquentiel, sous-catégorie incohérente: DB=VODKA image=Whisky"
"70000000-0000-0000-0000-000070000195";"Rouge de Galilée 2023";"Rouge de Galilée 2023";"";"Vins";"Whisky";"2023";"";"750ml";"";"domaine-du-castel-rouge-de-galilee-2023-405";"rouge-de-galilee-2023";"";"124.00";"";"Supabase";"/images/terminal-3/spirits/whisky/4F25FF1D-5110-4079-8CBF-67986442E249.PNG";"";"Incertain";"marque non détectée, image non vin"
"70000000-0000-0000-0000-000070000196";"Chivas Regal Cream";"Chivas Regal — Chivas Regal Cream";"Chivas Regal";"Spiritueux";"Whisky";"";"";"700ml";"";"chivas-regal-chivas-regal-cream-406";"chivas-regal-chivas-regal-cream";"";"195.00";"";"Supabase";"/images/terminal-3/spirits/whisky/531D84BD-A8D4-402D-942C-D77F3B61D27D.PNG";"";"Incertain";"sous-catégorie incohérente: DB=LIQUEUR image=Whisky"
"70000000-0000-0000-0000-000070000197";"Glenfiddich Gold";"Glenfiddich — Glenfiddich Gold";"Glenfiddich";"Spiritueux";"Whisky";"";"";"700ml";"";"glenfiddich-glenfiddich-gold-407";"glenfiddich-glenfiddich-gold";"";"196.00";"";"Supabase";"/images/terminal-3/spirits/whisky/535531EB-D8DA-40A6-A26E-9AFA42E46076.PNG";"";"Incertain";"sous-catégorie incohérente: DB=ARAK image=Whisky"
"70000000-0000-0000-0000-000070000198";"Rosé 2026";"Rosé — Rosé 2026";"Rosé";"Vins";"Whisky";"2026";"";"750ml";"";"carmel-rose-2026-408";"rose-rose-2026";"";"127.00";"";"Supabase";"/images/terminal-3/spirits/whisky/55B61082-799F-4791-B17E-CA71F6459C72.PNG";"";"Incertain";"image non vin"
"70000000-0000-0000-0000-000070000199";"Johnnie Walker V.S.O.P";"Johnnie Walker — Johnnie Walker V.S.O.P";"Johnnie Walker";"Spiritueux";"Whisky";"";"";"700ml";"";"johnnie-walker-johnnie-walker-v-s-o-p-409";"johnnie-walker-johnnie-walker-v-s-o-p";"";"198.00";"";"Supabase";"/images/terminal-3/spirits/whisky/575B0200-FCDE-47DB-B31C-CB6C41514548.PNG";"";"Incertain";"sous-catégorie incohérente: DB=COGNAC image=Whisky"
"70000000-0000-0000-0000-000070000134";"Bombay Sapphire Berry";"Bombay — Bombay Sapphire Berry";"Bombay";"Spiritueux";"Autres vins";"";"";"700ml";"";"bombay-sapphire-bombay-sapphire-berry-308";"bombay-bombay-sapphire-berry";"";"97.00";"";"Supabase";"/images/terminal-3/wines/other-brands/wine-other-brand-19.webp";"";"Incertain";"image non spiritueux, sous-catégorie incohérente: DB=VODKA image=Autres vins"
"70000000-0000-0000-0000-000070000135";"Merlot 2027";"Merlot 2027";"";"Vins";"Autres vins";"2027";"";"750ml";"";"shiloh-merlot-2027-309";"merlot-2027";"";"88.00";"";"Supabase";"/images/terminal-3/wines/other-brands/wine-other-brand-20.webp";"";"Incertain";"marque non détectée"
"70000000-0000-0000-0000-000070000136";"Hendrick's Original";"Hendrick's — Hendrick's Original";"Hendrick's";"Spiritueux";"Autres vins";"";"";"700ml";"";"hendrick-s-hendrick-s-original-310";"hendrick-s-hendrick-s-original";"";"99.00";"";"Supabase";"/images/terminal-3/wines/other-brands/wine-other-brand-21.webp";"";"Incertain";"image non spiritueux, sous-catégorie incohérente: DB=LIQUEUR image=Autres vins"
"70000000-0000-0000-0000-00007000019a";"Jack Daniel's Épice";"Jack Daniel's — Jack Daniel's Épice";"Jack Daniel's";"Spiritueux";"Whisky";"";"";"700ml";"";"jack-daniel-s-jack-daniel-s-epice-410";"jack-daniel-s-jack-daniel-s-epice";"";"199.00";"";"Supabase";"/images/terminal-3/spirits/whisky/578E7C85-7DB8-4B1B-8E14-193480CAE9BC.PNG";"";"Incertain";"sous-catégorie incohérente: DB=RHUM image=Whisky"
"70000000-0000-0000-0000-00007000019b";"Viognier 2029";"Viognier 2029";"";"Vins";"Whisky";"2029";"";"750ml";"";"galil-mountain-viognier-2029-411";"viognier-2029";"";"130.00";"";"Supabase";"/images/terminal-3/spirits/whisky/5807215C-7F03-4DCF-A842-528D59D6F35E.PNG";"";"Incertain";"marque non détectée, image non vin"
"70000000-0000-0000-0000-00007000019c";"Hennessy Vanilla";"Hennessy — Hennessy Vanilla";"Hennessy";"Spiritueux";"Whisky";"";"";"700ml";"";"hennessy-hennessy-vanilla-412";"hennessy-hennessy-vanilla";"";"201.00";"";"Supabase";"/images/terminal-3/spirits/whisky/59001DFD-18ED-4E6A-8081-4CB4C5AC7CF9.PNG";"";"Incertain";"sous-catégorie incohérente: DB=VODKA image=Whisky"
"70000000-0000-0000-0000-00007000019d";"Remy Martin Mediterranean";"Remy Martin — Remy Martin Mediterranean";"Remy Martin";"Spiritueux";"Whisky";"";"";"700ml";"";"remy-martin-remy-martin-mediterranean-413";"remy-martin-remy-martin-mediterranean";"";"202.00";"";"Supabase";"/images/terminal-3/spirits/whisky/59715BE8-570F-4734-9FEA-856EE484BF4A.PNG";"";"Incertain";"sous-catégorie incohérente: DB=GIN image=Whisky"
"70000000-0000-0000-0000-00007000019e";"Petit Castel 2032";"Castel — Petit Castel 2032";"Castel";"Vins";"Whisky";"2032";"";"750ml";"";"shiloh-petit-castel-2032-414";"castel-petit-castel-2032";"";"133.00";"";"Supabase";"/images/terminal-3/spirits/whisky/5EC225F5-E57A-46F3-B310-CF58601766C5.PNG";"";"Incertain";"image non vin"
"70000000-0000-0000-0000-00007000019f";"Havana Club Elite";"Havana — Havana Club Elite";"Havana";"Spiritueux";"Whisky";"";"";"700ml";"";"havana-club-havana-club-elite-415";"havana-havana-club-elite";"";"204.00";"";"Supabase";"/images/terminal-3/spirits/whisky/5F56DA89-A777-4E58-A29E-1D6F36785DB5.PNG";"";"Incertain";"sous-catégorie incohérente: DB=ARAK image=Whisky"
"70000000-0000-0000-0000-0000700001a0";"Bacardi Reserve";"Bacardi — Bacardi Reserve";"Bacardi";"Spiritueux";"Whisky";"";"";"700ml";"";"bacardi-bacardi-reserve-416";"bacardi-bacardi-reserve";"";"205.00";"";"Supabase";"/images/terminal-3/spirits/whisky/5F95D383-AF3F-452F-8A8C-0CECF4E4CCAA.PNG";"";"Incertain";"sous-catégorie incohérente: DB=WHISKY image=Whisky"
"70000000-0000-0000-0000-0000700001a1";"Merlot 2035";"Merlot 2035";"";"Vins";"Whisky";"2035";"";"750ml";"";"recanati-merlot-2035-417";"merlot-2035";"";"136.00";"";"Supabase";"/images/terminal-3/spirits/whisky/5FFD879F-A882-4196-BBDC-A55BC9C9BFAB.PNG";"";"Incertain";"marque non détectée, image non vin"
"70000000-0000-0000-0000-0000700001a2";"Don Julio Black";"Don Julio — Don Julio Black";"Don Julio";"Spiritueux";"Whisky";"";"";"700ml";"";"don-julio-don-julio-black-418";"don-julio-don-julio-black";"";"207.00";"";"Supabase";"/images/terminal-3/spirits/whisky/605619A2-1CDE-417C-9AA8-5339206F89C4.PNG";"";"Incertain";"sous-catégorie incohérente: DB=RHUM image=Whisky"
"70000000-0000-0000-0000-0000700001a3";"Patrón";"Patrón — Patrón";"Patrón";"Spiritueux";"Whisky";"";"";"700ml";"";"patron-patron-419";"patron-patron";"";"208.00";"";"Supabase";"/images/terminal-3/spirits/whisky/60DC1DFD-0E50-42FF-B08B-32DD2AFD7EFD.PNG";"";"Incertain";"sous-catégorie incohérente: DB=TEQUILA image=Whisky"
"70000000-0000-0000-0000-0000700001a4";"Syrah 2018";"Syrah 2018";"";"Vins";"Whisky";"2018";"";"750ml";"";"domaine-du-castel-syrah-2018-420";"syrah-2018";"";"79.00";"";"Supabase";"/images/terminal-3/spirits/whisky/60EFF1AB-F17C-4BA9-83EC-4E7EC4B9F6F3.PNG";"";"Incertain";"marque non détectée, image non vin"
"70000000-0000-0000-0000-0000700001a5";"Grey Goose Navy Strength";"Grey Goose — Grey Goose Navy Strength";"Grey Goose";"Spiritueux";"Whisky";"";"";"700ml";"";"grey-goose-grey-goose-navy-strength-421";"grey-goose-grey-goose-navy-strength";"";"210.00";"";"Supabase";"/images/terminal-3/spirits/whisky/60FBEA0B-017E-4001-8F20-4ECF472CB238.PNG";"";"Incertain";"sous-catégorie incohérente: DB=GIN image=Whisky"
"70000000-0000-0000-0000-0000700001a6";"Belvedere Orange";"Belvedere — Belvedere Orange";"Belvedere";"Spiritueux";"Whisky";"";"";"700ml";"";"belvedere-belvedere-orange-422";"belvedere-belvedere-orange";"";"211.00";"";"Supabase";"/images/terminal-3/spirits/whisky/6217197E-9F43-4B6E-9B04-112CF4E51C4A.PNG";"";"Incertain";"sous-catégorie incohérente: DB=LIQUEUR image=Whisky"
"70000000-0000-0000-0000-0000700001a7";"Rouge de Galilée 2021";"Rouge de Galilée 2021";"";"Vins";"Whisky";"2021";"";"750ml";"";"carmel-rouge-de-galilee-2021-423";"rouge-de-galilee-2021";"";"82.00";"";"Supabase";"/images/terminal-3/spirits/whisky/62C0E7FF-2391-4F24-BD5C-C910DDB00F0A.PNG";"";"Incertain";"marque non détectée, image non vin"
"70000000-0000-0000-0000-0000700001a8";"Bombay Sapphire Double Wood";"Bombay — Bombay Sapphire Double Wood";"Bombay";"Spiritueux";"Whisky";"";"";"700ml";"";"bombay-sapphire-bombay-sapphire-double-wood-424";"bombay-bombay-sapphire-double-wood";"";"213.00";"";"Supabase";"/images/terminal-3/spirits/whisky/63A683B5-CAEB-44EB-866F-DDCFF8E5E37B.PNG";"";"Incertain";"sous-catégorie incohérente: DB=WHISKY image=Whisky"
"70000000-0000-0000-0000-0000700001a9";"Tanqueray";"Tanqueray — Tanqueray";"Tanqueray";"Spiritueux";"Whisky";"";"";"700ml";"";"tanqueray-tanqueray-425";"tanqueray-tanqueray";"";"214.00";"";"Supabase";"/images/terminal-3/spirits/whisky/63B5A750-89FC-472F-8FFE-08B5DA5B4BAF.PNG";"";"Incertain";"sous-catégorie incohérente: DB=COGNAC image=Whisky"
"70000000-0000-0000-0000-0000700001aa";"Rosé 2024";"Rosé — Rosé 2024";"Rosé";"Vins";"Whisky";"2024";"";"750ml";"";"galil-mountain-rose-2024-426";"rose-rose-2024";"";"85.00";"";"Supabase";"/images/terminal-3/spirits/whisky/65467B2A-3665-4B87-BA01-45C84033D082.PNG";"";"Incertain";"image non vin"
"70000000-0000-0000-0000-0000700001ab";"Macallan Añejo";"Macallan — Macallan Añejo";"Macallan";"Spiritueux";"Whisky";"";"";"700ml";"";"macallan-macallan-anejo-427";"macallan-macallan-anejo";"";"216.00";"";"Supabase";"/images/terminal-3/spirits/whisky/65CEE68A-2DAD-4777-AE5E-6EA5626CEA83.PNG";"";"Incertain";"sous-catégorie incohérente: DB=TEQUILA image=Whisky"
"70000000-0000-0000-0000-0000700001ac";"Talisker Berry";"Talisker — Talisker Berry";"Talisker";"Spiritueux";"Whisky";"";"";"700ml";"";"talisker-talisker-berry-428";"talisker-talisker-berry";"";"217.00";"";"Supabase";"/images/terminal-3/spirits/whisky/6B00DDA2-DA8A-4922-A3A2-7202DD1CE503.PNG";"";"Incertain";"sous-catégorie incohérente: DB=VODKA image=Whisky"
"70000000-0000-0000-0000-0000700001ad";"Viognier 2027";"Viognier 2027";"";"Vins";"Whisky";"2027";"";"750ml";"";"shiloh-viognier-2027-429";"viognier-2027";"";"88.00";"";"Supabase";"/images/terminal-3/spirits/whisky/6B30A549-8FC5-4513-BC56-B85CA0DA3199.PNG";"";"Incertain";"marque non détectée, image non vin"
"70000000-0000-0000-0000-0000700001ae";"Laphroaig Original";"Laphroaig — Laphroaig Original";"Laphroaig";"Spiritueux";"Whisky";"";"";"700ml";"";"laphroaig-laphroaig-original-430";"laphroaig-laphroaig-original";"";"219.00";"";"Supabase";"/images/terminal-3/spirits/whisky/707C963F-FFFB-44EE-82D1-0482E1B47522.PNG";"";"Incertain";"sous-catégorie incohérente: DB=LIQUEUR image=Whisky"
"70000000-0000-0000-0000-0000700001af";"Ardbeg Classic";"Ardbeg — Ardbeg Classic";"Ardbeg";"Spiritueux";"Whisky";"";"";"700ml";"";"ardbeg-ardbeg-classic-431";"ardbeg-ardbeg-classic";"";"220.00";"";"Supabase";"/images/terminal-3/spirits/whisky/731C329D-EF7D-4B68-A64D-BB8713481C76.PNG";"";"Incertain";"sous-catégorie incohérente: DB=ARAK image=Whisky"
"70000000-0000-0000-0000-0000700001b0";"Petit Castel 2030";"Castel — Petit Castel 2030";"Castel";"Vins";"Whisky";"2030";"";"750ml";"";"recanati-petit-castel-2030-432";"castel-petit-castel-2030";"";"91.00";"";"Supabase";"/images/terminal-3/spirits/whisky/73817F22-7CC3-4CB6-AFE3-CA1A82E52BCD.PNG";"";"Incertain";"image non vin"
"70000000-0000-0000-0000-0000700001b1";"Hibiki V.S.O.P";"Hibiki — Hibiki V.S.O.P";"Hibiki";"Spiritueux";"Whisky";"";"";"700ml";"";"hibiki-hibiki-v-s-o-p-433";"hibiki-hibiki-v-s-o-p";"";"222.00";"";"Supabase";"/images/terminal-3/spirits/whisky/73AD132E-1FAA-4792-B342-5434A2A5164D.PNG";"";"Incertain";"sous-catégorie incohérente: DB=COGNAC image=Whisky"
"70000000-0000-0000-0000-0000700001b2";"Nikka 7 ans";"Nikka — Nikka 7 ans";"Nikka";"Spiritueux";"Whisky";"";"7";"700ml";"";"nikka-nikka-7-ans-434";"nikka-nikka-7-ans";"";"223.00";"";"Supabase";"/images/terminal-3/spirits/whisky/744D4A59-AFF0-489B-BBDA-55587D68183C.PNG";"";"Incertain";"sous-catégorie incohérente: DB=RHUM image=Whisky"
"70000000-0000-0000-0000-0000700001b3";"Merlot 2033";"Merlot 2033";"";"Vins";"Whisky";"2033";"";"750ml";"";"domaine-du-castel-merlot-2033-435";"merlot-2033";"";"94.00";"";"Supabase";"/images/terminal-3/spirits/whisky/74DA2334-57C3-4FD1-B5F9-54C58DA1337F.PNG";"";"Incertain";"marque non détectée, image non vin"
"70000000-0000-0000-0000-0000700001b4";"Canadian Club Citrus";"Canadian Club — Canadian Club Citrus";"Canadian Club";"Spiritueux";"Whisky";"";"";"700ml";"";"canadian-club-canadian-club-citrus-436";"canadian-club-canadian-club-citrus";"";"225.00";"";"Supabase";"/images/terminal-3/spirits/whisky/763CBF1B-765B-44C4-A10C-498997391722.PNG";"";"Incertain";"sous-catégorie incohérente: DB=VODKA image=Whisky"
"70000000-0000-0000-0000-0000700001b5";"Ballantine's Floral";"Ballantine's — Ballantine's Floral";"Ballantine's";"Spiritueux";"Whisky";"";"";"700ml";"";"ballantine-s-ballantine-s-floral-437";"ballantine-s-ballantine-s-floral";"";"226.00";"";"Supabase";"/images/terminal-3/spirits/whisky/7998E75E-45E6-4321-BFF3-12046750A96E.PNG";"";"Incertain";"sous-catégorie incohérente: DB=GIN image=Whisky"
"70000000-0000-0000-0000-0000700001b6";"Syrah 2036";"Syrah 2036";"";"Vins";"Whisky";"2036";"";"750ml";"";"carmel-syrah-2036-438";"syrah-2036";"";"97.00";"";"Supabase";"/images/terminal-3/spirits/whisky/7B31356E-469A-417C-B485-A432D7C5C9D3.PNG";"";"Incertain";"marque non détectée, image non vin"
"70000000-0000-0000-0000-0000700001b7";"Teacher's";"Teacher's — Teacher's";"Teacher's";"Spiritueux";"Whisky";"";"";"700ml";"";"teacher-s-teacher-s-439";"teacher-s-teacher-s";"";"228.00";"";"Supabase";"/images/terminal-3/spirits/whisky/7EECAD02-EA68-4448-97BF-995C7F873D77.PNG";"";"Incertain";"sous-catégorie incohérente: DB=ARAK image=Whisky"
"70000000-0000-0000-0000-0000700001b8";"Dewar's";"Dewar's — Dewar's";"Dewar's";"Spiritueux";"Whisky";"";"";"700ml";"";"dewar-s-dewar-s-440";"dewar-s-dewar-s";"";"229.00";"";"Supabase";"/images/terminal-3/spirits/whisky/7FD74C28-D3BC-41AE-AFE1-80E87D1F4464.PNG";"";"Incertain";"sous-catégorie incohérente: DB=WHISKY image=Whisky"
"70000000-0000-0000-0000-0000700001b9";"Rouge de Galilée 2019";"Rouge de Galilée 2019";"";"Vins";"Whisky";"2019";"";"750ml";"";"galil-mountain-rouge-de-galilee-2019-441";"rouge-de-galilee-2019";"";"100.00";"";"Supabase";"/images/terminal-3/spirits/whisky/81D26C13-E97B-4152-A85E-1819984A8202.PNG";"";"Incertain";"marque non détectée, image non vin"
"70000000-0000-0000-0000-0000700001ba";"Tullamore Dew 12 ans";"Tullamore — Tullamore Dew 12 ans";"Tullamore";"Spiritueux";"Whisky";"";"12";"700ml";"";"tullamore-dew-tullamore-dew-12-ans-442";"tullamore-tullamore-dew-12-ans";"";"231.00";"";"Supabase";"/images/terminal-3/spirits/whisky/84BF830C-8E63-407B-BE4B-A4905547F78A.PNG";"";"Incertain";"sous-catégorie incohérente: DB=RHUM image=Whisky"
"70000000-0000-0000-0000-0000700001bb";"Ararat Extra Añejo";"Ararat — Ararat Extra Añejo";"Ararat";"Spiritueux";"Whisky";"";"";"700ml";"";"ararat-ararat-extra-anejo-443";"ararat-ararat-extra-anejo";"";"232.00";"";"Supabase";"/images/terminal-3/spirits/whisky/84F84950-BD42-4350-B2AD-A6CA9C278029.PNG";"";"Incertain";"sous-catégorie incohérente: DB=TEQUILA image=Whisky"
"70000000-0000-0000-0000-000070000160";"Jack Daniel's 18 ans";"Jack Daniel's — Jack Daniel's 18 ans";"Jack Daniel's";"Spiritueux";"Whisky";"";"18";"700ml";"";"jack-daniel-s-jack-daniel-s-18-ans-352";"jack-daniel-s-jack-daniel-s-18-ans";"";"141.00";"";"Supabase";"/images/terminal-3/spirits/whisky/01A5E5C6-92D5-4B38-9066-24326ABBEF3E.PNG";"";"Incertain";"sous-catégorie incohérente: DB=WHISKY image=Whisky"
"70000000-0000-0000-0000-0000700001bc";"Rosé 2022";"Rosé — Rosé 2022";"Rosé";"Vins";"Whisky";"2022";"";"750ml";"";"shiloh-rose-2022-444";"rose-rose-2022";"";"103.00";"";"Supabase";"/images/terminal-3/spirits/whisky/863E2BE4-4DB0-44BB-97F2-F01D61B5F2D3.PNG";"";"Incertain";"image non vin"
"70000000-0000-0000-0000-0000700001bd";"Ketel One London Dry";"Ketel — Ketel One London Dry";"Ketel";"Spiritueux";"Whisky";"";"";"700ml";"";"ketel-one-ketel-one-london-dry-445";"ketel-ketel-one-london-dry";"";"234.00";"";"Supabase";"/images/terminal-3/spirits/whisky/885D646D-93D1-42D7-89B8-1DC0FEDDBEB2.PNG";"";"Incertain";"sous-catégorie incohérente: DB=GIN image=Whisky"
"70000000-0000-0000-0000-0000700001be";"Cîroc Cream";"Cîroc — Cîroc Cream";"Cîroc";"Spiritueux";"Whisky";"";"";"700ml";"";"ciroc-ciroc-cream-446";"ciroc-ciroc-cream";"";"235.00";"";"Supabase";"/images/terminal-3/spirits/whisky/887DF729-18BD-48B7-AEB6-6A7FDC3894CB.PNG";"";"Incertain";"sous-catégorie incohérente: DB=LIQUEUR image=Whisky"
"70000000-0000-0000-0000-0000700001bf";"Viognier 2025";"Viognier 2025";"";"Vins";"Whisky";"2025";"";"750ml";"";"recanati-viognier-2025-447";"viognier-2025";"";"106.00";"";"Supabase";"/images/terminal-3/spirits/whisky/891A20A5-EF42-4D41-871F-07227A7D18B9.PNG";"";"Incertain";"marque non détectée, image non vin"
"70000000-0000-0000-0000-0000700001c0";"Stolichnaya 12 ans";"Stolichnaya — Stolichnaya 12 ans";"Stolichnaya";"Spiritueux";"Whisky";"";"12";"700ml";"";"stolichnaya-stolichnaya-12-ans-448";"stolichnaya-stolichnaya-12-ans";"";"237.00";"";"Supabase";"/images/terminal-3/spirits/whisky/8BDC6378-F8C5-494B-ADA5-5A18ED3AEF23.PNG";"";"Incertain";"sous-catégorie incohérente: DB=WHISKY image=Whisky"
"70000000-0000-0000-0000-0000700001c1";"Smirnoff";"Smirnoff — Smirnoff";"Smirnoff";"Spiritueux";"Whisky";"";"";"700ml";"";"smirnoff-smirnoff-449";"smirnoff-smirnoff";"";"238.00";"";"Supabase";"/images/terminal-3/spirits/whisky/91357CA6-1FE0-465F-BD51-446ACDC4B121.PNG";"";"Incertain";"sous-catégorie incohérente: DB=COGNAC image=Whisky"
"70000000-0000-0000-0000-0000700001c2";"Petit Castel 2028";"Castel — Petit Castel 2028";"Castel";"Vins";"Whisky";"2028";"";"750ml";"";"domaine-du-castel-petit-castel-2028-450";"castel-petit-castel-2028";"";"109.00";"";"Supabase";"/images/terminal-3/spirits/whisky/92003B9A-823A-458C-90E4-C569027F0092.PNG";"";"Incertain";"image non vin"
"70000000-0000-0000-0000-0000700001c3";"Kahlúa Reposado";"Kahlúa — Kahlúa Reposado";"Kahlúa";"Spiritueux";"Whisky";"";"";"700ml";"";"kahlua-kahlua-reposado-451";"kahlua-kahlua-reposado";"";"90.00";"";"Supabase";"/images/terminal-3/spirits/whisky/92052200-8F02-467D-924C-8A5F0A9DD944.PNG";"";"Incertain";"sous-catégorie incohérente: DB=TEQUILA image=Whisky"
"70000000-0000-0000-0000-0000700001c4";"Amarula Vanilla";"Amarula — Amarula Vanilla";"Amarula";"Spiritueux";"Whisky";"";"";"700ml";"";"amarula-amarula-vanilla-452";"amarula-amarula-vanilla";"";"91.00";"";"Supabase";"/images/terminal-3/spirits/whisky/932C99A8-0DAF-444F-9361-C1A1C7F30A84.PNG";"";"Incertain";"sous-catégorie incohérente: DB=VODKA image=Whisky"
"70000000-0000-0000-0000-0000700001c5";"Merlot 2031";"Merlot 2031";"";"Vins";"Whisky";"2031";"";"750ml";"";"carmel-merlot-2031-453";"merlot-2031";"";"112.00";"";"Supabase";"/images/terminal-3/spirits/whisky/9391CA31-BFF2-4641-9076-764A0085C267.PNG";"";"Incertain";"marque non détectée, image non vin"
"70000000-0000-0000-0000-0000700001c6";"Grand Marnier";"Grand Marnier — Grand Marnier";"Grand Marnier";"Spiritueux";"Whisky";"";"";"700ml";"";"grand-marnier-grand-marnier-454";"grand-marnier-grand-marnier";"";"93.00";"";"Supabase";"/images/terminal-3/spirits/whisky/94C04090-203C-41D3-8926-A9215EFD657E.PNG";"";"Incertain";"sous-catégorie incohérente: DB=LIQUEUR image=Whisky"
"70000000-0000-0000-0000-0000700001c7";"Campari Elite";"Campari — Campari Elite";"Campari";"Spiritueux";"Whisky";"";"";"700ml";"";"campari-campari-elite-455";"campari-campari-elite";"";"94.00";"";"Supabase";"/images/terminal-3/spirits/whisky/95009844-0AE6-406E-B1F2-5BEA0C729D2E.PNG";"";"Incertain";"sous-catégorie incohérente: DB=ARAK image=Whisky"
"70000000-0000-0000-0000-0000700001c8";"Syrah 2034";"Syrah 2034";"";"Vins";"Whisky";"2034";"";"750ml";"";"galil-mountain-syrah-2034-456";"syrah-2034";"";"115.00";"";"Supabase";"/images/terminal-3/spirits/whisky/98F96E98-090C-4CAB-8B51-44D0CF28147B.PNG";"";"Incertain";"marque non détectée, image non vin"
"70000000-0000-0000-0000-0000700001c9";"Ricard V.S.O.P";"Ricard — Ricard V.S.O.P";"Ricard";"Spiritueux";"Whisky";"";"";"700ml";"";"ricard-ricard-v-s-o-p-457";"ricard-ricard-v-s-o-p";"";"96.00";"";"Supabase";"/images/terminal-3/spirits/whisky/9B18948C-45F7-48E8-9AF3-E390878AADA5.PNG";"";"Incertain";"sous-catégorie incohérente: DB=COGNAC image=Whisky"
"70000000-0000-0000-0000-0000700001ca";"Pernod Blanc";"Pernod — Pernod Blanc";"Pernod";"Spiritueux";"Whisky";"";"";"700ml";"";"pernod-pernod-blanc-458";"pernod-pernod-blanc";"";"97.00";"";"Supabase";"/images/terminal-3/spirits/whisky/9B3C670B-8317-48CA-90DE-E569B9559545.PNG";"";"Incertain";"sous-catégorie incohérente: DB=RHUM image=Whisky"
"70000000-0000-0000-0000-0000700001cb";"Rouge de Galilée 2037";"Rouge de Galilée 2037";"";"Vins";"Whisky";"2037";"";"750ml";"";"shiloh-rouge-de-galilee-2037-459";"rouge-de-galilee-2037";"";"118.00";"";"Supabase";"/images/terminal-3/spirits/whisky/9B5D5953-44A3-4EBE-A333-12B078C69ADB.PNG";"";"Incertain";"marque non détectée, image non vin"
"70000000-0000-0000-0000-0000700001cc";"Arak Elite Original";"Arak — Arak Elite Original";"Arak";"Spiritueux";"Whisky";"";"";"700ml";"";"arak-elite-arak-elite-original-460";"arak-arak-elite-original";"";"99.00";"";"Supabase";"/images/terminal-3/spirits/whisky/9C9C00F6-3C60-4E23-A0D7-0377A23C14BF.PNG";"";"Incertain";"sous-catégorie incohérente: DB=VODKA image=Whisky"
"70000000-0000-0000-0000-0000700001cd";"Askalon Navy Strength";"Askalon — Askalon Navy Strength";"Askalon";"Spiritueux";"Whisky";"";"";"700ml";"";"askalon-askalon-navy-strength-461";"askalon-askalon-navy-strength";"";"100.00";"";"Supabase";"/images/terminal-3/spirits/whisky/9CE3992A-D05E-4375-BD12-095551B0AB4E.PNG";"";"Incertain";"sous-catégorie incohérente: DB=GIN image=Whisky"
"70000000-0000-0000-0000-000070000162";"Rosé 2032";"Rosé — Rosé 2032";"Rosé";"Vins";"Whisky";"2032";"";"750ml";"";"shiloh-rose-2032-354";"rose-rose-2032";"";"133.00";"";"Supabase";"/images/terminal-3/spirits/whisky/02D73CCC-2ADF-4298-AF47-06A94ABF6227.PNG";"";"Incertain";"image non vin"
"70000000-0000-0000-0000-000070000163";"Remy Martin Blanco";"Remy Martin — Remy Martin Blanco";"Remy Martin";"Spiritueux";"Whisky";"";"";"700ml";"";"remy-martin-remy-martin-blanco-355";"remy-martin-remy-martin-blanco";"";"144.00";"";"Supabase";"/images/terminal-3/spirits/whisky/032D6722-04F1-4E8C-BEB6-913E3B0341CC.PNG";"";"Incertain";"sous-catégorie incohérente: DB=TEQUILA image=Whisky"